Amount(in rupees),Status,Transaction,Furnishing,facing,overlooking,Ownership,price_clean,area_sqft,floor_num,bathroom_num,balcony_num,car_parking_num,location_grouped,price_per_sqft
42 Lac ,Ready to Move,Resale,Unfurnished,,,,4200000.0,500.0,10.0,1.0,2.0,0.0,thane,8400.0
98 Lac ,Ready to Move,Resale,Semi-Furnished,East,Garden/Park,Freehold,9800000.0,473.0,3.0,2.0,0.0,1.0,thane,20718.816067653275
1.40 Cr ,Ready to Move,Resale,Unfurnished,East,Garden/Park,Freehold,14000000.0,779.0,10.0,2.0,0.0,1.0,thane,17971.758664955072
25 Lac ,Ready to Move,Resale,Unfurnished,,,,2500000.0,530.0,1.0,1.0,1.0,0.0,thane,4716.981132075472
1.60 Cr ,Ready to Move,Resale,Unfurnished,West,"Garden/Park, Main Road",Co-operative Society,16000000.0,635.0,20.0,2.0,0.0,1.0,thane,25196.850393700788
45 Lac ,Ready to Move,Resale,Unfurnished,East,"Garden/Park, Main Road",Co-operative Society,4500000.0,680.0,2.0,1.0,1.0,0.0,thane,6617.64705882353
16.5 Lac ,Ready to Move,Resale,Unfurnished,,,,1650000.0,550.0,4.0,1.0,0.0,0.0,thane,3000.0
60 Lac ,Ready to Move,Resale,Furnished,,,,6000000.0,575.0,0.0,1.0,0.0,0.0,thane,10434.782608695652
60 Lac ,Ready to Move,Resale,Furnished,,,Co-operative Society,6000000.0,600.0,0.0,1.0,0.0,0.0,thane,10000.0
1.60 Cr ,Ready to Move,Resale,Unfurnished,East,Garden/Park,Freehold,16000000.0,900.0,3.0,3.0,1.0,1.0,thane,17777.777777777777
1.40 Cr ,Ready to Move,Resale,Semi-Furnished,,Main Road,Co-operative Society,14000000.0,950.0,6.0,2.0,0.0,1.0,thane,14736.842105263158
1.36 Cr ,Ready to Move,Resale,Semi-Furnished,,,,13600000.000000002,1165.0,16.0,2.0,0.0,0.0,thane,11673.819742489271
1.35 Cr ,Ready to Move,Resale,Semi-Furnished,,,,13500000.0,844.0,8.0,2.0,0.0,0.0,thane,15995.26066350711
4.25 Cr ,Ready to Move,Resale,Semi-Furnished,East,Garden/Park,Freehold,42500000.0,1820.0,18.0,4.0,1.0,2.0,thane,23351.648351648353
75 Lac ,Ready to Move,Resale,Furnished,,,,7500000.0,650.0,2.0,1.0,0.0,0.0,thane,11538.461538461539
90 Lac ,Ready to Move,New Property,Unfurnished,North - East,"Garden/Park, Main Road",Freehold,9000000.0,675.0,10.0,2.0,1.0,1.0,thane,13333.333333333334
37 Lac ,Ready to Move,New Property,Unfurnished,East,Garden/Park,Freehold,3700000.0,647.0,5.0,1.0,2.0,0.0,thane,5718.701700154559
35 Lac ,Ready to Move,Resale,Unfurnished,,,,3500000.0,540.0,4.0,1.0,0.0,0.0,thane,6481.481481481482
90 Lac ,Ready to Move,Resale,Unfurnished,North - East,"Pool, Garden/Park, Main Road",Co-operative Society,9000000.0,600.0,20.0,2.0,0.0,66.0,thane,15000.0
35 Lac ,Ready to Move,Resale,Semi-Furnished,,,,3500000.0,520.0,3.0,1.0,1.0,1.0,thane,6730.7692307692305
54 Lac ,Ready to Move,Resale,Semi-Furnished,East,Garden/Park,Freehold,5400000.0,430.0,3.0,1.0,0.0,1.0,thane,12558.139534883721
1.65 Cr ,Ready to Move,Resale,Unfurnished,East,Garden/Park,Freehold,16500000.0,665.0,15.0,2.0,2.0,1.0,thane,24812.03007518797
85 Lac ,Ready to Move,Resale,Unfurnished,North,"Garden/Park, Pool, Main Road",Freehold,8500000.0,557.0,2.0,2.0,0.0,1.0,thane,15260.32315978456
1.28 Cr ,Ready to Move,Resale,Semi-Furnished,East,,Co-operative Society,12800000.0,870.0,27.0,2.0,1.0,0.0,thane,14712.643678160919
42 Lac ,Ready to Move,Resale,Furnished,,,,4200000.0,580.0,5.0,1.0,0.0,0.0,thane,7241.379310344828
24 Lac ,Ready to Move,Resale,Unfurnished,,Garden/Park,Freehold,2400000.0,288.0,3.0,1.0,1.0,0.0,thane,8333.333333333334
61 Lac ,Ready to Move,Resale,Unfurnished,,,,6100000.0,630.0,11.0,1.0,0.0,0.0,thane,9682.539682539682
1.75 Cr ,Ready to Move,Resale,Furnished,East,Garden/Park,Freehold,17500000.0,925.0,8.0,3.0,3.0,1.0,thane,18918.91891891892
47 Lac ,Ready to Move,New Property,Semi-Furnished,North - East,"Garden/Park, Main Road",Freehold,4700000.0,434.0,9.0,1.0,1.0,1.0,thane,10829.493087557603
3.20 Cr ,Ready to Move,Resale,Unfurnished,East,Garden/Park,Freehold,32000000.0,1350.0,16.0,3.0,1.0,2.0,thane,23703.703703703704
1.98 Cr ,Ready to Move,Resale,Semi-Furnished,East,"Garden/Park, Main Road",Freehold,19800000.0,850.0,14.0,2.0,2.0,1.0,thane,23294.117647058825
83 Lac ,Ready to Move,Resale,Semi-Furnished,East,Main Road,Power Of Attorney,8300000.0,467.0,12.0,2.0,1.0,1.0,thane,17773.019271948608
1.42 Cr ,Ready to Move,Resale,Semi-Furnished,East,"Garden/Park, Main Road",Freehold,14200000.0,849.0,1.0,3.0,0.0,1.0,thane,16725.55948174323
54 Lac ,Ready to Move,Resale,Furnished,East,Garden/Park,Freehold,5400000.0,440.0,2.0,2.0,3.0,0.0,thane,12272.727272727272
26 Lac ,Ready to Move,Resale,Semi-Furnished,,,,2600000.0,690.0,5.0,1.0,3.0,0.0,thane,3768.1159420289855
70 Lac ,Ready to Move,Resale,Semi-Furnished,,,,7000000.0,750.0,2.0,1.0,0.0,0.0,thane,9333.333333333334
1.18 Cr ,Ready to Move,New Property,Unfurnished,East,"Garden/Park, Pool, Main Road",Freehold,11800000.0,639.0,16.0,2.0,1.0,1.0,thane,18466.353677621282
35 Lac ,Ready to Move,Resale,Unfurnished,,,,3500000.0,600.0,2.0,2.0,3.0,0.0,thane,5833.333333333333
20 Lac ,Ready to Move,Resale,Unfurnished,East,,,2000000.0,482.0,3.0,1.0,2.0,1.0,thane,4149.377593360996
70 Lac ,Ready to Move,Resale,Semi-Furnished,,,,7000000.0,1100.0,2.0,2.0,0.0,0.0,thane,6363.636363636364
37 Lac ,Ready to Move,Resale,Furnished,North,"Garden/Park, Pool, Main Road",Freehold,3700000.0,770.0,12.0,2.0,2.0,0.0,thane,4805.194805194805
60 Lac ,Ready to Move,Resale,Unfurnished,,,,6000000.0,530.0,3.0,2.0,0.0,0.0,thane,11320.754716981131
70 Lac ,Ready to Move,Resale,Semi-Furnished,North,Garden/Park,Freehold,7000000.0,923.0,2.0,2.0,2.0,1.0,thane,7583.965330444204
1.10 Cr ,Ready to Move,Resale,Semi-Furnished,North,Garden/Park,Co-operative Society,11000000.0,620.0,5.0,1.0,1.0,1.0,thane,17741.935483870966
1.05 Cr ,Ready to Move,Resale,Unfurnished,North - East,"Garden/Park, Pool, Main Road",Co-operative Society,10500000.0,550.0,6.0,2.0,0.0,0.0,thane,19090.909090909092
24 Lac ,Ready to Move,Resale,Semi-Furnished,East,Garden/Park,Freehold,2400000.0,367.0,1.0,1.0,0.0,0.0,thane,6539.509536784741
78 Lac ,Ready to Move,Resale,Unfurnished,East,Garden/Park,Freehold,7800000.0,600.0,5.0,2.0,1.0,0.0,thane,13000.0
1.55 Cr ,Ready to Move,Resale,Semi-Furnished,East,Garden/Park,Freehold,15500000.0,880.0,7.0,2.0,0.0,1.0,thane,17613.636363636364
47 Lac ,Ready to Move,Resale,Unfurnished,East,Garden/Park,Freehold,4700000.0,380.0,2.0,1.0,1.0,1.0,thane,12368.421052631578
32 Lac ,Ready to Move,Resale,Unfurnished,,Garden/Park,Co-operative Society,3200000.0,381.0,1.0,1.0,0.0,1.0,thane,8398.950131233596
23 Lac ,Ready to Move,Resale,Semi-Furnished,,"Garden/Park, Main Road",Co-operative Society,2300000.0,375.0,7.0,1.0,1.0,0.0,thane,6133.333333333333
1 Cr ,Ready to Move,Resale,Unfurnished,North - East,Main Road,Co-operative Society,10000000.0,636.0,10.0,2.0,3.0,0.0,thane,15723.270440251572
50 Lac ,Ready to Move,Resale,Unfurnished,,Garden/Park,Freehold,5000000.0,590.0,4.0,1.0,3.0,1.0,thane,8474.57627118644
30 Lac ,,Resale,Unfurnished,,Main Road,Co-operative Society,3000000.0,860.0,6.0,2.0,1.0,0.0,thane,3488.3720930232557
70 Lac ,Ready to Move,Resale,Unfurnished,North - West,"Garden/Park, Main Road",Co-operative Society,7000000.0,600.0,14.0,2.0,2.0,0.0,thane,11666.666666666666
1.20 Cr ,Ready to Move,Resale,Semi-Furnished,East,"Garden/Park, Main Road",Co-operative Society,12000000.0,661.0,21.0,2.0,1.0,1.0,thane,18154.311649016643
51 Lac ,Ready to Move,Resale,Unfurnished,North,Main Road,Freehold,5100000.0,686.0,5.0,2.0,1.0,0.0,thane,7434.402332361516
1.55 Cr ,Ready to Move,Resale,Unfurnished,North - East,"Garden/Park, Main Road",Co-operative Society,15500000.0,950.0,7.0,3.0,2.0,1.0,thane,16315.78947368421
30 Lac ,Ready to Move,Resale,Unfurnished,East,"Garden/Park, Main Road",Freehold,3000000.0,504.0,6.0,1.0,1.0,1.0,thane,5952.380952380952
1.90 Cr ,Ready to Move,Resale,Semi-Furnished,East,Garden/Park,Freehold,19000000.0,799.0,14.0,2.0,0.0,1.0,thane,23779.724655819773
40 Lac ,Ready to Move,Resale,Unfurnished,,,,4000000.0,500.0,3.0,1.0,0.0,0.0,thane,8000.0
60 Lac ,Ready to Move,New Property,Semi-Furnished,East,Garden/Park,Freehold,6000000.0,320.0,2.0,1.0,0.0,0.0,thane,18750.0
85 Lac ,Ready to Move,Resale,Furnished,East,,Co-operative Society,8500000.0,650.0,3.0,2.0,0.0,0.0,thane,13076.923076923076
43 Lac ,Ready to Move,Resale,Unfurnished,East,Garden/Park,Freehold,4300000.0,586.0,1.0,2.0,1.0,1.0,thane,7337.883959044369
85 Lac ,Ready to Move,Resale,Unfurnished,,,,8500000.0,1000.0,2.0,2.0,0.0,0.0,thane,8500.0
2.60 Cr ,Ready to Move,Resale,Semi-Furnished,East,"Garden/Park, Main Road",Freehold,26000000.0,1200.0,7.0,3.0,1.0,701.0,thane,21666.666666666668
1.55 Cr ,Ready to Move,Resale,Semi-Furnished,East,,Co-operative Society,15500000.0,741.0,4.0,2.0,2.0,1.0,thane,20917.678812415656
2.65 Cr ,Ready to Move,Resale,Semi-Furnished,East,,Co-operative Society,26500000.0,1200.0,4.0,3.0,3.0,2.0,thane,22083.333333333332
60 Lac ,Ready to Move,Resale,Unfurnished,East,"Garden/Park, Main Road",Co-operative Society,6000000.0,590.0,7.0,2.0,1.0,1.0,thane,10169.49152542373
1.10 Cr ,Ready to Move,Resale,Unfurnished,East,Main Road,Freehold,11000000.0,960.0,1.0,3.0,2.0,1.0,thane,11458.333333333334
35 Lac ,Ready to Move,Resale,Unfurnished,,,,3500000.0,785.0,5.0,1.0,0.0,0.0,thane,4458.598726114649
32 Lac ,Ready to Move,Resale,Unfurnished,,,,3200000.0,477.0,2.0,1.0,0.0,0.0,thane,6708.595387840671
2.40 Cr ,Ready to Move,New Property,Unfurnished,East,Garden/Park,Freehold,24000000.0,1168.0,20.0,3.0,1.0,2.0,thane,20547.945205479453
3.10 Cr ,Ready to Move,New Property,Unfurnished,East,"Pool, Garden/Park, Main Road",Freehold,31000000.0,2050.0,10.0,3.0,0.0,0.0,thane,15121.951219512195
78 Lac ,,Resale,Unfurnished,North - East,Main Road,Freehold,7800000.0,800.0,15.0,2.0,3.0,0.0,thane,9750.0
45 Lac ,Ready to Move,Resale,Unfurnished,,,Co-operative Society,4500000.0,500.0,8.0,1.0,1.0,0.0,thane,9000.0
2 Cr ,Ready to Move,Resale,Furnished,,,,20000000.0,1200.0,-1.0,3.0,1.0,0.0,thane,16666.666666666668
50 Lac ,Ready to Move,Resale,Unfurnished,East,,Co-operative Society,5000000.0,640.0,5.0,2.0,0.0,0.0,thane,7812.5
1.60 Cr ,Ready to Move,Resale,Unfurnished,East,"Garden/Park, Main Road",Freehold,16000000.0,920.0,8.0,2.0,2.0,0.0,thane,17391.304347826088
22 Lac ,Ready to Move,Resale,Unfurnished,,,,2200000.0,400.0,4.0,1.0,3.0,0.0,thane,5500.0
79 Lac ,Ready to Move,Resale,Semi-Furnished,North - East,,Freehold,7900000.0,460.0,2.0,2.0,1.0,1.0,thane,17173.91304347826
30 Lac ,Ready to Move,Resale,Unfurnished,,,,3000000.0,930.0,7.0,2.0,2.0,1.0,thane,3225.8064516129034
48 Lac ,Ready to Move,Resale,Unfurnished,East,"Garden/Park, Pool, Main Road",Co-operative Society,4800000.0,404.0,8.0,1.0,1.0,0.0,thane,11881.18811881188
75.2 Lac ,Ready to Move,New Property,Unfurnished,East,"Garden/Park, Main Road",Freehold,7520000.0,624.0,3.0,2.0,2.0,1.0,thane,12051.28205128205
1.32 Cr ,Ready to Move,Resale,Unfurnished,East,,,13200000.0,1430.0,2.0,2.0,1.0,0.0,thane,9230.76923076923
28 Lac ,Ready to Move,Resale,Unfurnished,East,Garden/Park,Freehold,2800000.0,510.0,2.0,1.0,1.0,0.0,thane,5490.196078431372
77 Lac ,Ready to Move,Resale,Unfurnished,East,"Garden/Park, Main Road",Freehold,7700000.0,450.0,15.0,2.0,2.0,1.0,thane,17111.11111111111
1 Cr ,Ready to Move,Resale,Semi-Furnished,,,,10000000.0,510.0,4.0,1.0,1.0,0.0,thane,19607.843137254902
50 Lac ,Ready to Move,Resale,Furnished,,,,5000000.0,700.0,3.0,2.0,0.0,0.0,thane,7142.857142857143
25 Lac ,Ready to Move,Resale,Semi-Furnished,East,,Freehold,2500000.0,550.0,3.0,1.0,0.0,1.0,thane,4545.454545454545
53 Lac ,Ready to Move,Resale,Semi-Furnished,North,Main Road,Freehold,5300000.0,420.0,21.0,2.0,0.0,1.0,thane,12619.047619047618
1.65 Cr ,Ready to Move,Resale,Semi-Furnished,East,Garden/Park,Freehold,16500000.0,744.0,5.0,2.0,0.0,1.0,thane,22177.41935483871
60 Lac ,Ready to Move,Resale,Unfurnished,,,,6000000.0,675.0,3.0,2.0,0.0,0.0,thane,8888.888888888889
1.19 Cr ,Ready to Move,Resale,Semi-Furnished,East,"Garden/Park, Pool",Freehold,11900000.0,740.0,5.0,2.0,1.0,1.0,thane,16081.081081081082
90 Lac ,Ready to Move,Resale,Furnished,,,,9000000.0,1127.0,1.0,2.0,3.0,0.0,thane,7985.8030168589175
68 Lac ,Ready to Move,Resale,Semi-Furnished,,,,6800000.0,479.0,0.0,2.0,1.0,0.0,thane,14196.242171189979
50 Lac ,Ready to Move,New Property,Unfurnished,East,"Garden/Park, Main Road",Freehold,5000000.0,445.0,5.0,1.0,1.0,0.0,thane,11235.955056179775
90 Lac ,Ready to Move,Resale,Semi-Furnished,North,Garden/Park,Freehold,9000000.0,686.0,3.0,2.0,1.0,1.0,thane,13119.533527696793
4 Cr ,Ready to Move,Resale,Semi-Furnished,,,,40000000.0,1600.0,4.0,4.0,4.0,0.0,thane,25000.0
48 Lac ,Ready to Move,Resale,Furnished,,,,4800000.0,625.0,1.0,1.0,1.0,0.0,thane,7680.0
75 Lac ,Ready to Move,Resale,Semi-Furnished,West,Main Road,Co-operative Society,7500000.0,1305.0,6.0,3.0,0.0,0.0,thane,5747.126436781609
51 Lac ,Ready to Move,Resale,Furnished,,,,5100000.0,540.0,1.0,1.0,0.0,0.0,thane,9444.444444444445
68.6 Lac ,Ready to Move,New Property,Unfurnished,,,,6859999.999999999,739.0,,2.0,0.0,1.0,thane,9282.814614343706
99 Lac ,Ready to Move,Resale,Semi-Furnished,,,,9900000.0,556.0,29.0,2.0,0.0,0.0,thane,17805.755395683453
44.3 Lac ,Ready to Move,Resale,Semi-Furnished,North - East,Garden/Park,Co-operative Society,4430000.0,410.0,1.0,1.0,3.0,1.0,thane,10804.878048780487
55 Lac ,Ready to Move,Resale,Unfurnished,,,,5500000.0,775.0,10.0,2.0,4.0,0.0,thane,7096.774193548387
33 Lac ,Ready to Move,Resale,Unfurnished,,,,3300000.0,400.0,3.0,1.0,1.0,0.0,thane,8250.0
1.65 Cr ,Ready to Move,Resale,Unfurnished,East,Garden/Park,Freehold,16500000.0,759.0,10.0,2.0,1.0,1.0,thane,21739.130434782608
95 Lac ,Ready to Move,Resale,Semi-Furnished,East,"Pool, Garden/Park, Main Road",Freehold,9500000.0,530.0,13.0,2.0,0.0,1.0,thane,17924.528301886792
2.10 Cr ,Ready to Move,Resale,Unfurnished,East,Garden/Park,Freehold,21000000.0,1041.0,5.0,3.0,0.0,2.0,thane,20172.910662824208
15 Lac ,Ready to Move,Resale,Unfurnished,,,,1500000.0,400.0,0.0,1.0,1.0,0.0,thane,3750.0
97 Lac ,Ready to Move,Resale,Unfurnished,North - East,Garden/Park,Freehold,9700000.0,735.0,5.0,2.0,1.0,1.0,thane,13197.278911564626
27 Lac ,Ready to Move,Resale,Unfurnished,North - East,,Freehold,2700000.0,370.0,2.0,1.0,0.0,0.0,thane,7297.2972972972975
50 Lac ,Ready to Move,Resale,Semi-Furnished,,,,5000000.0,610.0,2.0,2.0,0.0,0.0,thane,8196.72131147541
50 Lac ,Ready to Move,Resale,Unfurnished,East,"Pool, Garden/Park, Main Road",Co-operative Society,5000000.0,1130.0,12.0,2.0,4.0,1.0,thane,4424.778761061947
45 Lac ,Ready to Move,Resale,Unfurnished,,"Garden/Park, Main Road",Freehold,4500000.0,770.0,1.0,2.0,3.0,0.0,thane,5844.1558441558445
54 Lac ,Ready to Move,Resale,Semi-Furnished,East,Garden/Park,Freehold,5400000.0,430.0,2.0,1.0,0.0,1.0,thane,12558.139534883721
50 Lac ,Ready to Move,Resale,Semi-Furnished,East,"Garden/Park, Main Road",Co-operative Society,5000000.0,410.0,3.0,1.0,2.0,1.0,thane,12195.121951219513
41 Lac ,Ready to Move,Resale,Semi-Furnished,,,,4100000.0,796.0,0.0,2.0,0.0,0.0,thane,5150.753768844221
42.9 Lac ,Ready to Move,New Property,Unfurnished,East,Garden/Park,Freehold,4290000.0,688.0,3.0,2.0,3.0,1.0,thane,6235.46511627907
75 Lac ,Ready to Move,Resale,Unfurnished,East,,Freehold,7500000.0,640.0,7.0,2.0,0.0,1.0,thane,11718.75
1 Cr ,Ready to Move,Resale,Unfurnished,South,,Freehold,10000000.0,680.0,6.0,2.0,1.0,1.0,thane,14705.882352941177
2.36 Cr ,Ready to Move,New Property,Unfurnished,North - East,Garden/Park,Freehold,23600000.0,1073.0,2.0,3.0,1.0,1.0,thane,21994.408201304752
29 Lac ,Ready to Move,Resale,Unfurnished,,,,2900000.0,745.0,5.0,1.0,0.0,0.0,thane,3892.6174496644294
25 Lac ,Ready to Move,Resale,Unfurnished,,,,2500000.0,676.0,4.0,1.0,0.0,0.0,thane,3698.224852071006
27.5 Lac ,Ready to Move,Resale,Semi-Furnished,,,,2750000.0,664.0,1.0,1.0,0.0,0.0,thane,4141.566265060241
75 Lac ,Ready to Move,Resale,Furnished,,Main Road,Freehold,7500000.0,595.0,2.0,1.0,0.0,0.0,thane,12605.042016806723
3.45 Cr ,Ready to Move,New Property,Unfurnished,East,"Garden/Park, Main Road",Freehold,34500000.0,1356.0,20.0,3.0,1.0,0.0,thane,25442.477876106193
48 Lac ,Ready to Move,Resale,Unfurnished,East,Garden/Park,Freehold,4800000.0,400.0,3.0,1.0,0.0,1.0,thane,12000.0
56 Lac ,Ready to Move,Resale,Unfurnished,East,Main Road,Freehold,5600000.0,483.0,13.0,2.0,1.0,1.0,thane,11594.202898550724
45.5 Lac ,Ready to Move,New Property,Unfurnished,East,"Garden/Park, Main Road",Freehold,4550000.0,453.0,3.0,2.0,1.0,1.0,thane,10044.150110375276
55 Lac ,Ready to Move,Resale,Unfurnished,East,Garden/Park,Freehold,5500000.0,750.0,3.0,2.0,0.0,0.0,thane,7333.333333333333
1.60 Cr ,Ready to Move,Resale,Semi-Furnished,,,,16000000.0,800.0,19.0,2.0,3.0,0.0,thane,20000.0
1.70 Cr ,Ready to Move,Resale,Semi-Furnished,East,Main Road,Co-operative Society,17000000.0,760.0,11.0,2.0,0.0,1.0,thane,22368.42105263158
60 Lac ,Ready to Move,Resale,Furnished,North,Main Road,Freehold,6000000.0,500.0,4.0,2.0,1.0,0.0,thane,12000.0
4.90 Cr ,Ready to Move,Resale,Unfurnished,East,Garden/Park,Freehold,49000000.0,1704.0,18.0,4.0,1.0,3.0,thane,28755.86854460094
58 Lac ,Ready to Move,New Property,Unfurnished,East,"Garden/Park, Pool, Main Road",Freehold,5800000.0,587.0,10.0,2.0,2.0,1.0,thane,9880.749574105621
26 Lac ,Ready to Move,Resale,Unfurnished,,,,2600000.0,701.0,0.0,2.0,0.0,0.0,thane,3708.987161198288
1 Cr ,Ready to Move,Resale,Semi-Furnished,North,Garden/Park,Co-operative Society,10000000.0,699.0,2.0,2.0,2.0,1.0,thane,14306.15164520744
21 Lac ,Ready to Move,New Property,Unfurnished,East,"Main Road, Garden/Park",Freehold,2100000.0,623.0,2.0,2.0,1.0,0.0,thane,3370.7865168539324
2.75 Cr ,Ready to Move,Resale,Unfurnished,West,Main Road,Freehold,27500000.0,1350.0,16.0,3.0,3.0,0.0,thane,20370.37037037037
1.65 Cr ,Ready to Move,New Property,Unfurnished,North - East,"Garden/Park, Pool, Main Road",Freehold,16500000.0,763.0,3.0,2.0,1.0,1.0,thane,21625.16382699869
2.50 Cr ,Ready to Move,New Property,Unfurnished,East,Garden/Park,Freehold,25000000.0,1140.0,8.0,3.0,2.0,1.0,thane,21929.824561403508
55 Lac ,Ready to Move,Resale,Unfurnished,,,,5500000.0,225.0,4.0,1.0,0.0,0.0,thane,24444.444444444445
15 Lac ,Ready to Move,Resale,Semi-Furnished,,,,1500000.0,320.0,1.0,1.0,0.0,0.0,thane,4687.5
26 Lac ,Ready to Move,Resale,Furnished,,,,2600000.0,560.0,6.0,1.0,0.0,0.0,thane,4642.857142857143
65 Lac ,Ready to Move,Resale,Unfurnished,,,,6500000.0,850.0,10.0,1.0,0.0,0.0,thane,7647.058823529412
1.75 Cr ,Ready to Move,Resale,Semi-Furnished,North - East,Main Road,Co-operative Society,17500000.0,889.0,17.0,3.0,0.0,1.0,thane,19685.03937007874
60 Lac ,Ready to Move,Resale,Semi-Furnished,South,,Leasehold,6000000.0,840.0,5.0,1.0,0.0,0.0,thane,7142.857142857143
29 Lac ,Ready to Move,Resale,Unfurnished,,,,2900000.0,490.0,1.0,1.0,2.0,0.0,thane,5918.367346938776
53 Lac ,Ready to Move,Resale,Unfurnished,East,Garden/Park,Freehold,5300000.0,415.0,4.0,1.0,2.0,1.0,thane,12771.084337349397
3 Cr ,Ready to Move,Resale,Semi-Furnished,North - East,Garden/Park,Freehold,30000000.0,1140.0,11.0,3.0,1.0,1.0,thane,26315.78947368421
1.32 Cr ,Ready to Move,Resale,Unfurnished,East,Garden/Park,Freehold,13200000.0,735.0,12.0,2.0,1.0,1.0,thane,17959.183673469386
1.05 Cr ,Ready to Move,New Property,Unfurnished,,,,10500000.0,490.0,5.0,1.0,1.0,0.0,thane,21428.571428571428
79 Lac ,Ready to Move,Resale,Unfurnished,,,,7900000.0,452.0,4.0,1.0,0.0,0.0,thane,17477.87610619469
60 Lac ,Ready to Move,Resale,Unfurnished,North - East,,,6000000.0,450.0,7.0,1.0,0.0,0.0,thane,13333.333333333334
18 Lac ,Ready to Move,Resale,Semi-Furnished,,,Co-operative Society,1800000.0,400.0,1.0,1.0,1.0,0.0,thane,4500.0
1.30 Cr ,Ready to Move,Resale,Semi-Furnished,East,Main Road,Co-operative Society,13000000.0,894.0,10.0,3.0,1.0,1.0,thane,14541.3870246085
1.06 Cr ,Ready to Move,Resale,Unfurnished,East,"Garden/Park, Main Road",Freehold,10600000.0,640.0,14.0,2.0,1.0,1.0,thane,16562.5
1 Cr ,Ready to Move,Resale,Furnished,,,,10000000.0,876.0,1.0,2.0,0.0,0.0,thane,11415.52511415525
1.07 Cr ,Ready to Move,Resale,Unfurnished,East,"Garden/Park, Main Road",Freehold,10700000.0,640.0,15.0,2.0,1.0,1.0,thane,16718.75
1.71 Cr ,Ready to Move,New Property,Unfurnished,East,"Garden/Park, Pool, Main Road",Freehold,17100000.0,758.0,6.0,2.0,2.0,1.0,thane,22559.366754617415
1.60 Cr ,Ready to Move,Resale,Semi-Furnished,,Main Road,Co-operative Society,16000000.0,894.0,1.0,3.0,1.0,1.0,thane,17897.09172259508
19 Lac ,Ready to Move,Resale,Semi-Furnished,North - East,"Garden/Park, Main Road",Freehold,1900000.0,570.0,2.0,1.0,0.0,0.0,thane,3333.3333333333335
2.29 Cr ,Ready to Move,New Property,Unfurnished,East,"Garden/Park, Main Road",Freehold,22900000.0,1153.0,28.0,3.0,3.0,1.0,thane,19861.231569817868
56 Lac ,Ready to Move,Resale,Furnished,,,,5600000.0,1000.0,1.0,3.0,0.0,0.0,thane,5600.0
70 Lac ,Ready to Move,Resale,Semi-Furnished,,,,7000000.0,785.0,6.0,2.0,0.0,0.0,thane,8917.197452229299
41.5 Lac ,Ready to Move,New Property,Unfurnished,East,Garden/Park,Freehold,4150000.0,671.0,3.0,1.0,3.0,1.0,thane,6184.7988077496275
1.25 Cr ,Ready to Move,Resale,Furnished,East,"Garden/Park, Main Road",Co-operative Society,12500000.0,1170.0,12.0,3.0,2.0,0.0,thane,10683.760683760684
65 Lac ,Ready to Move,Resale,Semi-Furnished,,,,6500000.0,590.0,1.0,2.0,0.0,0.0,thane,11016.949152542373
83 Lac ,Ready to Move,Resale,Unfurnished,East,"Garden/Park, Pool, Main Road",Freehold,8300000.0,600.0,12.0,2.0,1.0,1.0,thane,13833.333333333334
72 Lac ,Ready to Move,Resale,Unfurnished,,,,7200000.0,1098.0,14.0,2.0,0.0,0.0,thane,6557.377049180328
1.47 Cr ,Ready to Move,Resale,Semi-Furnished,,,,14700000.0,848.0,30.0,2.0,1.0,0.0,thane,17334.905660377357
40 Lac ,Ready to Move,Resale,Semi-Furnished,East,,,4000000.0,585.0,4.0,1.0,1.0,0.0,thane,6837.606837606838
1.13 Cr ,Ready to Move,Resale,Unfurnished,East,"Garden/Park, Main Road",Freehold,11299999.999999998,650.0,23.0,2.0,1.0,1.0,thane,17384.615384615383
1.85 Cr ,Ready to Move,Resale,Unfurnished,East,Garden/Park,Freehold,18500000.0,913.0,7.0,6.0,0.0,2.0,thane,20262.869660460023
63 Lac ,Ready to Move,Resale,Unfurnished,West,Garden/Park,Freehold,6300000.0,366.0,25.0,1.0,0.0,0.0,thane,17213.114754098362
1.45 Cr ,Ready to Move,Resale,Semi-Furnished,North - East,"Garden/Park, Pool, Main Road",Freehold,14500000.0,750.0,12.0,2.0,0.0,1.0,thane,19333.333333333332
1.50 Cr ,Ready to Move,Resale,Unfurnished,East,Main Road,Freehold,15000000.0,706.0,26.0,2.0,2.0,1.0,thane,21246.45892351275
64.9 Lac ,Ready to Move,New Property,Unfurnished,East,"Garden/Park, Main Road",Freehold,6490000.000000001,612.0,3.0,2.0,1.0,1.0,thane,10604.575163398695
1.10 Cr ,Ready to Move,Resale,Semi-Furnished,West,"Garden/Park, Pool",Freehold,11000000.0,730.0,9.0,2.0,1.0,1.0,thane,15068.493150684932
34 Lac ,Ready to Move,Resale,Unfurnished,East,"Garden/Park, Pool, Main Road",Freehold,3400000.0,510.0,6.0,1.0,1.0,1.0,thane,6666.666666666667
72.5 Lac ,Ready to Move,Resale,Unfurnished,South,"Garden/Park, Pool, Main Road",Freehold,7250000.0,961.0,4.0,2.0,1.0,1.0,thane,7544.224765868887
3.66 Cr ,Ready to Move,New Property,Semi-Furnished,South -West,Main Road,Freehold,36600000.0,1228.0,21.0,3.0,1.0,2.0,thane,29804.56026058632
35 Lac ,Ready to Move,Resale,Unfurnished,East,Main Road,Freehold,3500000.0,480.0,7.0,2.0,1.0,1.0,thane,7291.666666666667
40 Lac ,Ready to Move,Resale,Unfurnished,,,,4000000.0,533.0,4.0,1.0,0.0,0.0,thane,7504.6904315197
35 Lac ,Ready to Move,Resale,Unfurnished,,,,3500000.0,546.0,2.0,1.0,0.0,0.0,thane,6410.25641025641
86 Lac ,Ready to Move,Resale,Unfurnished,West,Garden/Park,Freehold,8600000.0,551.0,19.0,2.0,0.0,1.0,thane,15607.985480943738
75 Lac ,Ready to Move,Resale,Unfurnished,East,"Garden/Park, Main Road",Freehold,7500000.0,435.0,10.0,1.0,3.0,1.0,thane,17241.379310344826
55 Lac ,Ready to Move,Resale,Semi-Furnished,East,Garden/Park,Freehold,5500000.0,430.0,3.0,2.0,0.0,1.0,thane,12790.697674418605
3.30 Cr ,Ready to Move,Resale,Unfurnished,East,Garden/Park,Freehold,33000000.0,1359.0,12.0,3.0,1.0,2.0,thane,24282.560706401768
1.30 Cr ,Ready to Move,Resale,Unfurnished,East,"Garden/Park, Main Road",Freehold,13000000.0,640.0,15.0,2.0,3.0,0.0,thane,20312.5
44 Lac ,Ready to Move,Resale,Semi-Furnished,,,,4400000.0,1100.0,3.0,4.0,0.0,0.0,thane,4000.0
58 Lac ,Ready to Move,Resale,Unfurnished,East,Main Road,Freehold,5800000.0,495.0,10.0,2.0,1.0,1.0,thane,11717.171717171717
36 Lac ,Ready to Move,New Property,Semi-Furnished,,"Garden/Park, Main Road",Leasehold,3600000.0,510.0,11.0,1.0,1.0,1.0,thane,7058.823529411765
2.95 Cr ,Ready to Move,Resale,Furnished,East,Garden/Park,Freehold,29500000.0,1650.0,1.0,4.0,1.0,2.0,thane,17878.78787878788
30 Lac ,Ready to Move,Resale,Semi-Furnished,East,,Co-operative Society,3000000.0,442.0,4.0,1.0,0.0,0.0,thane,6787.330316742082
56 Lac ,Ready to Move,Resale,Unfurnished,,Main Road,Freehold,5600000.0,540.0,3.0,1.0,2.0,0.0,thane,10370.37037037037
1.15 Cr ,Ready to Move,Resale,Unfurnished,East,"Garden/Park, Main Road",Freehold,11500000.0,650.0,24.0,2.0,1.0,1.0,thane,17692.30769230769
2.99 Cr ,Ready to Move,Resale,Semi-Furnished,,,,29900000.000000004,1300.0,21.0,2.0,2.0,0.0,thane,23000.000000000004
1.30 Cr ,Ready to Move,New Property,Furnished,North,,Freehold,13000000.0,870.0,4.0,2.0,1.0,1.0,thane,14942.528735632184
1.90 Cr ,Ready to Move,New Property,Semi-Furnished,East,"Garden/Park, Main Road",Freehold,19000000.0,830.0,16.0,2.0,2.0,1.0,thane,22891.566265060243
61 Lac ,Ready to Move,Resale,Unfurnished,South -West,"Pool, Garden/Park, Main Road",Freehold,6100000.0,763.0,19.0,2.0,1.0,0.0,thane,7994.75753604194
58 Lac ,Ready to Move,Resale,Unfurnished,,,,5800000.0,480.0,7.0,2.0,3.0,0.0,thane,12083.333333333334
48 Lac ,Ready to Move,Resale,Semi-Furnished,North,,,4800000.0,370.0,0.0,1.0,0.0,0.0,thane,12972.972972972973
43 Lac ,Ready to Move,New Property,Semi-Furnished,East,"Garden/Park, Main Road",Freehold,4300000.0,454.0,14.0,1.0,1.0,1.0,thane,9471.36563876652
1.65 Cr ,Ready to Move,Resale,Semi-Furnished,North - East,"Garden/Park, Pool, Main Road",Freehold,16500000.0,750.0,5.0,2.0,0.0,1.0,thane,22000.0
1.59 Cr ,Ready to Move,New Property,Unfurnished,North - East,Garden/Park,Freehold,15900000.0,721.0,2.0,2.0,1.0,1.0,thane,22052.704576976423
63 Lac ,Ready to Move,Resale,Semi-Furnished,East,"Garden/Park, Pool, Main Road",Freehold,6300000.0,575.0,7.0,2.0,3.0,0.0,thane,10956.521739130434
1.93 Cr ,Ready to Move,New Property,Unfurnished,East,"Garden/Park, Main Road",Freehold,19300000.0,790.0,4.0,2.0,2.0,1.0,thane,24430.379746835442
2.99 Cr ,Ready to Move,Resale,Semi-Furnished,West,"Garden/Park, Main Road",Freehold,29900000.000000004,1100.0,12.0,3.0,0.0,1.0,thane,27181.818181818184
2.50 Cr ,Ready to Move,Resale,Furnished,,,,25000000.0,2200.0,6.0,3.0,0.0,0.0,thane,11363.636363636364
70 Lac ,Ready to Move,Resale,Unfurnished,East,"Garden/Park, Pool, Main Road",Freehold,7000000.0,700.0,1.0,2.0,2.0,1.0,thane,10000.0
17 Lac ,Ready to Move,Resale,Unfurnished,,,,1700000.0,400.0,1.0,1.0,0.0,0.0,thane,4250.0
1.99 Cr ,Ready to Move,New Property,Unfurnished,East,Garden/Park,Freehold,19900000.0,790.0,19.0,2.0,2.0,1.0,thane,25189.87341772152
36 Lac ,Ready to Move,Resale,Unfurnished,,,,3600000.0,390.0,2.0,1.0,0.0,0.0,thane,9230.76923076923
98 Lac ,Ready to Move,Resale,Furnished,East,Main Road,Co-operative Society,9800000.0,500.0,7.0,2.0,0.0,1.0,thane,19600.0
72 Lac ,Ready to Move,Resale,Semi-Furnished,North,Garden/Park,Freehold,7200000.0,850.0,3.0,2.0,2.0,1.0,thane,8470.588235294117
3.59 Cr ,Ready to Move,New Property,Semi-Furnished,South -West,Main Road,Freehold,35900000.0,1203.0,23.0,3.0,1.0,2.0,thane,29842.061512884455
32.5 Lac ,Ready to Move,Resale,Furnished,,,Co-operative Society,3250000.0,438.0,6.0,1.0,2.0,0.0,thane,7420.091324200913
37 Lac ,Ready to Move,Resale,Unfurnished,East,"Garden/Park, Pool, Main Road",Freehold,3700000.0,510.0,17.0,2.0,1.0,1.0,thane,7254.901960784314
40 Lac ,Ready to Move,Resale,Unfurnished,North,"Garden/Park, Main Road",Freehold,4000000.0,546.0,2.0,1.0,0.0,0.0,thane,7326.007326007326
60 Lac ,Ready to Move,New Property,Semi-Furnished,East,"Garden/Park, Pool",Freehold,6000000.0,379.0,2.0,2.0,3.0,0.0,thane,15831.1345646438
45 Lac ,Ready to Move,Resale,Unfurnished,,,,4500000.0,500.0,2.0,1.0,1.0,0.0,thane,9000.0
55 Lac ,Ready to Move,Resale,Unfurnished,East,Main Road,Freehold,5500000.0,495.0,7.0,1.0,1.0,1.0,thane,11111.111111111111
2.60 Cr ,Ready to Move,Resale,Semi-Furnished,East,Garden/Park,Freehold,26000000.0,1012.0,10.0,3.0,1.0,2.0,thane,25691.699604743084
49 Lac ,Ready to Move,New Property,Unfurnished,North - West,"Main Road, Garden/Park, Pool",Freehold,4900000.0,526.0,20.0,2.0,1.0,0.0,thane,9315.589353612168
31 Lac ,Ready to Move,Resale,Unfurnished,South - East,,Freehold,3100000.0,692.0,2.0,2.0,2.0,0.0,thane,4479.768786127168
1.56 Cr ,Ready to Move,Resale,Unfurnished,East,"Garden/Park, Pool, Main Road",Co-operative Society,15600000.0,879.0,14.0,2.0,1.0,2.0,thane,17747.440273037544
48.5 Lac ,Ready to Move,Resale,Unfurnished,North,"Garden/Park, Main Road",Freehold,4850000.0,410.0,3.0,1.0,0.0,1.0,thane,11829.268292682927
47 Lac ,Ready to Move,Resale,Unfurnished,North,"Garden/Park, Main Road",Freehold,4700000.0,400.0,7.0,1.0,1.0,1.0,thane,11750.0
85 Lac ,Ready to Move,Resale,Unfurnished,North,"Garden/Park, Main Road",Freehold,8500000.0,640.0,9.0,2.0,4.0,1.0,thane,13281.25
5.20 Cr ,Ready to Move,Resale,Semi-Furnished,East,Garden/Park,Freehold,52000000.0,2024.0,8.0,6.0,2.0,2.0,thane,25691.699604743084
1.80 Cr ,Ready to Move,Resale,Semi-Furnished,North - East,"Garden/Park, Main Road",Co-operative Society,18000000.0,630.0,12.0,2.0,3.0,1.0,thane,28571.428571428572
1.25 Cr ,Ready to Move,Resale,Semi-Furnished,,,,12500000.0,750.0,6.0,2.0,1.0,1.0,thane,16666.666666666668
27 Lac ,Ready to Move,Resale,Unfurnished,,,,2700000.0,375.0,3.0,1.0,1.0,0.0,thane,7200.0
63 Lac ,Ready to Move,Resale,Unfurnished,North,"Garden/Park, Main Road",Freehold,6300000.0,435.0,8.0,2.0,3.0,1.0,thane,14482.758620689656
84 Lac ,Ready to Move,Resale,Semi-Furnished,East,"Garden/Park, Main Road",Co-operative Society,8400000.0,650.0,7.0,2.0,0.0,1.0,thane,12923.076923076924
75 Lac ,Ready to Move,Resale,Furnished,,,Freehold,7500000.0,450.0,1.0,1.0,1.0,1.0,thane,16666.666666666668
39 Lac ,Ready to Move,Resale,Unfurnished,North - East,,Freehold,3900000.0,511.0,5.0,1.0,1.0,0.0,thane,7632.093933463797
17 Lac ,Ready to Move,Resale,Semi-Furnished,North - East,Main Road,Co-operative Society,1700000.0,387.0,0.0,1.0,0.0,0.0,thane,4392.764857881137
39.9 Lac ,Ready to Move,Resale,Unfurnished,East,,,3990000.0,585.0,4.0,2.0,0.0,0.0,thane,6820.51282051282
1.54 Cr ,Ready to Move,New Property,Unfurnished,North - East,Garden/Park,Freehold,15400000.0,702.0,2.0,2.0,1.0,1.0,thane,21937.321937321936
45 Lac ,Ready to Move,Resale,Semi-Furnished,East,Garden/Park,Freehold,4500000.0,440.0,5.0,1.0,3.0,1.0,thane,10227.272727272728
95 Lac ,Ready to Move,Resale,Unfurnished,East,Garden/Park,Freehold,9500000.0,663.0,18.0,2.0,1.0,0.0,thane,14328.808446455505
82 Lac ,Ready to Move,Resale,Unfurnished,,,,8200000.0,453.0,6.0,2.0,0.0,0.0,thane,18101.545253863136
15 Lac ,Ready to Move,Resale,Semi-Furnished,East,Garden/Park,,1500000.0,415.0,1.0,1.0,1.0,0.0,thane,3614.4578313253014
30 Lac ,Ready to Move,Resale,Furnished,East,,Leasehold,3000000.0,475.0,2.0,1.0,2.0,0.0,thane,6315.789473684211
25 Lac ,Ready to Move,Resale,Unfurnished,,,,2500000.0,500.0,7.0,1.0,2.0,0.0,thane,5000.0
47 Lac ,Ready to Move,Resale,Semi-Furnished,East,Garden/Park,Freehold,4700000.0,330.0,9.0,1.0,0.0,1.0,thane,14242.424242424242
85 Lac ,Ready to Move,Resale,Semi-Furnished,East,Garden/Park,Co-operative Society,8500000.0,650.0,5.0,2.0,0.0,1.0,thane,13076.923076923076
1.05 Cr ,Ready to Move,Resale,Unfurnished,,,,10500000.0,1332.0,12.0,2.0,0.0,0.0,thane,7882.882882882883
1.90 Cr ,Ready to Move,Resale,Semi-Furnished,North - East,Main Road,Freehold,19000000.0,1011.0,6.0,3.0,0.0,1.0,thane,18793.273986152326
45 Lac ,Ready to Move,Resale,Unfurnished,,,,4500000.0,800.0,2.0,2.0,0.0,0.0,thane,5625.0
70 Lac ,Ready to Move,Resale,Semi-Furnished,,,,7000000.0,650.0,1.0,2.0,0.0,0.0,thane,10769.23076923077
32.5 Lac ,Ready to Move,Resale,Semi-Furnished,,,,3250000.0,500.0,8.0,1.0,3.0,0.0,thane,6500.0
1.10 Cr ,Ready to Move,Resale,Unfurnished,East,"Garden/Park, Main Road",Freehold,11000000.0,650.0,20.0,2.0,1.0,1.0,thane,16923.076923076922
42 Lac ,Ready to Move,Resale,Semi-Furnished,,,,4200000.0,465.0,2.0,1.0,0.0,0.0,thane,9032.258064516129
70 Lac ,Ready to Move,Resale,Semi-Furnished,,,,7000000.0,700.0,2.0,2.0,0.0,0.0,thane,10000.0
3 Cr ,Ready to Move,Resale,Unfurnished,East,Garden/Park,Freehold,30000000.0,1190.0,5.0,3.0,1.0,2.0,thane,25210.084033613446
24 Lac ,Ready to Move,Resale,Semi-Furnished,,,,2400000.0,420.0,4.0,1.0,0.0,0.0,thane,5714.285714285715
2.11 Cr ,Ready to Move,New Property,Unfurnished,East,"Garden/Park, Main Road",Freehold,21100000.0,790.0,18.0,2.0,2.0,1.0,thane,26708.86075949367
20 Lac ,Ready to Move,Resale,Unfurnished,East,,Freehold,2000000.0,615.0,3.0,1.0,3.0,1.0,thane,3252.032520325203
36 Lac ,Ready to Move,New Property,Unfurnished,East,"Garden/Park, Main Road",Freehold,3600000.0,450.0,2.0,1.0,2.0,0.0,thane,8000.0
1.95 Cr ,Ready to Move,Resale,Unfurnished,North,"Garden/Park, Pool",Freehold,19500000.0,1090.0,10.0,3.0,2.0,1.0,thane,17889.908256880735
50 Lac ,Ready to Move,Resale,Unfurnished,East,"Garden/Park, Main Road",Co-operative Society,5000000.0,400.0,5.0,1.0,1.0,0.0,thane,12500.0
13 Lac ,Ready to Move,Resale,Unfurnished,,,,1300000.0,385.0,2.0,2.0,0.0,0.0,thane,3376.6233766233768
27 Lac ,Ready to Move,Resale,Furnished,,,,2700000.0,400.0,3.0,1.0,0.0,0.0,thane,6750.0
63 Lac ,Ready to Move,Resale,Semi-Furnished,East,Garden/Park,Freehold,6300000.0,438.0,6.0,1.0,3.0,1.0,thane,14383.561643835616
1.55 Cr ,Ready to Move,Resale,Unfurnished,North - East,"Garden/Park, Pool, Main Road",Co-operative Society,15500000.0,833.0,19.0,2.0,2.0,0.0,thane,18607.442977190876
1 Cr ,Ready to Move,Resale,Unfurnished,North,,Freehold,10000000.0,900.0,5.0,3.0,1.0,1.0,thane,11111.111111111111
1.20 Cr ,Ready to Move,Resale,Furnished,,,,12000000.0,1050.0,5.0,2.0,0.0,0.0,thane,11428.57142857143
1.20 Cr ,Ready to Move,Resale,Semi-Furnished,,,,12000000.0,1135.0,16.0,2.0,0.0,0.0,thane,10572.687224669604
1.20 Cr ,Ready to Move,Resale,Semi-Furnished,,,,12000000.0,1100.0,17.0,2.0,0.0,0.0,thane,10909.09090909091
1.30 Cr ,Ready to Move,Resale,Furnished,,,,13000000.0,1165.0,5.0,2.0,0.0,0.0,thane,11158.798283261802
3 Cr ,Ready to Move,Resale,Semi-Furnished,East,"Garden/Park, Main Road",Freehold,30000000.0,1300.0,14.0,3.0,3.0,2.0,thane,23076.923076923078
1.10 Cr ,Ready to Move,,Semi-Furnished,,,,11000000.0,518.0,,2.0,0.0,0.0,thane,21235.521235521235
28 Lac ,Ready to Move,Resale,Unfurnished,,,,2800000.0,735.0,1.0,2.0,0.0,0.0,thane,3809.5238095238096
1.45 Cr ,Ready to Move,Resale,Unfurnished,South,Main Road,Co-operative Society,14500000.0,720.0,1.0,1.0,2.0,1.0,thane,20138.88888888889
50 Lac ,Ready to Move,Resale,Unfurnished,,,,5000000.0,665.0,5.0,1.0,0.0,0.0,thane,7518.796992481203
1.09 Cr ,Ready to Move,Resale,Unfurnished,East,"Garden/Park, Main Road",Freehold,10900000.0,640.0,17.0,2.0,1.0,1.0,thane,17031.25
21 Lac ,Ready to Move,Resale,Furnished,,,,2100000.0,345.0,,2.0,0.0,0.0,thane,6086.95652173913
90 Lac ,Ready to Move,Resale,Unfurnished,,,,9000000.0,1060.0,15.0,2.0,0.0,0.0,thane,8490.566037735849
70 Lac ,Ready to Move,Resale,Semi-Furnished,,,,7000000.0,600.0,1.0,2.0,0.0,0.0,thane,11666.666666666666
30 Lac ,Ready to Move,Resale,Unfurnished,,,,3000000.0,385.0,4.0,2.0,0.0,0.0,thane,7792.207792207792
28.1 Lac ,Ready to Move,New Property,Unfurnished,East,"Garden/Park, Main Road",Freehold,2810000.0,384.0,19.0,2.0,0.0,1.0,thane,7317.708333333333
48 Lac ,Ready to Move,Resale,Unfurnished,,,,4800000.0,548.0,4.0,1.0,0.0,0.0,thane,8759.12408759124
76 Lac ,Ready to Move,Resale,Semi-Furnished,North - East,"Garden/Park, Main Road",Co-operative Society,7600000.0,450.0,13.0,2.0,1.0,1.0,thane,16888.88888888889
1.11 Cr ,Ready to Move,Resale,Unfurnished,East,"Garden/Park, Main Road",Freehold,11100000.000000002,650.0,21.0,2.0,1.0,1.0,thane,17076.923076923078
35 Lac ,Ready to Move,Resale,Unfurnished,East,"Garden/Park, Pool, Main Road",Freehold,3500000.0,510.0,8.0,2.0,1.0,1.0,thane,6862.745098039216
2.20 Cr ,Ready to Move,New Property,Unfurnished,East,"Garden/Park, Main Road",Freehold,22000000.0,810.0,29.0,2.0,2.0,1.0,thane,27160.493827160495
1.76 Cr ,Ready to Move,New Property,Unfurnished,North - East,Garden/Park,Freehold,17600000.0,800.0,2.0,2.0,1.0,1.0,thane,22000.0
85 Lac ,Ready to Move,Resale,Semi-Furnished,East,Main Road,Co-operative Society,8500000.0,670.0,5.0,2.0,1.0,0.0,thane,12686.567164179105
49.5 Lac ,Ready to Move,New Property,Unfurnished,East,"Garden/Park, Main Road",Freehold,4950000.0,500.0,2.0,2.0,1.0,1.0,thane,9900.0
1.77 Cr ,Ready to Move,New Property,Unfurnished,North - East,Garden/Park,Freehold,17700000.0,804.0,2.0,2.0,1.0,1.0,thane,22014.925373134327
15 Lac ,Ready to Move,Resale,Unfurnished,,,,1500000.0,390.0,3.0,1.0,0.0,0.0,thane,3846.153846153846
60 Lac ,Ready to Move,Resale,Unfurnished,,,,6000000.0,625.0,16.0,2.0,0.0,0.0,thane,9600.0
1.05 Cr ,Ready to Move,Resale,Unfurnished,,,,10500000.0,770.0,8.0,2.0,0.0,0.0,thane,13636.363636363636
2.35 Cr ,Ready to Move,Resale,Semi-Furnished,East,Garden/Park,Freehold,23500000.0,1040.0,16.0,3.0,0.0,2.0,thane,22596.153846153848
1.09 Cr ,Ready to Move,Resale,Unfurnished,North - East,"Garden/Park, Pool",Freehold,10900000.0,672.0,22.0,2.0,1.0,1.0,thane,16220.238095238095
35 Lac ,Ready to Move,Resale,Unfurnished,East,"Garden/Park, Pool, Main Road",Freehold,3500000.0,500.0,1.0,1.0,1.0,1.0,thane,7000.0
1.14 Cr ,Ready to Move,Resale,Unfurnished,East,"Garden/Park, Main Road",Freehold,11399999.999999998,650.0,23.0,2.0,1.0,1.0,thane,17538.461538461535
33 Lac ,Ready to Move,Resale,Unfurnished,East,"Garden/Park, Pool, Main Road",Freehold,3300000.0,450.0,10.0,2.0,0.0,1.0,thane,7333.333333333333
41 Lac ,Ready to Move,Resale,,,,,4100000.0,1090.0,3.0,2.0,0.0,0.0,thane,3761.467889908257
41 Lac ,Ready to Move,Resale,,,,,4100000.0,485.0,0.0,1.0,0.0,0.0,thane,8453.60824742268
23.9 Lac ,Ready to Move,Resale,Semi-Furnished,East,Garden/Park,Freehold,2390000.0,654.0,1.0,1.0,0.0,35.0,thane,3654.434250764526
40 Lac ,Ready to Move,Resale,Unfurnished,South,Main Road,Freehold,4000000.0,525.0,1.0,1.0,0.0,1.0,thane,7619.047619047619
35 Lac ,Ready to Move,Resale,Unfurnished,,,,3500000.0,585.0,3.0,1.0,0.0,0.0,thane,5982.9059829059825
65 Lac ,Ready to Move,New Property,Unfurnished,East,"Garden/Park, Main Road",Freehold,6500000.0,620.0,23.0,2.0,2.0,1.0,thane,10483.870967741936
42.5 Lac ,Ready to Move,Resale,Semi-Furnished,,,,4250000.0,580.0,4.0,2.0,0.0,0.0,thane,7327.586206896552
51 Lac ,Ready to Move,Resale,Semi-Furnished,East,Garden/Park,Freehold,5100000.0,434.0,5.0,2.0,0.0,1.0,thane,11751.15207373272
1.55 Cr ,Ready to Move,Resale,Unfurnished,East,Garden/Park,Freehold,15500000.0,769.0,11.0,2.0,0.0,1.0,thane,20156.046814044214
2.79 Cr ,Ready to Move,New Property,Unfurnished,East,"Garden/Park, Main Road",Freehold,27900000.0,1260.0,11.0,3.0,3.0,1.0,thane,22142.85714285714
71 Lac ,Ready to Move,New Property,Semi-Furnished,North - East,"Garden/Park, Main Road",Freehold,7100000.0,630.0,21.0,2.0,1.0,1.0,thane,11269.84126984127
1.65 Cr ,Ready to Move,Resale,Semi-Furnished,East,Main Road,Co-operative Society,16500000.0,900.0,8.0,3.0,2.0,1.0,thane,18333.333333333332
1.30 Cr ,Ready to Move,Resale,Semi-Furnished,East,"Pool, Garden/Park, Main Road",Freehold,13000000.0,455.0,16.0,2.0,1.0,2.0,thane,28571.428571428572
1.61 Cr ,Ready to Move,Resale,Furnished,East,"Pool, Garden/Park, Main Road",Freehold,16100000.000000002,559.0,26.0,2.0,0.0,0.0,thane,28801.431127012525
56 Lac ,Ready to Move,Resale,Unfurnished,East,Main Road,Freehold,5600000.0,263.0,25.0,1.0,1.0,0.0,thane,21292.77566539924
7.04 Cr ,Ready to Move,Resale,Unfurnished,East,"Garden/Park, Pool, Main Road",Freehold,70400000.0,2200.0,7.0,5.0,1.0,0.0,thane,32000.0
19.5 Lac ,Ready to Move,Resale,Unfurnished,,,,1950000.0,280.0,1.0,1.0,0.0,0.0,thane,6964.285714285715
32 Lac ,Ready to Move,Resale,Semi-Furnished,East,Main Road,Co-operative Society,3200000.0,375.0,3.0,1.0,0.0,0.0,thane,8533.333333333334
50 Lac ,Ready to Move,Resale,Furnished,,,,5000000.0,555.0,5.0,2.0,0.0,1.0,thane,9009.009009009009
1 Cr ,Ready to Move,Resale,Semi-Furnished,,,,10000000.0,900.0,3.0,2.0,0.0,0.0,thane,11111.111111111111
1.85 Cr ,Ready to Move,New Property,Unfurnished,East,"Garden/Park, Main Road",Freehold,18500000.0,758.0,9.0,2.0,2.0,1.0,thane,24406.332453825857
52 Lac ,Ready to Move,Resale,Semi-Furnished,North,Garden/Park,Freehold,5200000.0,540.0,7.0,1.0,2.0,0.0,thane,9629.62962962963
38 Lac ,Ready to Move,Resale,Semi-Furnished,West,Main Road,Freehold,3800000.0,290.0,3.0,1.0,0.0,1.0,thane,13103.448275862069
1.80 Cr ,Ready to Move,New Property,Unfurnished,East,"Garden/Park, Main Road",Freehold,18000000.0,758.0,11.0,2.0,2.0,1.0,thane,23746.701846965698
61 Lac ,Ready to Move,Resale,Semi-Furnished,,,,6100000.0,630.0,8.0,1.0,0.0,0.0,thane,9682.539682539682
62 Lac ,Ready to Move,Resale,Unfurnished,,,,6200000.0,650.0,5.0,1.0,0.0,0.0,thane,9538.461538461539
62 Lac ,Ready to Move,Resale,Unfurnished,,,,6200000.0,630.0,12.0,2.0,0.0,0.0,thane,9841.269841269841
1.08 Cr ,Ready to Move,Resale,Unfurnished,East,"Garden/Park, Main Road",Freehold,10800000.0,640.0,16.0,2.0,1.0,1.0,thane,16875.0
95 Lac ,Ready to Move,Resale,Unfurnished,,,,9500000.0,600.0,10.0,2.0,2.0,0.0,thane,15833.333333333334
98 Lac ,Ready to Move,Resale,Unfurnished,East,"Garden/Park, Main Road",Freehold,9800000.0,710.0,1.0,2.0,0.0,1.0,thane,13802.81690140845
23 Lac ,Ready to Move,Resale,Semi-Furnished,,,Co-operative Society,2300000.0,340.0,4.0,1.0,0.0,0.0,thane,6764.705882352941
98 Lac ,Ready to Move,Resale,Unfurnished,,Main Road,Co-operative Society,9800000.0,820.0,2.0,2.0,0.0,0.0,thane,11951.219512195123
68 Lac ,Ready to Move,New Property,Furnished,East,"Garden/Park, Pool",Freehold,6800000.0,679.0,7.0,2.0,1.0,1.0,thane,10014.727540500737
42 Lac ,Ready to Move,New Property,Unfurnished,,,Co-operative Society,4200000.0,441.0,5.0,2.0,0.0,0.0,thane,9523.809523809523
53 Lac ,Ready to Move,Resale,Furnished,East,Main Road,Freehold,5300000.0,475.0,5.0,1.0,1.0,0.0,thane,11157.894736842105
1.15 Cr ,Ready to Move,New Property,Unfurnished,East,"Garden/Park, Pool, Main Road",Freehold,11500000.0,701.0,14.0,2.0,1.0,1.0,thane,16405.135520684737
55 Lac ,Ready to Move,Resale,Semi-Furnished,East,Main Road,Freehold,5500000.0,330.0,1.0,1.0,0.0,1.0,thane,16666.666666666668
74 Lac ,Ready to Move,Resale,Unfurnished,East,"Garden/Park, Pool, Main Road",Freehold,7400000.0,838.0,4.0,3.0,1.0,1.0,thane,8830.54892601432
40 Lac ,Ready to Move,Resale,Unfurnished,,,,4000000.0,538.0,7.0,1.0,0.0,0.0,thane,7434.944237918216
1.20 Cr ,Ready to Move,Resale,Semi-Furnished,South - East,Garden/Park,Freehold,12000000.0,770.0,9.0,2.0,0.0,1.0,thane,15584.415584415585
65 Lac ,Ready to Move,Resale,Semi-Furnished,East,Garden/Park,Freehold,6500000.0,680.0,7.0,2.0,3.0,0.0,thane,9558.823529411764
2.25 Cr ,Ready to Move,Resale,Furnished,,,,22500000.0,660.0,9.0,2.0,0.0,0.0,thane,34090.90909090909
4.25 Cr ,Ready to Move,Resale,Semi-Furnished,East,Garden/Park,Freehold,42500000.0,1820.0,14.0,4.0,1.0,2.0,thane,23351.648351648353
25 Lac ,Ready to Move,Resale,Unfurnished,,,,2500000.0,715.0,1.0,2.0,0.0,0.0,thane,3496.5034965034965
45 Lac ,Ready to Move,Resale,Semi-Furnished,North - West,"Pool, Garden/Park",Co-operative Society,4500000.0,400.0,1.0,1.0,0.0,0.0,thane,11250.0
1 Cr ,,Resale,Semi-Furnished,East,Garden/Park,Co-operative Society,10000000.0,826.0,1.0,3.0,3.0,4.0,thane,12106.537530266343
2.15 Cr ,Ready to Move,Resale,Semi-Furnished,East,Garden/Park,Co-operative Society,21500000.0,722.0,14.0,2.0,1.0,1.0,thane,29778.393351800554
35 Lac ,Ready to Move,Resale,Unfurnished,East,"Garden/Park, Pool",Freehold,3500000.0,480.0,5.0,1.0,0.0,1.0,thane,7291.666666666667
2.25 Cr ,Ready to Move,Resale,Unfurnished,,,,22500000.0,1210.0,3.0,2.0,0.0,0.0,thane,18595.04132231405
35 Lac ,Ready to Move,Resale,Unfurnished,North - East,Main Road,Freehold,3500000.0,660.0,3.0,2.0,2.0,0.0,thane,5303.030303030303
1.20 Cr ,Ready to Move,Resale,Semi-Furnished,,,,12000000.0,700.0,7.0,2.0,0.0,0.0,thane,17142.85714285714
36 Lac ,Ready to Move,Resale,,,,,3600000.0,700.0,14.0,1.0,0.0,0.0,thane,5142.857142857143
54.5 Lac ,Ready to Move,Resale,Semi-Furnished,East,Main Road,Freehold,5450000.0,415.0,4.0,1.0,0.0,0.0,thane,13132.530120481928
32 Lac ,Ready to Move,Resale,Unfurnished,North,Garden/Park,,3200000.0,700.0,6.0,1.0,1.0,0.0,thane,4571.428571428572
88 Lac ,Ready to Move,Resale,Semi-Furnished,East,Garden/Park,Freehold,8800000.0,820.0,9.0,3.0,0.0,0.0,thane,10731.707317073171
1.56 Cr ,Ready to Move,Resale,Semi-Furnished,East,Garden/Park,Freehold,15600000.0,755.0,2.0,2.0,1.0,1.0,thane,20662.251655629138
42 Lac ,Ready to Move,Resale,Unfurnished,,,,4200000.0,450.0,0.0,1.0,0.0,0.0,thane,9333.333333333334
52 Lac ,Ready to Move,Resale,Unfurnished,,,,5200000.0,400.0,1.0,1.0,0.0,0.0,thane,13000.0
90 Lac ,Ready to Move,Resale,Unfurnished,North - East,"Garden/Park, Pool, Main Road",Co-operative Society,9000000.0,668.0,10.0,2.0,1.0,1.0,thane,13473.053892215568
70 Lac ,Ready to Move,New Property,Unfurnished,North,"Garden/Park, Main Road",Freehold,7000000.0,700.0,1.0,2.0,2.0,1.0,thane,10000.0
53 Lac ,Ready to Move,Resale,Semi-Furnished,East,Main Road,Freehold,5300000.0,410.0,2.0,1.0,0.0,0.0,thane,12926.829268292682
1.10 Cr ,Ready to Move,Resale,Semi-Furnished,South - East,Main Road,Freehold,11000000.0,700.0,1.0,2.0,1.0,1.0,thane,15714.285714285714
87 Lac ,Ready to Move,Resale,Unfurnished,,,Co-operative Society,8700000.0,527.0,1.0,1.0,0.0,0.0,thane,16508.53889943074
62 Lac ,Ready to Move,Resale,Unfurnished,North - East,"Garden/Park, Pool",Freehold,6200000.0,800.0,10.0,2.0,1.0,1.0,thane,7750.0
28 Lac ,Ready to Move,Resale,Furnished,,,,2800000.0,560.0,3.0,2.0,0.0,0.0,thane,5000.0
45 Lac ,Ready to Move,Resale,Unfurnished,,,,4500000.0,450.0,2.0,1.0,2.0,0.0,thane,10000.0
89 Lac ,Ready to Move,Resale,Semi-Furnished,East,"Pool, Garden/Park, Main Road",Freehold,8900000.0,856.0,6.0,3.0,2.0,0.0,thane,10397.196261682244
1.90 Cr ,Ready to Move,Resale,Furnished,North - East,Garden/Park,Co-operative Society,19000000.0,1120.0,14.0,3.0,2.0,1.0,thane,16964.285714285714
96 Lac ,Ready to Move,Resale,Semi-Furnished,East,Garden/Park,Freehold,9600000.0,480.0,4.0,2.0,0.0,1.0,thane,20000.0
83 Lac ,Ready to Move,Resale,Furnished,,,,8300000.0,600.0,6.0,1.0,0.0,0.0,thane,13833.333333333334
33 Lac ,Ready to Move,Resale,Semi-Furnished,South - East,"Pool, Garden/Park, Main Road",Co-operative Society,3300000.0,475.0,16.0,1.0,3.0,0.0,thane,6947.368421052632
58 Lac ,Ready to Move,Resale,Unfurnished,East,"Garden/Park, Pool, Main Road",Co-operative Society,5800000.0,400.0,8.0,2.0,1.0,0.0,thane,14500.0
58 Lac ,Ready to Move,Resale,Semi-Furnished,South - East,,Co-operative Society,5800000.0,749.0,6.0,2.0,0.0,0.0,thane,7743.6582109479305
85 Lac ,Ready to Move,Resale,Semi-Furnished,East,Garden/Park,,8500000.0,612.0,10.0,2.0,0.0,0.0,thane,13888.888888888889
1.10 Cr ,Ready to Move,Resale,Furnished,South,,Co-operative Society,11000000.0,480.0,2.0,1.0,0.0,0.0,thane,22916.666666666668
35 Lac ,Ready to Move,Resale,Unfurnished,East,Main Road,Freehold,3500000.0,590.0,2.0,1.0,2.0,0.0,thane,5932.203389830508
1.13 Cr ,Ready to Move,Resale,Unfurnished,East,"Garden/Park, Main Road",Freehold,11299999.999999998,636.0,20.0,2.0,2.0,1.0,thane,17767.295597484273
60 Lac ,Ready to Move,Resale,Semi-Furnished,,,,6000000.0,577.0,7.0,2.0,0.0,0.0,thane,10398.613518197573
25 Lac ,Ready to Move,Resale,Unfurnished,East,"Garden/Park, Main Road",Freehold,2500000.0,400.0,3.0,1.0,1.0,0.0,thane,6250.0
40 Lac ,Ready to Move,Resale,Unfurnished,,,,4000000.0,600.0,2.0,1.0,1.0,0.0,thane,6666.666666666667
50 Lac ,Ready to Move,Resale,Unfurnished,,,,5000000.0,450.0,17.0,2.0,0.0,0.0,thane,11111.111111111111
35 Lac ,Ready to Move,Resale,Semi-Furnished,,,,3500000.0,585.0,1.0,1.0,0.0,0.0,thane,5982.9059829059825
96 Lac ,Ready to Move,Resale,Semi-Furnished,North - East,Garden/Park,Freehold,9600000.0,771.0,10.0,2.0,1.0,1.0,thane,12451.36186770428
27 Lac ,Ready to Move,Resale,Unfurnished,,,,2700000.0,525.0,2.0,1.0,0.0,0.0,thane,5142.857142857143
1.55 Cr ,Ready to Move,Resale,Semi-Furnished,North - East,"Garden/Park, Main Road",Co-operative Society,15500000.0,1000.0,10.0,3.0,3.0,1.0,thane,15500.0
76 Lac ,Ready to Move,Resale,Furnished,,,,7600000.0,464.0,5.0,1.0,2.0,0.0,thane,16379.310344827587
1.11 Cr ,Ready to Move,Resale,Unfurnished,East,"Garden/Park, Main Road",Freehold,11100000.000000002,636.0,14.0,2.0,2.0,1.0,thane,17452.830188679247
68 Lac ,Ready to Move,Resale,Semi-Furnished,East,,Freehold,6800000.0,475.0,5.0,2.0,1.0,1.0,thane,14315.78947368421
75 Lac ,Ready to Move,Resale,Unfurnished,,,,7500000.0,727.0,9.0,2.0,1.0,1.0,thane,10316.368638239339
62 Lac ,Ready to Move,New Property,Unfurnished,,,,6200000.0,440.0,8.0,2.0,1.0,0.0,thane,14090.90909090909
73 Lac ,Ready to Move,Resale,Semi-Furnished,West,"Pool, Garden/Park, Main Road",Power Of Attorney,7300000.0,700.0,4.0,2.0,2.0,0.0,thane,10428.57142857143
75 Lac ,Ready to Move,Resale,Semi-Furnished,,"Garden/Park, Main Road",Co-operative Society,7500000.0,420.0,5.0,1.0,2.0,0.0,thane,17857.14285714286
54 Lac ,Ready to Move,Resale,Unfurnished,,,,5400000.0,656.0,6.0,2.0,0.0,0.0,thane,8231.707317073171
1 Cr ,Ready to Move,Resale,Unfurnished,East,"Garden/Park, Pool, Main Road",Freehold,10000000.0,666.0,4.0,2.0,1.0,1.0,thane,15015.015015015015
45 Lac ,Ready to Move,Resale,Semi-Furnished,,,,4500000.0,410.0,5.0,1.0,0.0,0.0,thane,10975.609756097561
48 Lac ,Ready to Move,Resale,Semi-Furnished,,,,4800000.0,455.0,1.0,1.0,0.0,0.0,thane,10549.45054945055
48 Lac ,Ready to Move,Resale,Semi-Furnished,,,,4800000.0,450.0,1.0,1.0,0.0,0.0,thane,10666.666666666666
90 Lac ,Ready to Move,Resale,Unfurnished,,,,9000000.0,468.0,0.0,2.0,0.0,0.0,thane,19230.76923076923
42 Lac ,Ready to Move,New Property,Unfurnished,East,Main Road,Freehold,4200000.0,401.0,5.0,2.0,0.0,1.0,thane,10473.815461346634
1.22 Cr ,Ready to Move,Resale,Unfurnished,East,"Garden/Park, Main Road",Freehold,12200000.0,650.0,12.0,2.0,1.0,1.0,thane,18769.23076923077
1.60 Cr ,Ready to Move,Resale,Semi-Furnished,,,,16000000.0,990.0,19.0,2.0,0.0,0.0,thane,16161.61616161616
2 Cr ,Ready to Move,Resale,Semi-Furnished,,,,20000000.0,1115.0,6.0,3.0,0.0,2.0,thane,17937.219730941702
30 Lac ,Ready to Move,Resale,Unfurnished,,,,3000000.0,555.0,5.0,1.0,0.0,0.0,thane,5405.405405405405
16.5 Lac ,Ready to Move,Resale,Semi-Furnished,,,,1650000.0,395.0,4.0,2.0,0.0,0.0,thane,4177.215189873417
75.5 Lac ,Ready to Move,Resale,Semi-Furnished,North - East,Main Road,Co-operative Society,7550000.0,450.0,4.0,2.0,0.0,1.0,thane,16777.777777777777
28 Lac ,Ready to Move,Resale,Semi-Furnished,East,Main Road,Freehold,2800000.0,460.0,1.0,2.0,2.0,0.0,thane,6086.95652173913
27 Lac ,Ready to Move,Resale,Unfurnished,East,,Co-operative Society,2700000.0,490.0,4.0,1.0,1.0,0.0,thane,5510.2040816326535
26 Lac ,Ready to Move,Resale,Semi-Furnished,East,Main Road,Freehold,2600000.0,380.0,4.0,1.0,0.0,0.0,thane,6842.105263157895
80 Lac ,Ready to Move,New Property,Furnished,,"Garden/Park, Main Road",Co-operative Society,8000000.0,915.0,6.0,3.0,0.0,0.0,thane,8743.169398907105
33 Lac ,Ready to Move,Resale,Semi-Furnished,East,,,3300000.0,635.0,1.0,2.0,0.0,1.0,thane,5196.850393700787
68 Lac ,Ready to Move,Resale,Semi-Furnished,East,Main Road,Freehold,6800000.0,445.0,6.0,2.0,0.0,1.0,thane,15280.898876404495
95 Lac ,Ready to Move,New Property,Furnished,East,,Freehold,9500000.0,756.0,20.0,2.0,1.0,1.0,thane,12566.137566137566
2.35 Cr ,Ready to Move,Resale,Semi-Furnished,East,Garden/Park,Freehold,23500000.0,910.0,10.0,3.0,0.0,1.0,thane,25824.175824175825
1.50 Cr ,Ready to Move,Resale,Semi-Furnished,East,Garden/Park,Freehold,15000000.0,559.0,10.0,2.0,0.0,1.0,thane,26833.631484794274
95 Lac ,Ready to Move,Resale,Furnished,East,Garden/Park,Leasehold,9500000.0,511.0,7.0,1.0,0.0,0.0,thane,18590.998043052838
2.40 Cr ,Ready to Move,Resale,Furnished,East,Garden/Park,Freehold,24000000.0,1500.0,6.0,3.0,2.0,2.0,thane,16000.0
45 Lac ,Ready to Move,Resale,Semi-Furnished,,,,4500000.0,504.0,7.0,2.0,0.0,0.0,thane,8928.57142857143
20 Lac ,Ready to Move,Resale,Semi-Furnished,,,,2000000.0,350.0,3.0,1.0,0.0,0.0,thane,5714.285714285715
39.5 Lac ,Ready to Move,Resale,Unfurnished,East,"Garden/Park, Main Road",Co-operative Society,3950000.0,450.0,4.0,2.0,2.0,0.0,thane,8777.777777777777
35 Lac ,Ready to Move,Resale,Unfurnished,North - East,,,3500000.0,550.0,2.0,1.0,2.0,0.0,thane,6363.636363636364
42 Lac ,Ready to Move,Resale,Unfurnished,East,Main Road,Co-operative Society,4200000.0,455.0,3.0,1.0,1.0,1.0,thane,9230.76923076923
1.53 Cr ,Ready to Move,New Property,Unfurnished,North - East,"Garden/Park, Main Road",Freehold,15300000.0,635.0,21.0,2.0,1.0,1.0,thane,24094.48818897638
23.8 Lac ,Ready to Move,New Property,Unfurnished,East,Garden/Park,Freehold,2380000.0,450.0,4.0,2.0,1.0,1.0,thane,5288.888888888889
25 Lac ,Ready to Move,Resale,Unfurnished,,,,2500000.0,450.0,7.0,1.0,0.0,0.0,thane,5555.555555555556
76 Lac ,Ready to Move,Resale,Furnished,North - East,Main Road,,7600000.0,464.0,5.0,1.0,2.0,0.0,thane,16379.310344827587
29 Lac ,Ready to Move,Resale,Unfurnished,East,"Garden/Park, Pool",Co-operative Society,2900000.0,704.0,7.0,1.0,2.0,0.0,thane,4119.318181818182
1.65 Cr ,Ready to Move,Resale,Furnished,,,,16500000.0,1000.0,16.0,3.0,0.0,0.0,thane,16500.0
51 Lac ,Ready to Move,Resale,Unfurnished,East,Garden/Park,,5100000.0,620.0,2.0,1.0,1.0,0.0,thane,8225.806451612903
95 Lac ,Ready to Move,Resale,Furnished,,,,9500000.0,950.0,6.0,2.0,0.0,0.0,thane,10000.0
1.55 Cr ,Ready to Move,Resale,Unfurnished,East,"Garden/Park, Main Road",Freehold,15500000.0,570.0,6.0,2.0,0.0,1.0,thane,27192.98245614035
1.39 Cr ,Ready to Move,Resale,Unfurnished,,,,13899999.999999998,717.0,2.0,2.0,0.0,0.0,thane,19386.33193863319
1.70 Cr ,Ready to Move,New Property,Unfurnished,North - East,Main Road,Freehold,17000000.0,767.0,9.0,2.0,3.0,1.0,thane,22164.276401564537
1 Cr ,Ready to Move,New Property,Semi-Furnished,,,,10000000.0,1100.0,8.0,2.0,0.0,0.0,thane,9090.90909090909
1.09 Cr ,Ready to Move,Resale,Unfurnished,East,"Garden/Park, Main Road",Freehold,10900000.0,650.0,19.0,2.0,2.0,1.0,thane,16769.23076923077
30 Lac ,Ready to Move,Resale,Semi-Furnished,,,Freehold,3000000.0,370.0,2.0,1.0,0.0,0.0,thane,8108.108108108108
86 Lac ,Ready to Move,Resale,Unfurnished,,,,8600000.0,800.0,6.0,2.0,0.0,0.0,thane,10750.0
53 Lac ,Ready to Move,Resale,Unfurnished,,,,5300000.0,370.0,22.0,1.0,0.0,0.0,thane,14324.324324324325
38 Lac ,Ready to Move,Resale,Unfurnished,,,,3800000.0,430.0,4.0,1.0,0.0,0.0,thane,8837.209302325582
39 Lac ,Ready to Move,Resale,Unfurnished,,,,3900000.0,450.0,4.0,1.0,0.0,0.0,thane,8666.666666666666
1.21 Cr ,Ready to Move,Resale,Furnished,East,Garden/Park,Freehold,12100000.0,780.0,2.0,2.0,0.0,1.0,thane,15512.820512820514
1.10 Cr ,Ready to Move,Resale,Unfurnished,East,"Garden/Park, Main Road",Freehold,11000000.0,636.0,13.0,2.0,2.0,1.0,thane,17295.59748427673
2.10 Cr ,Ready to Move,Resale,Semi-Furnished,,,,21000000.0,930.0,7.0,2.0,0.0,0.0,thane,22580.645161290322
52 Lac ,Ready to Move,Resale,Semi-Furnished,,"Main Road, Garden/Park",Co-operative Society,5200000.0,430.0,1.0,1.0,0.0,0.0,thane,12093.023255813954
1.10 Cr ,Ready to Move,Resale,Unfurnished,East,Pool,Freehold,11000000.0,600.0,6.0,2.0,2.0,1.0,thane,18333.333333333332
62 Lac ,Ready to Move,Resale,Unfurnished,North,"Garden/Park, Main Road",Freehold,6200000.0,640.0,2.0,2.0,2.0,0.0,thane,9687.5
38 Lac ,Ready to Move,Resale,Unfurnished,,,,3800000.0,540.0,4.0,1.0,0.0,0.0,thane,7037.037037037037
20.5 Lac ,Ready to Move,New Property,Unfurnished,North - East,Garden/Park,Freehold,2050000.0,388.0,12.0,1.0,2.0,0.0,thane,5283.505154639175
39 Lac ,Ready to Move,Resale,Unfurnished,West,"Pool, Garden/Park, Main Road",Power Of Attorney,3900000.0,435.0,6.0,2.0,1.0,0.0,thane,8965.51724137931
40 Lac ,Ready to Move,Resale,Unfurnished,West,,Freehold,4000000.0,300.0,1.0,1.0,0.0,1.0,thane,13333.333333333334
60 Lac ,Ready to Move,Resale,Unfurnished,East,"Garden/Park, Main Road",Co-operative Society,6000000.0,410.0,8.0,2.0,3.0,0.0,thane,14634.146341463415
2.10 Cr ,Ready to Move,Resale,Semi-Furnished,North - East,Garden/Park,Freehold,21000000.0,1290.0,15.0,3.0,1.0,2.0,thane,16279.06976744186
95 Lac ,Ready to Move,Resale,Unfurnished,,,,9500000.0,840.0,4.0,2.0,0.0,0.0,thane,11309.52380952381
1.12 Cr ,Ready to Move,Resale,Unfurnished,East,"Garden/Park, Main Road",Freehold,11200000.000000002,636.0,16.0,2.0,2.0,1.0,thane,17610.062893081766
1.70 Cr ,Ready to Move,Resale,Unfurnished,,,,17000000.0,940.0,15.0,3.0,3.0,0.0,thane,18085.106382978724
42 Lac ,Ready to Move,Resale,Unfurnished,East,"Garden/Park, Main Road",Freehold,4200000.0,475.0,13.0,2.0,3.0,0.0,thane,8842.105263157895
25 Lac ,Ready to Move,Resale,Unfurnished,,,,2500000.0,468.0,4.0,1.0,1.0,0.0,thane,5341.880341880342
45 Lac ,Ready to Move,Resale,Semi-Furnished,,,,4500000.0,495.0,2.0,1.0,0.0,0.0,thane,9090.90909090909
2.45 Cr ,Ready to Move,Resale,Semi-Furnished,North - East,Main Road,Freehold,24500000.0,1250.0,15.0,3.0,3.0,323.0,thane,19600.0
49 Lac ,Ready to Move,Resale,Semi-Furnished,West,"Pool, Garden/Park, Main Road",Power Of Attorney,4900000.0,450.0,9.0,2.0,2.0,0.0,thane,10888.888888888889
1.81 Cr ,Ready to Move,New Property,Unfurnished,East,Main Road,Freehold,18100000.0,818.0,11.0,2.0,0.0,1.0,thane,22127.139364303177
60 Lac ,Ready to Move,Resale,Unfurnished,East,Garden/Park,Freehold,6000000.0,670.0,5.0,2.0,1.0,1.0,thane,8955.223880597016
45 Lac ,Ready to Move,New Property,Semi-Furnished,,"Garden/Park, Pool",,4500000.0,580.0,9.0,1.0,2.0,0.0,thane,7758.620689655172
45 Lac ,Ready to Move,Resale,Semi-Furnished,,,,4500000.0,940.0,7.0,2.0,0.0,0.0,thane,4787.234042553191
45 Lac ,Ready to Move,Resale,Furnished,East,Garden/Park,Freehold,4500000.0,584.0,10.0,2.0,0.0,0.0,thane,7705.479452054795
30 Lac ,Ready to Move,Resale,Semi-Furnished,East,"Garden/Park, Main Road",Freehold,3000000.0,640.0,3.0,2.0,2.0,0.0,thane,4687.5
2.50 Cr ,Ready to Move,Resale,Unfurnished,East,Garden/Park,Freehold,25000000.0,1260.0,10.0,3.0,1.0,2.0,thane,19841.26984126984
29 Lac ,Ready to Move,Resale,Unfurnished,,"Garden/Park, Main Road",Co-operative Society,2900000.0,650.0,6.0,2.0,3.0,0.0,thane,4461.538461538462
68 Lac ,Ready to Move,Resale,Unfurnished,East,Main Road,Co-operative Society,6800000.0,700.0,3.0,2.0,0.0,0.0,thane,9714.285714285714
72 Lac ,Ready to Move,Resale,Semi-Furnished,East,Main Road,Freehold,7200000.0,430.0,4.0,2.0,1.0,1.0,thane,16744.18604651163
12.5 Lac ,Ready to Move,Resale,Semi-Furnished,,Main Road,Freehold,1250000.0,395.0,1.0,1.0,0.0,1.0,thane,3164.5569620253164
1.75 Cr ,Ready to Move,Resale,Unfurnished,East,Garden/Park,Freehold,17500000.0,844.0,3.0,2.0,0.0,1.0,thane,20734.597156398104
50 Lac ,Ready to Move,Resale,Semi-Furnished,East,"Pool, Garden/Park, Main Road",Power Of Attorney,5000000.0,450.0,4.0,2.0,2.0,0.0,thane,11111.111111111111
1.80 Cr ,Ready to Move,New Property,Semi-Furnished,North,"Garden/Park, Pool",Freehold,18000000.0,1800.0,18.0,3.0,3.0,0.0,thane,10000.0
75 Lac ,Ready to Move,Resale,Semi-Furnished,,,,7500000.0,453.0,3.0,1.0,1.0,0.0,thane,16556.29139072848
24 Lac ,Ready to Move,Resale,Unfurnished,,Main Road,,2400000.0,441.0,2.0,2.0,1.0,0.0,thane,5442.1768707483
22 Lac ,Ready to Move,Resale,Unfurnished,,,,2200000.0,420.0,10.0,1.0,0.0,0.0,thane,5238.0952380952385
82 Lac ,Ready to Move,Resale,Furnished,West,Main Road,Freehold,8200000.0,450.0,2.0,2.0,4.0,0.0,thane,18222.222222222223
25 Lac ,Ready to Move,Resale,Semi-Furnished,,,,2500000.0,430.0,4.0,2.0,3.0,0.0,thane,5813.953488372093
1.55 Cr ,Ready to Move,Resale,Unfurnished,,Garden/Park,Freehold,15500000.0,676.0,2.0,2.0,1.0,0.0,thane,22928.994082840236
2.10 Cr ,Ready to Move,Resale,Semi-Furnished,North - East,"Garden/Park, Main Road, Pool",Freehold,21000000.0,1115.0,18.0,3.0,1.0,2.0,thane,18834.08071748879
1.60 Cr ,Ready to Move,Resale,Unfurnished,North,Garden/Park,Freehold,16000000.0,950.0,15.0,3.0,4.0,1.0,thane,16842.105263157893
43 Lac ,Ready to Move,Resale,Semi-Furnished,,,,4300000.0,400.0,0.0,1.0,0.0,0.0,thane,10750.0
45 Lac ,Ready to Move,Resale,Unfurnished,,,,4500000.0,400.0,0.0,1.0,0.0,0.0,thane,11250.0
1.05 Cr ,Ready to Move,Resale,Unfurnished,East,Main Road,Co-operative Society,10500000.0,530.0,20.0,2.0,0.0,1.0,thane,19811.32075471698
70 Lac ,Ready to Move,Resale,Semi-Furnished,,,,7000000.0,636.0,3.0,1.0,0.0,0.0,thane,11006.289308176101
1.15 Cr ,Ready to Move,Resale,Semi-Furnished,West,"Pool, Garden/Park, Main Road",Power Of Attorney,11500000.0,700.0,8.0,2.0,2.0,0.0,thane,16428.571428571428
60 Lac ,Ready to Move,Resale,Unfurnished,,,,6000000.0,620.0,2.0,2.0,1.0,0.0,thane,9677.41935483871
40 Lac ,Ready to Move,Resale,Unfurnished,,,,4000000.0,501.0,0.0,1.0,0.0,0.0,thane,7984.031936127744
38 Lac ,Ready to Move,Resale,Semi-Furnished,,,,3800000.0,695.0,4.0,1.0,0.0,0.0,thane,5467.625899280575
2.30 Cr ,Ready to Move,Resale,Unfurnished,East,Garden/Park,Freehold,23000000.0,902.0,14.0,2.0,1.0,1.0,thane,25498.89135254989
2.35 Cr ,Ready to Move,Resale,Semi-Furnished,East,"Garden/Park, Pool",Freehold,23500000.0,1090.0,17.0,3.0,0.0,2.0,thane,21559.633027522937
1.25 Cr ,Ready to Move,Resale,Furnished,East,Garden/Park,Co-operative Society,12500000.0,1240.0,5.0,4.0,4.0,1.0,thane,10080.645161290322
65 Lac ,Ready to Move,New Property,Unfurnished,North - East,"Garden/Park, Pool",Freehold,6500000.0,640.0,2.0,2.0,3.0,0.0,thane,10156.25
79 Lac ,Ready to Move,Resale,Furnished,,,,7900000.0,965.0,4.0,2.0,0.0,0.0,thane,8186.5284974093265
71 Lac ,Ready to Move,Resale,Unfurnished,,Garden/Park,Freehold,7100000.0,450.0,2.0,1.0,0.0,0.0,thane,15777.777777777777
1.65 Cr ,Ready to Move,Resale,Semi-Furnished,East,Garden/Park,Freehold,16500000.0,880.0,10.0,2.0,1.0,1.0,thane,18750.0
3.10 Cr ,Ready to Move,Resale,Semi-Furnished,East,Garden/Park,Freehold,31000000.0,1070.0,21.0,4.0,0.0,1.0,thane,28971.96261682243
57 Lac ,Ready to Move,Resale,Semi-Furnished,,Garden/Park,Co-operative Society,5700000.0,300.0,4.0,1.0,2.0,0.0,thane,19000.0
2.75 Cr ,Ready to Move,Resale,Unfurnished,East,Garden/Park,Freehold,27500000.0,1250.0,8.0,3.0,1.0,2.0,thane,22000.0
80 Lac ,Ready to Move,Resale,Unfurnished,East,Garden/Park,Freehold,8000000.0,610.0,5.0,2.0,0.0,0.0,thane,13114.754098360656
60 Lac ,Ready to Move,Resale,Unfurnished,West,"Garden/Park, Main Road",Co-operative Society,6000000.0,700.0,6.0,2.0,2.0,0.0,thane,8571.42857142857
2 Cr ,Ready to Move,Resale,Unfurnished,West,"Garden/Park, Main Road",Co-operative Society,20000000.0,900.0,25.0,2.0,1.0,0.0,thane,22222.222222222223
1.12 Cr ,Ready to Move,Resale,Semi-Furnished,East,Garden/Park,Freehold,11200000.000000002,680.0,8.0,2.0,1.0,1.0,thane,16470.58823529412
90 Lac ,Ready to Move,Resale,Unfurnished,,,,9000000.0,700.0,12.0,2.0,3.0,0.0,thane,12857.142857142857
2.54 Cr ,Ready to Move,New Property,Unfurnished,East,Main Road,Freehold,25400000.0,1163.0,15.0,3.0,1.0,1.0,thane,21840.068787618227
41 Lac ,Ready to Move,Resale,Unfurnished,,"Main Road, Garden/Park, Pool",,4100000.0,430.0,16.0,1.0,3.0,0.0,thane,9534.883720930233
24.8 Lac ,Ready to Move,Resale,Semi-Furnished,,,,2480000.0,486.0,7.0,1.0,2.0,0.0,thane,5102.880658436214
23.2 Lac ,Ready to Move,Resale,Semi-Furnished,,,,2320000.0,486.0,7.0,1.0,2.0,0.0,thane,4773.6625514403295
51 Lac ,Ready to Move,Resale,Semi-Furnished,East,Main Road,,5100000.0,650.0,4.0,1.0,0.0,1.0,thane,7846.153846153846
94 Lac ,Ready to Move,Resale,Semi-Furnished,North,Garden/Park,Freehold,9400000.0,441.0,7.0,1.0,0.0,1.0,thane,21315.19274376417
18 Lac ,Ready to Move,Resale,Semi-Furnished,,"Garden/Park, Main Road",Freehold,1800000.0,448.0,0.0,1.0,1.0,1.0,thane,4017.8571428571427
1.07 Cr ,Ready to Move,Resale,Semi-Furnished,North - East,"Garden/Park, Main Road",Co-operative Society,10700000.0,752.0,7.0,2.0,4.0,1.0,thane,14228.72340425532
70 Lac ,Ready to Move,Resale,,,,,7000000.0,970.0,1.0,2.0,0.0,0.0,thane,7216.494845360825
2.85 Cr ,Ready to Move,Resale,Semi-Furnished,North,Garden/Park,Freehold,28500000.0,1015.0,11.0,3.0,1.0,1.0,thane,28078.81773399015
45 Lac ,Ready to Move,Resale,Unfurnished,,Garden/Park,Co-operative Society,4500000.0,515.0,2.0,2.0,0.0,0.0,thane,8737.864077669903
65 Lac ,Ready to Move,Resale,Unfurnished,East,"Garden/Park, Main Road",Co-operative Society,6500000.0,425.0,9.0,2.0,2.0,0.0,thane,15294.117647058823
47 Lac ,Ready to Move,Resale,Unfurnished,North - East,"Garden/Park, Main Road",Co-operative Society,4700000.0,350.0,5.0,1.0,1.0,0.0,thane,13428.57142857143
1.60 Cr ,Ready to Move,Resale,Unfurnished,West,Main Road,Freehold,16000000.0,635.0,20.0,2.0,0.0,1.0,thane,25196.850393700788
18 Lac ,Ready to Move,Resale,Unfurnished,,,,1800000.0,401.0,3.0,2.0,1.0,0.0,thane,4488.7780548628425
90 Lac ,Ready to Move,Resale,Furnished,East,Main Road,Co-operative Society,9000000.0,490.0,4.0,2.0,0.0,1.0,thane,18367.34693877551
32 Lac ,Ready to Move,Resale,Unfurnished,,"Garden/Park, Main Road",,3200000.0,425.0,4.0,2.0,3.0,0.0,thane,7529.411764705882
30 Lac ,Ready to Move,Resale,Semi-Furnished,,,,3000000.0,500.0,3.0,2.0,0.0,0.0,thane,6000.0
1.36 Cr ,Ready to Move,New Property,Unfurnished,East,"Garden/Park, Main Road",Freehold,13600000.000000002,580.0,8.0,1.0,1.0,1.0,thane,23448.275862068967
40 Lac ,Ready to Move,Resale,Semi-Furnished,,,,4000000.0,386.0,4.0,2.0,1.0,0.0,thane,10362.694300518135
60 Lac ,Ready to Move,Resale,Unfurnished,East,"Garden/Park, Pool",Freehold,6000000.0,486.0,6.0,1.0,1.0,11.0,thane,12345.67901234568
25 Lac ,Ready to Move,Resale,,,,,2500000.0,525.0,4.0,2.0,0.0,0.0,thane,4761.9047619047615
25 Lac ,Ready to Move,Resale,Unfurnished,East,"Garden/Park, Main Road",Freehold,2500000.0,675.0,5.0,2.0,3.0,0.0,thane,3703.703703703704
23.5 Lac ,Ready to Move,New Property,Unfurnished,East,Garden/Park,Freehold,2350000.0,405.0,3.0,2.0,1.0,1.0,thane,5802.469135802469
55 Lac ,Ready to Move,Resale,Semi-Furnished,,,,5500000.0,550.0,7.0,1.0,0.0,0.0,thane,10000.0
80.9 Lac ,Ready to Move,Resale,Semi-Furnished,East,Main Road,Co-operative Society,8090000.000000001,600.0,5.0,2.0,0.0,103.0,thane,13483.333333333336
75 Lac ,Ready to Move,Resale,Unfurnished,East,"Garden/Park, Pool, Main Road",Freehold,7500000.0,838.0,15.0,3.0,1.0,1.0,thane,8949.880668257756
1.25 Cr ,Ready to Move,Resale,Semi-Furnished,,Garden/Park,Co-operative Society,12500000.0,574.0,17.0,2.0,0.0,1.0,thane,21777.003484320558
25 Lac ,Ready to Move,Resale,Unfurnished,West,,Freehold,2500000.0,430.0,1.0,2.0,0.0,0.0,thane,5813.953488372093
1.10 Cr ,Ready to Move,Resale,Furnished,,,,11000000.0,1100.0,5.0,2.0,0.0,0.0,thane,10000.0
55 Lac ,Ready to Move,Resale,Unfurnished,North - East,"Garden/Park, Pool, Main Road",Co-operative Society,5500000.0,450.0,7.0,2.0,1.0,1.0,thane,12222.222222222223
50 Lac ,Ready to Move,Resale,Unfurnished,,,,5000000.0,527.4359999999999,5.0,2.0,1.0,0.0,thane,9479.823144419419
2.45 Cr ,Ready to Move,Resale,Semi-Furnished,North - East,"Garden/Park, Pool, Main Road",Co-operative Society,24500000.0,999.0,18.0,3.0,3.0,1.0,thane,24524.524524524524
37 Lac ,Ready to Move,Resale,Furnished,East,"Garden/Park, Main Road",,3700000.0,575.0,3.0,2.0,0.0,0.0,thane,6434.782608695652
1.25 Cr ,Ready to Move,New Property,Unfurnished,East,Garden/Park,Co-operative Society,12500000.0,607.0,6.0,2.0,0.0,0.0,thane,20593.080724876443
1.95 Cr ,Ready to Move,Resale,Semi-Furnished,West,Main Road,Freehold,19500000.0,1500.0,4.0,3.0,0.0,0.0,thane,13000.0
1 Cr ,Ready to Move,Resale,Unfurnished,East,"Garden/Park, Main Road",Freehold,10000000.0,586.0,13.0,2.0,1.0,1.0,thane,17064.846416382254
75 Lac ,Ready to Move,Resale,Semi-Furnished,North,Garden/Park,Co-operative Society,7500000.0,470.0,3.0,2.0,2.0,1.0,thane,15957.446808510638
1.10 Cr ,Ready to Move,Resale,Unfurnished,,,,11000000.0,652.0,7.0,2.0,0.0,0.0,thane,16871.16564417178
2.69 Cr ,Ready to Move,Resale,Unfurnished,North - East,"Garden/Park, Pool, Main Road",Freehold,26900000.0,1100.0,4.0,3.0,0.0,1.0,thane,24454.545454545456
1.75 Cr ,Ready to Move,Resale,Unfurnished,East,Garden/Park,Freehold,17500000.0,750.0,10.0,2.0,0.0,0.0,thane,23333.333333333332
1.40 Cr ,Ready to Move,Resale,Unfurnished,East,Garden/Park,Co-operative Society,14000000.0,800.0,1.0,2.0,1.0,0.0,thane,17500.0
23.5 Lac ,Ready to Move,Resale,Unfurnished,,,,2350000.0,605.0,5.0,1.0,1.0,0.0,thane,3884.2975206611573
31 Lac ,Ready to Move,Resale,Unfurnished,East,Garden/Park,Freehold,3100000.0,850.0,5.0,2.0,0.0,1.0,thane,3647.0588235294117
2.85 Cr ,Ready to Move,Resale,Unfurnished,East,Garden/Park,Freehold,28500000.0,1246.0,9.0,3.0,1.0,2.0,thane,22873.194221508827
18.5 Lac ,Ready to Move,Resale,Unfurnished,East,Main Road,Freehold,1850000.0,443.0,1.0,2.0,3.0,0.0,thane,4176.07223476298
1.35 Cr ,Ready to Move,New Property,Unfurnished,East,"Garden/Park, Main Road",Freehold,13500000.0,580.0,9.0,1.0,1.0,1.0,thane,23275.862068965518
1.02 Cr ,Ready to Move,Resale,Unfurnished,East,"Garden/Park, Main Road",Freehold,10200000.0,586.0,15.0,2.0,1.0,1.0,thane,17406.143344709897
36 Lac ,Ready to Move,Resale,Unfurnished,,,,3600000.0,662.0,16.0,2.0,0.0,0.0,thane,5438.0664652567975
68 Lac ,Ready to Move,Resale,Unfurnished,East,"Garden/Park, Main Road",Freehold,6800000.0,685.0,3.0,2.0,0.0,0.0,thane,9927.007299270073
3.50 Cr ,Ready to Move,New Property,Unfurnished,East,Garden/Park,Freehold,35000000.0,1518.0,18.0,4.0,1.0,1.0,thane,23056.6534914361
5.79 Cr ,Ready to Move,Resale,Semi-Furnished,East,"Pool, Garden/Park, Main Road",Freehold,57900000.0,2020.0,13.0,5.0,1.0,3.0,thane,28663.366336633662
1 Cr ,Ready to Move,Resale,Semi-Furnished,East,Garden/Park,Freehold,10000000.0,475.0,12.0,2.0,0.0,1.0,thane,21052.63157894737
75 Lac ,Ready to Move,Resale,Furnished,East,"Garden/Park, Pool, Main Road",Freehold,7500000.0,455.0,28.0,2.0,2.0,0.0,thane,16483.516483516483
2.25 Cr ,Ready to Move,Resale,Semi-Furnished,East,Garden/Park,Freehold,22500000.0,1090.0,10.0,3.0,0.0,2.0,thane,20642.201834862386
2.75 Cr ,Ready to Move,Resale,Unfurnished,East,Garden/Park,Freehold,27500000.0,1070.0,12.0,3.0,1.0,2.0,thane,25700.934579439254
28 Lac ,Ready to Move,Resale,Unfurnished,East,"Garden/Park, Main Road",Freehold,2800000.0,400.0,0.0,1.0,0.0,0.0,thane,7000.0
33.3 Lac ,Ready to Move,New Property,Unfurnished,East,Garden/Park,Freehold,3329999.9999999995,585.0,5.0,2.0,2.0,1.0,thane,5692.3076923076915
1.45 Cr ,Ready to Move,Resale,Unfurnished,West,"Garden/Park, Main Road",Freehold,14500000.0,826.0,6.0,3.0,1.0,0.0,thane,17554.4794188862
53.5 Lac ,Ready to Move,New Property,Unfurnished,East,"Garden/Park, Main Road",Freehold,5350000.0,444.0,4.0,2.0,4.0,1.0,thane,12049.549549549549
25 Lac ,Ready to Move,New Property,Unfurnished,,,Freehold,2500000.0,650.0,3.0,1.0,1.0,0.0,thane,3846.153846153846
1.30 Cr ,Ready to Move,New Property,Unfurnished,East,"Pool, Garden/Park",Freehold,13000000.0,750.0,24.0,2.0,0.0,0.0,thane,17333.333333333332
30 Lac ,Ready to Move,Resale,Unfurnished,North - East,Garden/Park,Freehold,3000000.0,495.0,5.0,1.0,1.0,1.0,thane,6060.606060606061
83 Lac ,Ready to Move,Resale,Unfurnished,East,Garden/Park,Freehold,8300000.0,650.0,4.0,2.0,0.0,1.0,thane,12769.23076923077
2.19 Cr ,Ready to Move,Resale,Semi-Furnished,East,Garden/Park,Freehold,21900000.0,993.0,12.0,3.0,0.0,1.0,thane,22054.380664652566
1.22 Cr ,Ready to Move,Resale,Semi-Furnished,East,"Garden/Park, Main Road",Freehold,12200000.0,711.0,25.0,2.0,1.0,1.0,thane,17158.931082981715
2.10 Cr ,Ready to Move,New Property,Unfurnished,East,Main Road,Freehold,21000000.0,1042.0,16.0,3.0,1.0,1.0,thane,20153.55086372361
25.2 Lac ,Ready to Move,Resale,Semi-Furnished,,Main Road,Freehold,2520000.0,600.0,3.0,1.0,0.0,0.0,thane,4200.0
89 Lac ,Ready to Move,New Property,Unfurnished,East,Garden/Park,Co-operative Society,8900000.0,611.0,9.0,2.0,3.0,1.0,thane,14566.284779050737
95 Lac ,Ready to Move,Resale,Semi-Furnished,East,Garden/Park,Co-operative Society,9500000.0,670.0,3.0,2.0,0.0,1.0,thane,14179.10447761194
65 Lac ,Ready to Move,New Property,Unfurnished,,,,6500000.0,585.0,10.0,2.0,0.0,0.0,thane,11111.111111111111
27.5 Lac ,Ready to Move,Resale,Unfurnished,,,,2750000.0,750.0,2.0,1.0,0.0,0.0,thane,3666.6666666666665
31.1 Lac ,Ready to Move,Resale,Furnished,,,,3110000.0,950.0,10.0,2.0,0.0,0.0,thane,3273.684210526316
25 Lac ,Ready to Move,Resale,Unfurnished,,,,2500000.0,650.0,1.0,1.0,0.0,0.0,thane,3846.153846153846
1.41 Cr ,Ready to Move,Resale,Unfurnished,North - East,"Garden/Park, Main Road",Freehold,14100000.0,779.0,13.0,2.0,1.0,1.0,thane,18100.12836970475
76 Lac ,Ready to Move,Resale,Unfurnished,North - East,"Garden/Park, Pool, Main Road",Co-operative Society,7600000.0,525.0,15.0,2.0,2.0,1.0,thane,14476.190476190477
22 Lac ,Ready to Move,Resale,Unfurnished,,,,2200000.0,550.0,2.0,1.0,0.0,0.0,thane,4000.0
1.08 Cr ,Ready to Move,Resale,Unfurnished,East,"Garden/Park, Main Road",Freehold,10800000.0,636.0,11.0,2.0,2.0,1.0,thane,16981.132075471698
51 Lac ,Ready to Move,Resale,Unfurnished,North,Main Road,Co-operative Society,5100000.0,610.0,1.0,2.0,3.0,0.0,thane,8360.655737704918
18 Lac ,Ready to Move,Resale,Unfurnished,,,,1800000.0,351.0,2.0,1.0,0.0,0.0,thane,5128.205128205128
40 Lac ,Ready to Move,Resale,Unfurnished,,,,4000000.0,450.0,7.0,1.0,0.0,0.0,thane,8888.888888888889
1.40 Cr ,Ready to Move,Resale,Unfurnished,North - East,Main Road,Co-operative Society,14000000.0,720.0,11.0,2.0,3.0,1.0,thane,19444.444444444445
2.25 Cr ,Ready to Move,Resale,Unfurnished,West,"Garden/Park, Pool",Co-operative Society,22500000.0,1100.0,,3.0,3.0,0.0,thane,20454.545454545456
34 Lac ,Ready to Move,New Property,Unfurnished,East,"Garden/Park, Main Road",Freehold,3400000.0,440.0,9.0,2.0,3.0,1.0,thane,7727.272727272727
2.20 Cr ,Ready to Move,New Property,Unfurnished,West,Main Road,Co-operative Society,22000000.0,1375.0,9.0,3.0,1.0,1.0,thane,16000.0
54 Lac ,Ready to Move,New Property,Unfurnished,East,"Garden/Park, Main Road",Freehold,5400000.0,700.0,5.0,2.0,3.0,1.0,thane,7714.285714285715
79 Lac ,Ready to Move,Resale,Unfurnished,North - East,"Garden/Park, Pool, Main Road",,7900000.0,474.0,23.0,2.0,0.0,0.0,thane,16666.666666666668
66 Lac ,Ready to Move,Resale,Semi-Furnished,East,Garden/Park,Co-operative Society,6600000.0,420.0,4.0,1.0,0.0,0.0,thane,15714.285714285714
1.90 Cr ,Ready to Move,Resale,Unfurnished,North - East,Main Road,Co-operative Society,19000000.0,900.0,,2.0,0.0,0.0,thane,21111.11111111111
1.40 Cr ,Ready to Move,Resale,Semi-Furnished,East,"Garden/Park, Pool, Main Road",Freehold,14000000.0,851.0,27.0,2.0,2.0,1.0,thane,16451.23384253819
60 Lac ,Ready to Move,Resale,Unfurnished,,,,6000000.0,580.0,17.0,2.0,0.0,0.0,thane,10344.827586206897
65 Lac ,Ready to Move,Resale,Unfurnished,East,"Garden/Park, Main Road",Co-operative Society,6500000.0,580.0,2.0,2.0,0.0,1.0,thane,11206.896551724138
41 Lac ,Ready to Move,Resale,Furnished,East,"Garden/Park, Main Road",Freehold,4100000.0,650.0,2.0,2.0,3.0,0.0,thane,6307.692307692308
90 Lac ,Ready to Move,Resale,Unfurnished,North,,Freehold,9000000.0,620.0,6.0,2.0,0.0,1.0,thane,14516.129032258064
21 Lac ,Ready to Move,Resale,Unfurnished,,,,2100000.0,385.0,4.0,1.0,1.0,0.0,thane,5454.545454545455
62 Lac ,Ready to Move,Resale,Semi-Furnished,East,Main Road,Freehold,6200000.0,444.0,23.0,2.0,0.0,1.0,thane,13963.963963963964
32.9 Lac ,Ready to Move,New Property,Unfurnished,East,Garden/Park,Freehold,3290000.0,530.0,5.0,2.0,2.0,1.0,thane,6207.547169811321
45 Lac ,Ready to Move,New Property,Unfurnished,East,"Garden/Park, Main Road",Freehold,4500000.0,400.0,4.0,1.0,2.0,1.0,thane,11250.0
45 Lac ,Ready to Move,Resale,Unfurnished,,,,4500000.0,778.0,4.0,1.0,0.0,0.0,thane,5784.061696658097
75 Lac ,Ready to Move,Resale,Unfurnished,North,"Garden/Park, Main Road",Freehold,7500000.0,710.0,2.0,2.0,1.0,1.0,thane,10563.38028169014
51 Lac ,Ready to Move,Resale,Semi-Furnished,,,,5100000.0,1299.0,6.0,3.0,0.0,0.0,thane,3926.096997690531
2.80 Cr ,Ready to Move,Resale,Unfurnished,East,Garden/Park,Freehold,28000000.0,1380.0,12.0,3.0,1.0,2.0,thane,20289.855072463768
1.20 Cr ,Ready to Move,Resale,Semi-Furnished,East,Garden/Park,Co-operative Society,12000000.0,800.0,5.0,2.0,2.0,0.0,thane,15000.0
26 Lac ,Ready to Move,Resale,Unfurnished,,,,2600000.0,650.0,4.0,1.0,0.0,0.0,thane,4000.0
35 Lac ,Ready to Move,Resale,Furnished,,,,3500000.0,570.0,2.0,2.0,0.0,0.0,thane,6140.350877192983
47 Lac ,Ready to Move,New Property,Semi-Furnished,North - West,"Garden/Park, Pool, Main Road",Freehold,4700000.0,414.0,9.0,1.0,0.0,1.0,thane,11352.657004830919
1.43 Cr ,Ready to Move,Resale,Semi-Furnished,East,"Garden/Park, Pool, Main Road",Freehold,14300000.0,851.0,32.0,2.0,2.0,1.0,thane,16803.76028202115
19 Lac ,Ready to Move,Resale,Unfurnished,,,,1900000.0,500.0,4.0,1.0,0.0,0.0,thane,3800.0
2.40 Cr ,Ready to Move,Resale,Unfurnished,East,Garden/Park,Freehold,24000000.0,1520.0,14.0,4.0,1.0,2.0,thane,15789.473684210527
2 Cr ,Ready to Move,Resale,Unfurnished,East,Main Road,Freehold,20000000.0,927.0,5.0,3.0,3.0,2.0,thane,21574.97303128371
22 Lac ,Ready to Move,Resale,Unfurnished,,,,2200000.0,385.0,4.0,2.0,0.0,0.0,thane,5714.285714285715
1.60 Cr ,Ready to Move,Resale,Semi-Furnished,North,Main Road,Co-operative Society,16000000.0,690.0,16.0,2.0,1.0,1.0,thane,23188.405797101448
20 Lac ,Ready to Move,Resale,Furnished,,,,2000000.0,370.0,3.0,1.0,0.0,0.0,thane,5405.405405405405
72 Lac ,Ready to Move,Resale,Semi-Furnished,,Garden/Park,Co-operative Society,7200000.0,615.0,14.0,2.0,0.0,0.0,thane,11707.317073170732
14.5 Lac ,Ready to Move,Resale,Semi-Furnished,East,Main Road,Co-operative Society,1450000.0,450.0,1.0,1.0,0.0,1.0,thane,3222.222222222222
75.1 Lac ,Ready to Move,Resale,Unfurnished,East,Main Road,Freehold,7509999.999999999,472.0,12.0,2.0,0.0,1.0,thane,15911.016949152541
1.40 Cr ,Ready to Move,New Property,Unfurnished,,,,14000000.0,1300.0,1.0,2.0,0.0,0.0,thane,10769.23076923077
39 Lac ,Ready to Move,Resale,,,,,3900000.0,500.0,2.0,1.0,0.0,0.0,thane,7800.0
48 Lac ,Ready to Move,Resale,Unfurnished,North,"Garden/Park, Main Road",Freehold,4800000.0,500.0,3.0,2.0,1.0,1.0,thane,9600.0
2.07 Cr ,Ready to Move,New Property,Semi-Furnished,North - West,"Garden/Park, Pool, Main Road",Freehold,20700000.0,685.0,25.0,2.0,1.0,1.0,thane,30218.97810218978
2.05 Cr ,Ready to Move,Resale,Unfurnished,East,Garden/Park,Freehold,20500000.0,1190.0,9.0,3.0,1.0,1.0,thane,17226.89075630252
35 Lac ,Ready to Move,Resale,Unfurnished,,,,3500000.0,615.0,5.0,1.0,1.0,0.0,thane,5691.056910569106
1.20 Cr ,Ready to Move,Resale,Semi-Furnished,East,"Garden/Park, Main Road",Freehold,12000000.0,711.0,20.0,2.0,0.0,1.0,thane,16877.637130801686
1.65 Cr ,Ready to Move,New Property,Unfurnished,,"Garden/Park, Pool, Main Road",Freehold,16500000.0,698.0,12.0,2.0,3.0,1.0,thane,23638.96848137536
59 Lac ,Ready to Move,Resale,Semi-Furnished,East,"Pool, Garden/Park, Main Road",Power Of Attorney,5900000.0,456.0,8.0,1.0,1.0,0.0,thane,12938.59649122807
85 Lac ,Ready to Move,Resale,Furnished,North - East,"Garden/Park, Main Road",Freehold,8500000.0,550.0,4.0,1.0,1.0,1.0,thane,15454.545454545454
60.5 Lac ,Ready to Move,New Property,Unfurnished,East,"Garden/Park, Main Road",Freehold,6050000.0,503.0,4.0,2.0,2.0,1.0,thane,12027.833001988072
40 Lac ,Ready to Move,Resale,Unfurnished,,,,4000000.0,680.0,1.0,1.0,0.0,0.0,thane,5882.35294117647
2.25 Cr ,Ready to Move,Resale,Unfurnished,East,Garden/Park,Freehold,22500000.0,1073.0,12.0,3.0,1.0,1.0,thane,20969.245107176142
1.85 Cr ,Ready to Move,Resale,Unfurnished,East,Garden/Park,Freehold,18500000.0,1116.0,5.0,3.0,1.0,1.0,thane,16577.060931899643
1.95 Cr ,Ready to Move,Resale,Semi-Furnished,East,Garden/Park,Freehold,19500000.0,846.0,12.0,2.0,0.0,1.0,thane,23049.64539007092
73 Lac ,Ready to Move,Resale,Semi-Furnished,West,"Pool, Garden/Park, Main Road",Power Of Attorney,7300000.0,650.0,9.0,2.0,2.0,0.0,thane,11230.76923076923
1.65 Cr ,Ready to Move,Resale,Semi-Furnished,North,Main Road,Co-operative Society,16500000.0,800.0,1.0,2.0,1.0,1.0,thane,20625.0
1.21 Cr ,Ready to Move,Resale,Unfurnished,North - East,"Garden/Park, Pool, Main Road",Freehold,12100000.0,691.0,10.0,2.0,1.0,1.0,thane,17510.853835021706
1.45 Cr ,Ready to Move,Resale,Semi-Furnished,,"Pool, Garden/Park, Main Road",,14500000.0,660.0,3.0,2.0,2.0,0.0,thane,21969.696969696968
1.45 Cr ,Ready to Move,Resale,Furnished,,,,14500000.0,652.0,17.0,2.0,0.0,0.0,thane,22239.26380368098
1.35 Cr ,Ready to Move,Resale,Unfurnished,,Main Road,Freehold,13500000.0,661.0,2.0,2.0,2.0,1.0,thane,20423.60060514372
2.65 Cr ,Ready to Move,New Property,Unfurnished,East,"Garden/Park, Main Road",Freehold,26500000.0,700.0,7.0,2.0,2.0,1.0,thane,37857.142857142855
65 Lac ,Ready to Move,Resale,Unfurnished,North,,Freehold,6500000.0,565.0,4.0,1.0,2.0,0.0,thane,11504.424778761062
25 Lac ,Ready to Move,Resale,Semi-Furnished,,,,2500000.0,617.0,6.0,1.0,0.0,0.0,thane,4051.8638573743924
1.13 Cr ,Ready to Move,Resale,Semi-Furnished,North - East,"Garden/Park, Main Road",Co-operative Society,11299999.999999998,700.0,13.0,2.0,1.0,1.0,thane,16142.85714285714
1.75 Cr ,Ready to Move,New Property,Unfurnished,East,,Freehold,17500000.0,720.0,3.0,2.0,0.0,1.0,thane,24305.555555555555
78 Lac ,Ready to Move,Resale,Semi-Furnished,West,Main Road,Freehold,7800000.0,856.0,4.0,1.0,1.0,0.0,thane,9112.14953271028
2.49 Cr ,Ready to Move,New Property,Unfurnished,East,"Garden/Park, Main Road",Freehold,24900000.000000004,1000.0,4.0,3.0,3.0,1.0,thane,24900.000000000004
55 Lac ,Ready to Move,Resale,Semi-Furnished,South - East,"Garden/Park, Main Road",Freehold,5500000.0,520.0,4.0,1.0,0.0,0.0,thane,10576.923076923076
75 Lac ,Ready to Move,Resale,,,,,7500000.0,520.0,4.0,2.0,0.0,0.0,thane,14423.076923076924
1.10 Cr ,Ready to Move,Resale,,,,,11000000.0,700.0,2.0,2.0,0.0,0.0,thane,15714.285714285714
52 Lac ,Ready to Move,Resale,,,,,5200000.0,310.0,2.0,1.0,0.0,0.0,thane,16774.1935483871
80 Lac ,Ready to Move,Resale,Furnished,,,,8000000.0,388.0,0.0,1.0,0.0,0.0,thane,20618.556701030928
1.85 Cr ,Ready to Move,Resale,Semi-Furnished,North - East,"Pool, Garden/Park, Main Road",Power Of Attorney,18500000.0,750.0,10.0,2.0,1.0,2.0,thane,24666.666666666668
18 Lac ,Ready to Move,Resale,Unfurnished,North,"Garden/Park, Main Road",Freehold,1800000.0,489.0,2.0,1.0,0.0,0.0,thane,3680.9815950920247
21 Lac ,Ready to Move,Resale,Semi-Furnished,,,,2100000.0,525.0,1.0,2.0,0.0,0.0,thane,4000.0
1.10 Cr ,Ready to Move,New Property,Unfurnished,,,,11000000.0,990.0,16.0,2.0,0.0,0.0,thane,11111.111111111111
1.29 Cr ,Ready to Move,New Property,Unfurnished,,,,12900000.0,1100.0,5.0,2.0,0.0,0.0,thane,11727.272727272728
1.31 Cr ,Ready to Move,New Property,Unfurnished,,,,13100000.0,808.0,2.0,3.0,0.0,0.0,thane,16212.871287128713
1.46 Cr ,Ready to Move,New Property,Unfurnished,,,,14600000.0,1100.0,5.0,3.0,0.0,0.0,thane,13272.727272727272
1.80 Cr ,Ready to Move,Resale,Semi-Furnished,,,,18000000.0,1062.0,12.0,3.0,0.0,0.0,thane,16949.15254237288
1.90 Cr ,Ready to Move,New Property,Semi-Furnished,,,,19000000.0,2010.0,14.0,3.0,0.0,0.0,thane,9452.73631840796
1.51 Cr ,Ready to Move,Resale,Semi-Furnished,South - East,"Garden/Park, Pool, Main Road",Freehold,15100000.0,820.0,3.0,2.0,0.0,1.0,thane,18414.634146341465
2.40 Cr ,Ready to Move,New Property,Unfurnished,East,Garden/Park,Freehold,24000000.0,1168.0,15.0,3.0,1.0,2.0,thane,20547.945205479453
2.10 Cr ,Ready to Move,Resale,Furnished,North,"Pool, Garden/Park",Co-operative Society,21000000.0,1123.0,27.0,3.0,2.0,0.0,thane,18699.910952804985
47 Lac ,Ready to Move,Resale,Semi-Furnished,,,,4700000.0,930.0,7.0,2.0,0.0,0.0,thane,5053.763440860215
2.40 Cr ,Ready to Move,Resale,Semi-Furnished,North,Garden/Park,Freehold,24000000.0,1015.0,10.0,2.0,1.0,1.0,thane,23645.320197044333
23 Lac ,Ready to Move,Resale,Unfurnished,,,,2300000.0,700.0,5.0,2.0,0.0,0.0,thane,3285.714285714286
1.20 Cr ,Ready to Move,Resale,Semi-Furnished,East,Main Road,Freehold,12000000.0,710.0,5.0,3.0,0.0,0.0,thane,16901.408450704224
54 Lac ,Ready to Move,Resale,Unfurnished,South,Garden/Park,Freehold,5400000.0,309.0,2.0,1.0,0.0,1.0,thane,17475.728155339806
45 Lac ,Ready to Move,Resale,Unfurnished,East,"Garden/Park, Main Road",Freehold,4500000.0,467.0,5.0,1.0,2.0,0.0,thane,9635.974304068523
60 Lac ,Ready to Move,Resale,Unfurnished,West,,Freehold,6000000.0,413.0,7.0,2.0,3.0,1.0,thane,14527.845036319613
42 Lac ,Ready to Move,Resale,Unfurnished,,,,4200000.0,665.0,3.0,1.0,0.0,0.0,thane,6315.789473684211
51 Lac ,Ready to Move,Resale,Semi-Furnished,East,,Co-operative Society,5100000.0,385.0,0.0,1.0,0.0,0.0,thane,13246.753246753247
1.11 Cr ,Ready to Move,Resale,Furnished,,,,11100000.000000002,761.0,2.0,1.0,0.0,0.0,thane,14586.070959264129
89 Lac ,Ready to Move,New Property,Unfurnished,East,"Garden/Park, Pool, Main Road",Freehold,8900000.0,778.0,11.0,2.0,4.0,1.0,thane,11439.588688946016
1.15 Cr ,Ready to Move,Resale,Semi-Furnished,North - East,Main Road,Freehold,11500000.0,680.0,15.0,2.0,2.0,1.0,thane,16911.764705882353
25 Lac ,Ready to Move,Resale,Semi-Furnished,,,,2500000.0,585.0,1.0,1.0,1.0,0.0,thane,4273.504273504273
45 Lac ,Ready to Move,Resale,Semi-Furnished,East,,,4500000.0,1000.0,0.0,3.0,0.0,0.0,thane,4500.0
31 Lac ,Ready to Move,Resale,Unfurnished,North,"Garden/Park, Main Road",Freehold,3100000.0,443.0,4.0,1.0,0.0,1.0,thane,6997.742663656885
28 Lac ,Ready to Move,Resale,Semi-Furnished,,,,2800000.0,655.0,1.0,1.0,0.0,0.0,thane,4274.8091603053435
28 Lac ,Ready to Move,Resale,Unfurnished,,,,2800000.0,440.0,2.0,1.0,2.0,0.0,thane,6363.636363636364
35 Lac ,Ready to Move,Resale,Unfurnished,,,,3500000.0,425.0,13.0,1.0,0.0,0.0,thane,8235.29411764706
4.25 Cr ,Ready to Move,Resale,Semi-Furnished,East,"Garden/Park, Main Road",Freehold,42500000.0,1350.0,18.0,3.0,1.0,2.0,thane,31481.48148148148
27 Lac ,Ready to Move,Resale,Unfurnished,East,,,2700000.0,850.0,1.0,2.0,1.0,0.0,thane,3176.470588235294
1.74 Cr ,Ready to Move,Resale,Unfurnished,East,Main Road,Freehold,17400000.0,702.0,13.0,2.0,0.0,0.0,thane,24786.324786324785
1.55 Cr ,Ready to Move,Resale,Unfurnished,East,Garden/Park,Freehold,15500000.0,960.0,5.0,3.0,1.0,0.0,thane,16145.833333333334
26 Lac ,Ready to Move,Resale,Semi-Furnished,,,,2600000.0,340.0,0.0,2.0,0.0,0.0,thane,7647.058823529412
69 Lac ,Ready to Move,Resale,Unfurnished,East,Garden/Park,Freehold,6900000.0,444.0,14.0,2.0,1.0,1.0,thane,15540.54054054054
60 Lac ,Ready to Move,Resale,Unfurnished,,,,6000000.0,437.0,7.0,1.0,1.0,0.0,thane,13729.977116704806
45 Lac ,Ready to Move,Resale,Unfurnished,North - West,Main Road,Co-operative Society,4500000.0,702.0,4.0,2.0,1.0,0.0,thane,6410.25641025641
40 Lac ,Ready to Move,Resale,Furnished,,,,4000000.0,654.0,4.0,2.0,0.0,1.0,thane,6116.207951070336
2.47 Cr ,Ready to Move,Resale,Semi-Furnished,North - East,"Garden/Park, Pool, Main Road",Freehold,24700000.000000004,950.0,5.0,2.0,2.0,2.0,thane,26000.000000000004
5.11 Cr ,Ready to Move,Resale,Furnished,East,"Garden/Park, Main Road",Freehold,51100000.0,1850.0,17.0,4.0,2.0,3.0,thane,27621.62162162162
1.12 Cr ,Ready to Move,Resale,Semi-Furnished,West,Main Road,Freehold,11200000.000000002,727.0,11.0,2.0,2.0,0.0,thane,15405.777166437416
45 Lac ,Ready to Move,Resale,Unfurnished,East,"Garden/Park, Pool, Main Road",Freehold,4500000.0,638.0,4.0,2.0,1.0,1.0,thane,7053.2915360501565
98 Lac ,Ready to Move,Resale,Unfurnished,,,Freehold,9800000.0,750.0,6.0,2.0,0.0,0.0,thane,13066.666666666666
68.5 Lac ,Ready to Move,New Property,Semi-Furnished,North - East,"Garden/Park, Main Road",Freehold,6850000.0,600.0,13.0,2.0,1.0,1.0,thane,11416.666666666666
2.31 Cr ,Ready to Move,New Property,Unfurnished,East,"Garden/Park, Main Road",Freehold,23100000.0,1153.0,28.0,3.0,3.0,1.0,thane,20034.692107545532
51 Lac ,Ready to Move,New Property,Semi-Furnished,North - East,"Garden/Park, Main Road",Freehold,5100000.0,490.0,18.0,2.0,1.0,1.0,thane,10408.163265306122
20 Lac ,Ready to Move,Resale,Semi-Furnished,North - East,,Co-operative Society,2000000.0,320.0,4.0,1.0,0.0,1.0,thane,6250.0
2.75 Cr ,Ready to Move,Resale,Unfurnished,East,Garden/Park,Freehold,27500000.0,1294.0,13.0,3.0,1.0,2.0,thane,21251.93199381762
47.5 Lac ,Ready to Move,Resale,Semi-Furnished,,,,4750000.0,985.0,6.0,2.0,0.0,0.0,thane,4822.33502538071
2.33 Cr ,Ready to Move,New Property,Unfurnished,East,"Garden/Park, Main Road",Freehold,23300000.0,1153.0,28.0,3.0,3.0,1.0,thane,20208.1526452732
27.5 Lac ,Ready to Move,Resale,Unfurnished,East,"Garden/Park, Main Road",Freehold,2750000.0,475.0,2.0,2.0,3.0,0.0,thane,5789.473684210527
62 Lac ,Ready to Move,Resale,Unfurnished,East,Main Road,Freehold,6200000.0,437.0,0.0,1.0,0.0,1.0,thane,14187.643020594965
61 Lac ,Ready to Move,Resale,Furnished,East,"Garden/Park, Main Road",,6100000.0,458.0,12.0,2.0,0.0,0.0,thane,13318.777292576418
65 Lac ,Ready to Move,Resale,Furnished,,,,6500000.0,400.0,9.0,1.0,0.0,0.0,thane,16250.0
20 Lac ,Ready to Move,Resale,Furnished,,,,2000000.0,495.0,2.0,1.0,0.0,0.0,thane,4040.40404040404
22 Lac ,Ready to Move,Resale,Unfurnished,,,,2200000.0,400.0,1.0,1.0,2.0,1.0,thane,5500.0
85 Lac ,Ready to Move,Resale,Semi-Furnished,,,,8500000.0,460.0,6.0,2.0,3.0,0.0,thane,18478.260869565216
86.5 Lac ,Ready to Move,Resale,Semi-Furnished,East,"Garden/Park, Main Road",Freehold,8650000.0,900.0,1.0,2.0,1.0,0.0,thane,9611.111111111111
44 Lac ,Ready to Move,Resale,Semi-Furnished,,,,4400000.0,585.0,6.0,2.0,2.0,0.0,thane,7521.3675213675215
1.70 Cr ,Ready to Move,New Property,Unfurnished,East,Main Road,Freehold,17000000.0,795.0,8.0,2.0,1.0,1.0,thane,21383.64779874214
1.89 Cr ,Ready to Move,Resale,Unfurnished,North,"Garden/Park, Pool, Main Road",Freehold,18900000.0,975.0,8.0,3.0,1.0,1.0,thane,19384.615384615383
65 Lac ,Ready to Move,Resale,Semi-Furnished,,,,6500000.0,495.0,4.0,1.0,0.0,0.0,thane,13131.31313131313
74.8 Lac ,Ready to Move,Resale,Semi-Furnished,,,,7480000.0,667.0,5.0,1.0,0.0,0.0,thane,11214.3928035982
15 Lac ,Ready to Move,Resale,Unfurnished,East,"Garden/Park, Main Road",Co-operative Society,1500000.0,364.0,3.0,1.0,0.0,0.0,thane,4120.879120879121
16 Lac ,Ready to Move,Resale,Unfurnished,,,,1600000.0,425.0,1.0,1.0,0.0,0.0,thane,3764.705882352941
4.31 Cr ,Ready to Move,Resale,Furnished,East,"Garden/Park, Main Road",Freehold,43099999.99999999,1700.0,14.0,4.0,1.0,2.0,thane,25352.941176470584
1.59 Cr ,Ready to Move,Resale,Unfurnished,South,Main Road,Co-operative Society,15900000.0,690.0,5.0,2.0,3.0,1.0,thane,23043.478260869564
82 Lac ,Ready to Move,Resale,Semi-Furnished,,,,8200000.0,640.0,1.0,2.0,0.0,0.0,thane,12812.5
72 Lac ,Ready to Move,Resale,Unfurnished,South -West,,Freehold,7200000.0,770.0,4.0,2.0,1.0,1.0,thane,9350.64935064935
17 Lac ,Ready to Move,Resale,Unfurnished,,,,1700000.0,300.0,3.0,1.0,1.0,0.0,thane,5666.666666666667
40 Lac ,Ready to Move,Resale,Furnished,,,,4000000.0,350.0,0.0,1.0,0.0,0.0,thane,11428.57142857143
34 Lac ,Ready to Move,Resale,Semi-Furnished,,,,3400000.0,477.0,2.0,1.0,3.0,0.0,thane,7127.882599580713
2 Cr ,Ready to Move,Resale,Semi-Furnished,East,"Garden/Park, Main Road",Co-operative Society,20000000.0,700.0,10.0,2.0,2.0,1.0,thane,28571.428571428572
55 Lac ,Ready to Move,Resale,Semi-Furnished,,,,5500000.0,750.0,3.0,1.0,0.0,0.0,thane,7333.333333333333
29.5 Lac ,Ready to Move,Resale,Unfurnished,North,,Co-operative Society,2950000.0,530.0,1.0,1.0,0.0,0.0,thane,5566.037735849057
1.10 Cr ,Ready to Move,Resale,Furnished,North - East,Garden/Park,Freehold,11000000.0,672.0,8.0,2.0,0.0,1.0,thane,16369.047619047618
52 Lac ,Ready to Move,New Property,Furnished,,,,5200000.0,455.0,1.0,2.0,3.0,0.0,thane,11428.57142857143
90 Lac ,Ready to Move,Resale,Unfurnished,,,,9000000.0,600.0,7.0,2.0,0.0,0.0,thane,15000.0
1.22 Cr ,Ready to Move,Resale,Semi-Furnished,East,"Garden/Park, Pool",Freehold,12200000.0,775.0,10.0,2.0,2.0,1.0,thane,15741.935483870968
1.85 Cr ,Ready to Move,Resale,Unfurnished,North - East,Main Road,Freehold,18500000.0,760.0,10.0,2.0,1.0,1.0,thane,24342.105263157893
55 Lac ,Ready to Move,Resale,Semi-Furnished,North,Main Road,Co-operative Society,5500000.0,430.0,2.0,2.0,1.0,0.0,thane,12790.697674418605
58 Lac ,Ready to Move,Resale,Semi-Furnished,North,Main Road,Co-operative Society,5800000.0,410.0,4.0,1.0,0.0,0.0,thane,14146.341463414634
23.3 Lac ,Ready to Move,New Property,Unfurnished,East,"Garden/Park, Main Road",Freehold,2330000.0,420.0,2.0,1.0,2.0,1.0,thane,5547.619047619048
88 Lac ,Ready to Move,Resale,Semi-Furnished,North,Garden/Park,Freehold,8800000.0,950.0,3.0,2.0,2.0,1.0,thane,9263.157894736842
95 Lac ,Ready to Move,Resale,Semi-Furnished,East,Garden/Park,Freehold,9500000.0,645.0,10.0,2.0,0.0,1.0,thane,14728.682170542636
98 Lac ,Ready to Move,Resale,Semi-Furnished,North,Garden/Park,Freehold,9800000.0,680.0,3.0,2.0,2.0,1.0,thane,14411.764705882353
1 Cr ,Ready to Move,Resale,Unfurnished,East,Garden/Park,Freehold,10000000.0,480.0,22.0,2.0,0.0,1.0,thane,20833.333333333332
1.18 Cr ,Ready to Move,Resale,Semi-Furnished,North - East,Garden/Park,Freehold,11800000.0,624.0,14.0,2.0,2.0,1.0,thane,18910.25641025641
22 Lac ,Ready to Move,Resale,Unfurnished,East,,Freehold,2200000.0,480.0,0.0,1.0,0.0,0.0,thane,4583.333333333333
59 Lac ,Ready to Move,Resale,Unfurnished,East,Main Road,Freehold,5900000.0,607.0,5.0,2.0,2.0,0.0,thane,9719.93410214168
50 Lac ,Ready to Move,Resale,Unfurnished,,,,5000000.0,650.0,5.0,1.0,0.0,0.0,thane,7692.307692307692
1.50 Cr ,Ready to Move,Resale,Semi-Furnished,East,Main Road,Freehold,15000000.0,1252.0,8.0,3.0,1.0,1.0,thane,11980.830670926518
42.9 Lac ,Ready to Move,Resale,Unfurnished,East,Garden/Park,Freehold,4290000.0,691.0,2.0,2.0,1.0,0.0,thane,6208.393632416787
28 Lac ,Ready to Move,Resale,Semi-Furnished,,,,2800000.0,444.0,13.0,2.0,3.0,0.0,thane,6306.306306306306
48 Lac ,Ready to Move,Resale,Unfurnished,West,Main Road,Co-operative Society,4800000.0,480.0,5.0,1.0,1.0,0.0,thane,10000.0
52 Lac ,Ready to Move,Resale,Semi-Furnished,,,,5200000.0,500.0,6.0,1.0,0.0,0.0,thane,10400.0
3.69 Cr ,Ready to Move,Resale,Unfurnished,East,Main Road,Freehold,36900000.0,1424.0,3.0,3.0,1.0,2.0,thane,25912.921348314605
88 Lac ,Ready to Move,Resale,Unfurnished,East,Garden/Park,Freehold,8800000.0,680.0,3.0,2.0,0.0,1.0,thane,12941.176470588236
23.5 Lac ,Ready to Move,Resale,Unfurnished,East,Garden/Park,Co-operative Society,2350000.0,615.0,2.0,2.0,0.0,0.0,thane,3821.1382113821137
35 Lac ,Ready to Move,Resale,Semi-Furnished,,,,3500000.0,860.0,7.0,2.0,1.0,0.0,thane,4069.767441860465
90 Lac ,Ready to Move,Resale,Semi-Furnished,,,,9000000.0,525.0,1.0,2.0,0.0,0.0,thane,17142.85714285714
27 Lac ,Ready to Move,Resale,Semi-Furnished,West,Garden/Park,Freehold,2700000.0,290.0,3.0,1.0,0.0,1.0,thane,9310.344827586207
5 Cr ,Ready to Move,Resale,Unfurnished,East,"Main Road, Garden/Park",Freehold,50000000.0,1800.0,30.0,5.0,1.0,3.0,thane,27777.777777777777
80 Lac ,Ready to Move,Resale,Unfurnished,South - East,"Garden/Park, Pool, Main Road",Co-operative Society,8000000.0,600.0,2.0,2.0,0.0,203.0,thane,13333.333333333334
27.5 Lac ,Ready to Move,Resale,Semi-Furnished,,,,2750000.0,400.0,1.0,1.0,1.0,0.0,thane,6875.0
44 Lac ,Ready to Move,Resale,Unfurnished,East,"Garden/Park, Pool, Main Road",Freehold,4400000.0,638.0,16.0,2.0,1.0,1.0,thane,6896.551724137931
89 Lac ,Ready to Move,Resale,Semi-Furnished,North,Garden/Park,Co-operative Society,8900000.0,610.0,11.0,2.0,1.0,1.0,thane,14590.16393442623
25 Lac ,Ready to Move,Resale,Semi-Furnished,,,,2500000.0,575.0,4.0,2.0,0.0,0.0,thane,4347.826086956522
65 Lac ,Ready to Move,Resale,Semi-Furnished,North - East,Garden/Park,Freehold,6500000.0,472.0,19.0,2.0,0.0,1.0,thane,13771.186440677966
54 Lac ,Ready to Move,Resale,Semi-Furnished,,Garden/Park,Co-operative Society,5400000.0,510.0,3.0,2.0,2.0,0.0,thane,10588.235294117647
1.08 Cr ,Ready to Move,Resale,Unfurnished,North - East,"Garden/Park, Pool, Main Road",Co-operative Society,10800000.0,952.0,4.0,3.0,3.0,1.0,thane,11344.53781512605
1.32 Cr ,Ready to Move,Resale,Semi-Furnished,East,Main Road,Freehold,13200000.0,848.0,4.0,2.0,3.0,1.0,thane,15566.037735849057
55 Lac ,Ready to Move,Resale,Unfurnished,East,Garden/Park,Freehold,5500000.0,425.0,3.0,2.0,1.0,0.0,thane,12941.176470588236
80 Lac ,Ready to Move,Resale,Furnished,,,,8000000.0,770.0,4.0,2.0,1.0,0.0,thane,10389.61038961039
25 Lac ,Ready to Move,Resale,Semi-Furnished,,,,2500000.0,450.0,0.0,1.0,0.0,0.0,thane,5555.555555555556
45.5 Lac ,Ready to Move,Resale,Furnished,North - East,Main Road,Freehold,4550000.0,350.0,3.0,1.0,0.0,2.0,thane,13000.0
1.85 Cr ,Ready to Move,New Property,Unfurnished,North - East,Garden/Park,Freehold,18500000.0,710.0,13.0,2.0,0.0,0.0,thane,26056.338028169015
77 Lac ,Ready to Move,Resale,Unfurnished,North - East,"Garden/Park, Main Road",Co-operative Society,7700000.0,600.0,16.0,2.0,2.0,1.0,thane,12833.333333333334
52 Lac ,Ready to Move,New Property,Unfurnished,East,Main Road,Freehold,5200000.0,437.0,6.0,2.0,1.0,0.0,thane,11899.313501144165
95 Lac ,Ready to Move,Resale,Unfurnished,East,"Garden/Park, Main Road",Co-operative Society,9500000.0,450.0,1.0,1.0,2.0,0.0,thane,21111.11111111111
68 Lac ,Ready to Move,Resale,Semi-Furnished,North - East,Garden/Park,Freehold,6800000.0,371.0,7.0,1.0,0.0,0.0,thane,18328.840970350404
1.49 Cr ,Ready to Move,Resale,Semi-Furnished,North,Main Road,Freehold,14900000.0,858.0,19.0,2.0,1.0,1.0,thane,17365.967365967364
95 Lac ,Ready to Move,Resale,Furnished,,,,9500000.0,900.0,10.0,3.0,0.0,0.0,thane,10555.555555555555
70 Lac ,Ready to Move,Resale,Semi-Furnished,,,,7000000.0,738.0,5.0,2.0,1.0,0.0,thane,9485.09485094851
1.65 Cr ,Ready to Move,Resale,Semi-Furnished,North,Garden/Park,Co-operative Society,16500000.0,734.0,11.0,2.0,3.0,1.0,thane,22479.564032697548
55 Lac ,,Resale,Semi-Furnished,,Main Road,Freehold,5500000.0,815.0,4.0,2.0,1.0,0.0,thane,6748.4662576687115
1.20 Cr ,Ready to Move,Resale,Semi-Furnished,East,"Garden/Park, Pool",Freehold,12000000.0,775.0,8.0,2.0,2.0,1.0,thane,15483.870967741936
23 Lac ,Ready to Move,Resale,Unfurnished,,,,2300000.0,570.0,4.0,2.0,2.0,0.0,thane,4035.0877192982457
1.65 Cr ,Ready to Move,Resale,Unfurnished,South,Main Road,Co-operative Society,16500000.0,650.0,5.0,2.0,3.0,1.0,thane,25384.615384615383
70 Lac ,Ready to Move,Resale,Furnished,East,Garden/Park,Co-operative Society,7000000.0,465.0,5.0,2.0,1.0,1.0,thane,15053.763440860215
34 Lac ,Ready to Move,Resale,Unfurnished,,Garden/Park,Freehold,3400000.0,557.0,2.0,2.0,3.0,0.0,thane,6104.129263913824
21.9 Lac ,Ready to Move,New Property,Unfurnished,East,"Garden/Park, Main Road",Freehold,2190000.0,392.0,2.0,1.0,3.0,1.0,thane,5586.734693877551
95 Lac ,Ready to Move,Resale,Furnished,,,,9500000.0,1020.0,5.0,3.0,0.0,0.0,thane,9313.725490196079
7.25 Cr ,Ready to Move,Resale,Furnished,East,"Garden/Park, Main Road",Freehold,72500000.0,2350.0,7.0,4.0,1.0,3.0,thane,30851.063829787236
1.35 Cr ,Ready to Move,Resale,Unfurnished,South -West,"Garden/Park, Pool, Main Road",Freehold,13500000.0,700.0,11.0,2.0,0.0,1.0,thane,19285.714285714286
2.25 Cr ,Ready to Move,Resale,Semi-Furnished,East,Garden/Park,Freehold,22500000.0,993.0,14.0,3.0,1.0,2.0,thane,22658.610271903322
1.10 Cr ,Ready to Move,Resale,Semi-Furnished,North,"Garden/Park, Pool, Main Road",Freehold,11000000.0,672.0,2.0,2.0,0.0,1.0,thane,16369.047619047618
42 Lac ,Ready to Move,Resale,Unfurnished,North - East,"Garden/Park, Main Road",Freehold,4200000.0,450.0,3.0,2.0,0.0,0.0,thane,9333.333333333334
1.15 Cr ,Ready to Move,Resale,Unfurnished,East,,Freehold,11500000.0,672.0,25.0,2.0,0.0,1.0,thane,17113.095238095237
80 Lac ,Ready to Move,Resale,Semi-Furnished,North,Garden/Park,Freehold,8000000.0,640.0,6.0,2.0,3.0,1.0,thane,12500.0
1.16 Cr ,Ready to Move,Resale,Semi-Furnished,East,Garden/Park,Freehold,11600000.0,668.0,13.0,2.0,2.0,1.0,thane,17365.269461077845
47 Lac ,Ready to Move,Resale,Semi-Furnished,,,,4700000.0,1100.0,2.0,2.0,3.0,1.0,thane,4272.727272727273
35 Lac ,Ready to Move,Resale,Furnished,,,,3500000.0,999.0,1.0,2.0,0.0,0.0,thane,3503.5035035035035
1.27 Cr ,Ready to Move,Resale,Semi-Furnished,East,,Freehold,12700000.0,640.0,6.0,2.0,0.0,1.0,thane,19843.75
65 Lac ,Ready to Move,Resale,Unfurnished,West,"Garden/Park, Main Road",Freehold,6500000.0,750.0,4.0,1.0,1.0,0.0,thane,8666.666666666666
1.40 Cr ,Ready to Move,Resale,Furnished,East,Main Road,Co-operative Society,14000000.0,907.0,2.0,2.0,3.0,2.0,thane,15435.501653803749
36 Lac ,Ready to Move,Resale,Unfurnished,,,,3600000.0,745.0,6.0,1.0,2.0,0.0,thane,4832.214765100671
57 Lac ,Ready to Move,Resale,Unfurnished,North - West,Pool,Freehold,5700000.0,286.0,22.0,2.0,0.0,0.0,thane,19930.06993006993
1.05 Cr ,Ready to Move,Resale,Unfurnished,East,"Garden/Park, Main Road",Freehold,10500000.0,640.0,13.0,2.0,1.0,1.0,thane,16406.25
3.10 Cr ,Ready to Move,Resale,Unfurnished,East,Garden/Park,Freehold,31000000.0,1370.0,10.0,3.0,1.0,2.0,thane,22627.73722627737
32 Lac ,Ready to Move,Resale,Unfurnished,,,,3200000.0,710.0,3.0,1.0,0.0,0.0,thane,4507.042253521126
48.5 Lac ,Ready to Move,New Property,Semi-Furnished,East,"Garden/Park, Main Road",Freehold,4850000.0,445.0,19.0,2.0,1.0,1.0,thane,10898.876404494382
19 Lac ,Ready to Move,Resale,Furnished,East,Garden/Park,Co-operative Society,1900000.0,595.0,0.0,1.0,1.0,0.0,thane,3193.27731092437
59 Lac ,Ready to Move,Resale,Unfurnished,,,,5900000.0,780.0,9.0,2.0,0.0,0.0,thane,7564.102564102564
3.40 Cr ,Ready to Move,Resale,Semi-Furnished,North - East,"Garden/Park, Main Road",Freehold,34000000.0,1395.0,11.0,3.0,1.0,0.0,thane,24372.759856630826
80 Lac ,Ready to Move,Resale,Semi-Furnished,North,Garden/Park,Freehold,8000000.0,600.0,3.0,2.0,2.0,1.0,thane,13333.333333333334
22 Lac ,Ready to Move,Resale,Unfurnished,North - East,Main Road,,2200000.0,360.0,1.0,1.0,0.0,0.0,thane,6111.111111111111
27 Lac ,Ready to Move,Resale,Unfurnished,,,,2700000.0,595.0,2.0,1.0,0.0,0.0,thane,4537.81512605042
1.56 Cr ,Ready to Move,Resale,Furnished,,,,15600000.0,575.0,8.0,2.0,0.0,0.0,thane,27130.434782608696
12.2 Lac ,Ready to Move,Resale,Semi-Furnished,,,,1220000.0,370.0,1.0,1.0,0.0,0.0,thane,3297.2972972972975
78 Lac ,Ready to Move,Resale,Unfurnished,North - East,"Garden/Park, Pool, Main Road",Co-operative Society,7800000.0,575.0,12.0,2.0,2.0,1.0,thane,13565.217391304348
90 Lac ,Ready to Move,Resale,Unfurnished,,Main Road,Freehold,9000000.0,525.0,4.0,2.0,0.0,0.0,thane,17142.85714285714
34 Lac ,Ready to Move,Resale,Semi-Furnished,,,,3400000.0,400.0,1.0,1.0,0.0,0.0,thane,8500.0
41 Lac ,Ready to Move,Resale,Semi-Furnished,,Garden/Park,Power Of Attorney,4100000.0,622.0,8.0,2.0,1.0,0.0,thane,6591.639871382637
96 Lac ,Ready to Move,Resale,Unfurnished,East,"Garden/Park, Main Road",Freehold,9600000.0,586.0,8.0,2.0,1.0,1.0,thane,16382.252559726963
1.17 Cr ,Ready to Move,New Property,Unfurnished,East,"Garden/Park, Main Road",Freehold,11700000.0,510.0,5.0,1.0,1.0,1.0,thane,22941.176470588234
24 Lac ,Ready to Move,Resale,Unfurnished,,,,2400000.0,490.0,1.0,1.0,0.0,0.0,thane,4897.959183673469
38 Lac ,Ready to Move,Resale,Unfurnished,South -West,,Freehold,3800000.0,406.0,2.0,2.0,2.0,180.0,thane,9359.605911330049
19 Lac ,Ready to Move,Resale,Unfurnished,East,Main Road,Co-operative Society,1900000.0,340.0,0.0,1.0,0.0,0.0,thane,5588.235294117647
95 Lac ,Ready to Move,Resale,Semi-Furnished,,,,9500000.0,860.0,9.0,2.0,0.0,0.0,thane,11046.511627906977
28 Lac ,Ready to Move,Resale,,,,,2800000.0,250.0,3.0,1.0,0.0,0.0,thane,11200.0
1.65 Cr ,Ready to Move,Resale,,,,,16500000.0,1100.0,5.0,2.0,0.0,0.0,thane,15000.0
9 Lac ,Ready to Move,Resale,,,,,900000.0,250.0,1.0,2.0,0.0,0.0,thane,3600.0
97 Lac ,Ready to Move,Resale,Unfurnished,East,"Garden/Park, Main Road",Freehold,9700000.0,586.0,10.0,2.0,1.0,1.0,thane,16552.901023890787
1.50 Cr ,Ready to Move,Resale,Unfurnished,East,Main Road,Freehold,15000000.0,750.0,28.0,2.0,4.0,0.0,thane,20000.0
80 Lac ,Ready to Move,Resale,Furnished,East,"Garden/Park, Main Road",Co-operative Society,8000000.0,725.0,8.0,2.0,3.0,1.0,thane,11034.48275862069
98 Lac ,Ready to Move,Resale,Unfurnished,East,"Garden/Park, Main Road",Freehold,9800000.0,586.0,11.0,2.0,1.0,1.0,thane,16723.549488054607
90 Lac ,Ready to Move,Resale,Unfurnished,,,,9000000.0,1050.0,7.0,2.0,0.0,0.0,thane,8571.42857142857
85 Lac ,Ready to Move,Resale,Semi-Furnished,,"Pool, Garden/Park, Main Road",,8500000.0,1060.0,21.0,2.0,3.0,1.0,thane,8018.867924528302
59 Lac ,Ready to Move,New Property,Unfurnished,,,,5900000.0,550.0,15.0,2.0,0.0,0.0,thane,10727.272727272728
60 Lac ,Ready to Move,New Property,Unfurnished,,,,6000000.0,550.0,16.0,2.0,0.0,0.0,thane,10909.09090909091
60 Lac ,Ready to Move,New Property,Unfurnished,,,,6000000.0,480.0,15.0,2.0,0.0,0.0,thane,12500.0
16 Lac ,Ready to Move,Resale,Unfurnished,,,,1600000.0,390.0,2.0,1.0,0.0,0.0,thane,4102.5641025641025
75.1 Lac ,Ready to Move,Resale,Semi-Furnished,North - East,Garden/Park,Freehold,7509999.999999999,472.0,15.0,2.0,0.0,1.0,thane,15911.016949152541
59 Lac ,Ready to Move,Resale,Unfurnished,West,Garden/Park,Freehold,5900000.0,440.0,22.0,2.0,0.0,1.0,thane,13409.09090909091
1.06 Cr ,Ready to Move,New Property,Unfurnished,East,Main Road,Freehold,10600000.0,605.0,5.0,2.0,2.0,1.0,thane,17520.661157024795
1.04 Cr ,Ready to Move,Resale,Semi-Furnished,East,"Garden/Park, Main Road",Co-operative Society,10400000.0,975.0,1.0,2.0,1.0,2.0,thane,10666.666666666666
55 Lac ,Ready to Move,Resale,Unfurnished,North - East,"Garden/Park, Main Road",Leasehold,5500000.0,600.0,2.0,2.0,0.0,0.0,thane,9166.666666666666
74 Lac ,Ready to Move,Resale,Unfurnished,West,"Garden/Park, Pool",Freehold,7400000.0,455.0,25.0,2.0,2.0,1.0,thane,16263.736263736264
1 Cr ,Ready to Move,Resale,Semi-Furnished,East,"Garden/Park, Pool, Main Road",Freehold,10000000.0,765.0,2.0,2.0,0.0,1.0,thane,13071.8954248366
1.20 Cr ,Ready to Move,Resale,Semi-Furnished,,,,12000000.0,769.0,11.0,3.0,0.0,0.0,thane,15604.681404421326
1.40 Cr ,Ready to Move,Resale,,,,,14000000.0,580.0,9.0,2.0,0.0,0.0,thane,24137.931034482757
1.90 Cr ,Ready to Move,Resale,,,,,19000000.0,605.0,10.0,2.0,0.0,0.0,thane,31404.95867768595
32 Lac ,Ready to Move,Resale,,,,,3200000.0,567.0,3.0,1.0,0.0,0.0,thane,5643.73897707231
30 Lac ,Ready to Move,Resale,,,,,3000000.0,550.0,1.0,1.0,0.0,0.0,thane,5454.545454545455
1.80 Cr ,Ready to Move,New Property,Semi-Furnished,East,"Garden/Park, Pool, Main Road",Freehold,18000000.0,955.0,20.0,2.0,0.0,2.0,thane,18848.167539267015
53 Lac ,Ready to Move,Resale,Unfurnished,East,"Garden/Park, Pool, Main Road",Freehold,5300000.0,738.0,4.0,2.0,1.0,1.0,thane,7181.571815718157
33 Lac ,Ready to Move,Resale,Semi-Furnished,East,Garden/Park,Co-operative Society,3300000.0,576.0,2.0,1.0,1.0,0.0,thane,5729.166666666667
1.15 Cr ,Ready to Move,New Property,Unfurnished,East,"Garden/Park, Main Road",Freehold,11500000.0,475.0,5.0,1.0,1.0,1.0,thane,24210.526315789473
50 Lac ,Ready to Move,Resale,Unfurnished,,,,5000000.0,750.0,2.0,2.0,0.0,0.0,thane,6666.666666666667
1.40 Cr ,Ready to Move,New Property,Unfurnished,East,Garden/Park,Freehold,14000000.0,710.0,16.0,2.0,1.0,1.0,thane,19718.309859154928
61 Lac ,Ready to Move,New Property,Unfurnished,,,,6100000.0,480.0,10.0,2.0,0.0,0.0,thane,12708.333333333334
62 Lac ,Ready to Move,New Property,Unfurnished,,,,6200000.0,550.0,12.0,2.0,0.0,0.0,thane,11272.727272727272
75 Lac ,Ready to Move,Resale,Semi-Furnished,East,Garden/Park,Co-operative Society,7500000.0,576.0,15.0,2.0,0.0,0.0,thane,13020.833333333334
26 Lac ,Ready to Move,Resale,Unfurnished,,,,2600000.0,690.0,6.0,1.0,0.0,1.0,thane,3768.1159420289855
3.50 Cr ,Ready to Move,New Property,Unfurnished,East,Garden/Park,Freehold,35000000.0,1250.0,15.0,3.0,1.0,2.0,thane,28000.0
1.95 Cr ,Ready to Move,Resale,Semi-Furnished,West,,Freehold,19500000.0,870.0,19.0,2.0,2.0,1.0,thane,22413.793103448275
47 Lac ,Ready to Move,Resale,Unfurnished,,,,4700000.0,480.0,6.0,1.0,0.0,0.0,thane,9791.666666666666
1.60 Cr ,Ready to Move,Resale,Semi-Furnished,,,,16000000.0,2550.0,4.0,3.0,0.0,0.0,thane,6274.509803921569
2.95 Cr ,Ready to Move,New Property,Unfurnished,East,Garden/Park,Freehold,29500000.0,1090.0,12.0,2.0,1.0,1.0,thane,27064.22018348624
60 Lac ,Ready to Move,Resale,Unfurnished,,,,6000000.0,1080.0,11.0,2.0,0.0,0.0,thane,5555.555555555556
35 Lac ,Ready to Move,Resale,Furnished,,,,3500000.0,500.0,1.0,1.0,0.0,0.0,thane,7000.0
52 Lac ,Ready to Move,Resale,Semi-Furnished,North,Main Road,Co-operative Society,5200000.0,420.0,16.0,2.0,3.0,1.0,thane,12380.952380952382
20 Lac ,Ready to Move,Resale,,,,,2000000.0,425.0,3.0,1.0,0.0,0.0,thane,4705.882352941177
48 Lac ,Ready to Move,Resale,Unfurnished,,"Garden/Park, Main Road",Freehold,4800000.0,418.0,10.0,2.0,0.0,0.0,thane,11483.253588516747
45 Lac ,Ready to Move,Resale,Unfurnished,East,"Garden/Park, Main Road",Co-operative Society,4500000.0,455.0,4.0,1.0,1.0,0.0,thane,9890.10989010989
95 Lac ,Ready to Move,Resale,Unfurnished,East,"Garden/Park, Main Road",Freehold,9500000.0,586.0,9.0,2.0,1.0,1.0,thane,16211.60409556314
64 Lac ,Ready to Move,Resale,Semi-Furnished,,,,6400000.0,675.0,4.0,1.0,0.0,0.0,thane,9481.481481481482
57 Lac ,Ready to Move,New Property,Unfurnished,East,"Garden/Park, Pool, Main Road",Freehold,5700000.0,527.0,17.0,2.0,3.0,1.0,thane,10815.939278937381
1.30 Cr ,Ready to Move,Resale,Semi-Furnished,East,"Garden/Park, Pool, Main Road",Freehold,13000000.0,730.0,30.0,2.0,4.0,1.0,thane,17808.219178082192
24.1 Lac ,Ready to Move,New Property,Unfurnished,East,Garden/Park,Freehold,2410000.0,452.0,5.0,2.0,1.0,1.0,thane,5331.858407079646
2.10 Cr ,Ready to Move,Resale,Unfurnished,North,Garden/Park,Freehold,21000000.0,1134.0,24.0,3.0,0.0,2.0,thane,18518.51851851852
88 Lac ,Ready to Move,Resale,Semi-Furnished,,,,8800000.0,750.0,2.0,2.0,0.0,0.0,thane,11733.333333333334
42 Lac ,Ready to Move,Resale,Unfurnished,,,,4200000.0,522.0,12.0,1.0,0.0,0.0,thane,8045.977011494253
83 Lac ,Ready to Move,New Property,Unfurnished,South -West,"Garden/Park, Main Road",Freehold,8300000.0,622.0,10.0,2.0,1.0,1.0,thane,13344.051446945337
62 Lac ,Ready to Move,Resale,Semi-Furnished,North,,Power Of Attorney,6200000.0,680.0,2.0,2.0,0.0,0.0,thane,9117.64705882353
88 Lac ,Ready to Move,Resale,Semi-Furnished,North - East,Garden/Park,Freehold,8800000.0,421.0,24.0,2.0,0.0,1.0,thane,20902.612826603327
22 Lac ,Ready to Move,Resale,Unfurnished,East,Garden/Park,Co-operative Society,2200000.0,515.0,2.0,1.0,0.0,0.0,thane,4271.844660194175
36.5 Lac ,Ready to Move,Resale,Semi-Furnished,East,Garden/Park,Freehold,3650000.0,645.0,2.0,1.0,2.0,0.0,thane,5658.914728682171
55 Lac ,Ready to Move,New Property,Unfurnished,East,Garden/Park,Freehold,5500000.0,524.0,2.0,2.0,1.0,1.0,thane,10496.18320610687
1.55 Cr ,Ready to Move,Resale,Unfurnished,,,,15500000.0,922.0,26.0,2.0,2.0,0.0,thane,16811.279826464208
1.30 Cr ,Ready to Move,Resale,Unfurnished,,,Freehold,13000000.0,1195.0,5.0,3.0,3.0,0.0,thane,10878.661087866109
1.25 Cr ,Ready to Move,Resale,Furnished,East,Garden/Park,Co-operative Society,12500000.0,700.0,3.0,2.0,1.0,1.0,thane,17857.14285714286
3.75 Cr ,Ready to Move,Resale,Semi-Furnished,East,Garden/Park,Freehold,37500000.0,1600.0,10.0,4.0,0.0,2.0,thane,23437.5
22 Lac ,Ready to Move,Resale,Unfurnished,East,Garden/Park,Freehold,2200000.0,405.0,1.0,2.0,3.0,0.0,thane,5432.098765432099
80 Lac ,Ready to Move,New Property,Unfurnished,East,"Garden/Park, Main Road",Freehold,8000000.0,700.0,9.0,2.0,3.0,1.0,thane,11428.57142857143
27 Lac ,Ready to Move,Resale,Unfurnished,,,,2700000.0,711.0,4.0,1.0,0.0,0.0,thane,3797.46835443038
36 Lac ,Ready to Move,Resale,Semi-Furnished,,,,3600000.0,718.0,3.0,1.0,0.0,0.0,thane,5013.927576601672
23 Lac ,Ready to Move,Resale,Unfurnished,,,,2300000.0,600.0,6.0,1.0,2.0,0.0,thane,3833.3333333333335
1.80 Cr ,Ready to Move,Resale,Semi-Furnished,North,Garden/Park,Freehold,18000000.0,1100.0,12.0,3.0,0.0,2.0,thane,16363.636363636364
1.70 Cr ,Ready to Move,Resale,Unfurnished,,,,17000000.0,1100.0,27.0,3.0,0.0,0.0,thane,15454.545454545454
4.90 Cr ,Ready to Move,New Property,Unfurnished,East,Garden/Park,Freehold,49000000.0,1700.0,18.0,4.0,6.0,2.0,thane,28823.529411764706
72 Lac ,Ready to Move,Resale,Semi-Furnished,East,"Garden/Park, Main Road",,7200000.0,437.0,8.0,1.0,1.0,0.0,thane,16475.97254004577
1 Cr ,Ready to Move,Resale,Semi-Furnished,,,,10000000.0,750.0,1.0,2.0,2.0,0.0,thane,13333.333333333334
40 Lac ,Ready to Move,Resale,Unfurnished,,,,4000000.0,620.0,0.0,2.0,0.0,0.0,thane,6451.612903225807
32.6 Lac ,Ready to Move,New Property,Unfurnished,East,Garden/Park,Freehold,3260000.0,516.0,5.0,2.0,2.0,1.0,thane,6317.829457364341
1.79 Cr ,Ready to Move,Resale,Unfurnished,,,,17900000.0,1321.0,16.0,3.0,3.0,0.0,thane,13550.340651021954
85 Lac ,Ready to Move,Resale,Semi-Furnished,,,,8500000.0,615.0,5.0,2.0,0.0,0.0,thane,13821.138211382115
1.02 Cr ,Ready to Move,Resale,Unfurnished,,Main Road,Freehold,10200000.0,540.0,3.0,2.0,1.0,0.0,thane,18888.88888888889
42 Lac ,Ready to Move,Resale,Unfurnished,East,"Garden/Park, Main Road",Freehold,4200000.0,638.0,8.0,2.0,1.0,1.0,thane,6583.0721003134795
1.45 Cr ,Ready to Move,Resale,Unfurnished,East,Garden/Park,Freehold,14500000.0,720.0,10.0,2.0,0.0,1.0,thane,20138.88888888889
1.35 Cr ,Ready to Move,Resale,Semi-Furnished,East,"Garden/Park, Main Road",Freehold,13500000.0,728.0,2.0,2.0,2.0,1.0,thane,18543.956043956045
90 Lac ,Ready to Move,Resale,Furnished,,,,9000000.0,625.0,12.0,2.0,0.0,0.0,thane,14400.0
1.03 Cr ,Ready to Move,Resale,Unfurnished,East,"Garden/Park, Main Road",Freehold,10300000.0,586.0,16.0,2.0,1.0,1.0,thane,17576.79180887372
34 Lac ,Ready to Move,Resale,Unfurnished,,,,3400000.0,765.0,5.0,1.0,2.0,0.0,thane,4444.444444444444
1.04 Cr ,Ready to Move,Resale,Unfurnished,East,"Garden/Park, Main Road",Freehold,10400000.0,586.0,17.0,2.0,1.0,1.0,thane,17747.440273037544
1.08 Cr ,Ready to Move,New Property,Unfurnished,East,,Co-operative Society,10800000.0,625.0,5.0,2.0,3.0,1.0,thane,17280.0
30 Lac ,Ready to Move,Resale,Semi-Furnished,,,,3000000.0,500.0,1.0,1.0,3.0,0.0,thane,6000.0
1 Cr ,Ready to Move,Resale,Semi-Furnished,East,Main Road,Co-operative Society,10000000.0,620.0,2.0,2.0,0.0,1.0,thane,16129.032258064517
1.05 Cr ,Ready to Move,Resale,Unfurnished,East,"Garden/Park, Main Road",Freehold,10500000.0,586.0,19.0,2.0,1.0,1.0,thane,17918.088737201364
46 Lac ,Ready to Move,Resale,Unfurnished,,,,4600000.0,470.0,12.0,2.0,0.0,0.0,thane,9787.234042553191
15 Lac ,Ready to Move,Resale,Unfurnished,,"Garden/Park, Main Road",Co-operative Society,1500000.0,233.0,0.0,1.0,0.0,0.0,thane,6437.768240343347
2.70 Cr ,Ready to Move,Resale,Unfurnished,North - East,"Garden/Park, Pool, Main Road",Freehold,27000000.0,1266.0,8.0,3.0,3.0,2.0,thane,21327.014218009477
85 Lac ,Ready to Move,Resale,Furnished,,,,8500000.0,1495.0,2.0,2.0,0.0,0.0,thane,5685.61872909699
2.30 Cr ,Ready to Move,Resale,Unfurnished,East,Main Road,Freehold,23000000.0,1120.0,6.0,3.0,4.0,0.0,thane,20535.714285714286
27.5 Lac ,Ready to Move,Resale,Unfurnished,,"Garden/Park, Main Road",Freehold,2750000.0,530.0,7.0,1.0,2.0,0.0,thane,5188.679245283019
1.07 Cr ,Ready to Move,Resale,Unfurnished,East,"Pool, Garden/Park, Main Road",Co-operative Society,10700000.0,650.0,13.0,2.0,2.0,2.0,navi-mumbai,16461.53846153846
90 Lac ,Ready to Move,Resale,Unfurnished,,,,9000000.0,800.0,2.0,2.0,0.0,0.0,navi-mumbai,11250.0
22 Lac ,Ready to Move,Resale,Unfurnished,South -West,,Co-operative Society,2200000.0,363.0,2.0,1.0,0.0,0.0,navi-mumbai,6060.606060606061
3.85 Cr ,Ready to Move,Resale,Unfurnished,West,"Garden/Park, Pool, Main Road",Leasehold,38500000.0,1175.0,0.0,3.0,2.0,2.0,navi-mumbai,32765.957446808512
56 Lac ,Ready to Move,Resale,Unfurnished,,,,5600000.0,741.0,12.0,2.0,0.0,0.0,navi-mumbai,7557.354925775979
56.5 Lac ,Ready to Move,Resale,Unfurnished,,,,5650000.0,723.0,5.0,1.0,0.0,0.0,navi-mumbai,7814.661134163209
57 Lac ,Ready to Move,Resale,Unfurnished,,,,5700000.0,740.0,12.0,2.0,0.0,0.0,navi-mumbai,7702.7027027027025
57 Lac ,Ready to Move,Resale,Unfurnished,,,,5700000.0,721.0,8.0,2.0,0.0,0.0,navi-mumbai,7905.686546463246
60 Lac ,Ready to Move,Resale,Unfurnished,,,,6000000.0,723.0,12.0,2.0,0.0,0.0,navi-mumbai,8298.755186721992
1.45 Cr ,Ready to Move,Resale,Unfurnished,North - East,"Garden/Park, Pool, Main Road",Freehold,14500000.0,1350.0,15.0,3.0,3.0,1.0,navi-mumbai,10740.74074074074
89 Lac ,Ready to Move,Resale,Semi-Furnished,East,"Garden/Park, Main Road",Freehold,8900000.0,1035.0,4.0,2.0,3.0,14.0,navi-mumbai,8599.03381642512
4.25 Cr ,Ready to Move,New Property,Unfurnished,North - East,"Garden/Park, Pool, Main Road",Freehold,42500000.0,2043.0,9.0,3.0,3.0,1.0,navi-mumbai,20802.741067058247
4 Cr ,Ready to Move,New Property,Unfurnished,North - East,"Garden/Park, Pool, Main Road",Freehold,40000000.0,1977.0,18.0,4.0,4.0,1.0,navi-mumbai,20232.675771370763
1.10 Cr ,Ready to Move,Resale,Unfurnished,North - East,Main Road,Freehold,11000000.0,710.0,8.0,2.0,2.0,1.0,navi-mumbai,15492.957746478873
1.29 Cr ,Ready to Move,New Property,Unfurnished,North - East,Garden/Park,Freehold,12900000.0,1700.0,33.0,5.0,3.0,1.0,navi-mumbai,7588.235294117647
48 Lac ,Ready to Move,Resale,Unfurnished,,,,4800000.0,650.0,6.0,1.0,0.0,0.0,navi-mumbai,7384.615384615385
48 Lac ,Ready to Move,Resale,Unfurnished,,,,4800000.0,659.0,3.0,1.0,0.0,0.0,navi-mumbai,7283.763277693475
48 Lac ,Ready to Move,Resale,Unfurnished,,,,4800000.0,650.0,7.0,1.0,0.0,0.0,navi-mumbai,7384.615384615385
1.65 Cr ,Ready to Move,New Property,Unfurnished,East,"Garden/Park, Pool, Main Road",Freehold,16500000.0,740.0,,2.0,2.0,1.0,navi-mumbai,22297.297297297297
32.5 Lac ,Ready to Move,Resale,Semi-Furnished,,,,3250000.0,273.0,1.0,1.0,0.0,0.0,navi-mumbai,11904.761904761905
49 Lac ,Ready to Move,Resale,Unfurnished,,,,4900000.0,655.0,1.0,1.0,0.0,0.0,navi-mumbai,7480.916030534351
72 Lac ,Ready to Move,Resale,Unfurnished,,,,7200000.0,750.0,2.0,1.0,0.0,0.0,navi-mumbai,9600.0
1.05 Cr ,Ready to Move,Resale,Unfurnished,East,"Garden/Park, Pool",Co-operative Society,10500000.0,800.0,2.0,2.0,2.0,1.0,navi-mumbai,13125.0
50 Lac ,Ready to Move,Resale,Semi-Furnished,North - East,Main Road,Co-operative Society,5000000.0,890.0,1.0,2.0,2.0,50.0,navi-mumbai,5617.9775280898875
2.20 Cr ,,Resale,Furnished,,"Garden/Park, Main Road",Freehold,22000000.0,1275.0,15.0,2.0,3.0,10.0,navi-mumbai,17254.901960784315
3.75 Cr ,Ready to Move,Resale,Furnished,,"Pool, Main Road",,37500000.0,1100.0,2.0,3.0,1.0,0.0,navi-mumbai,34090.90909090909
30 Lac ,Ready to Move,Resale,Unfurnished,East,"Garden/Park, Main Road",Freehold,3000000.0,350.0,1.0,2.0,0.0,1.0,navi-mumbai,8571.42857142857
1.02 Cr ,Ready to Move,New Property,Semi-Furnished,East,"Garden/Park, Main Road",Freehold,10200000.0,760.0,9.0,2.0,2.0,1.0,navi-mumbai,13421.052631578947
27 Lac ,Ready to Move,Resale,Semi-Furnished,,,,2700000.0,647.0,2.0,1.0,1.0,0.0,navi-mumbai,4173.106646058733
42 Lac ,Ready to Move,Resale,Unfurnished,East,Main Road,Freehold,4200000.0,400.0,,1.0,2.0,0.0,navi-mumbai,10500.0
55 Lac ,Ready to Move,Resale,Semi-Furnished,East,,Co-operative Society,5500000.0,625.0,3.0,2.0,1.0,0.0,navi-mumbai,8800.0
47 Lac ,Ready to Move,Resale,Semi-Furnished,,,,4700000.0,540.0,1.0,1.0,3.0,0.0,navi-mumbai,8703.703703703704
53 Lac ,Ready to Move,New Property,Unfurnished,North - East,"Garden/Park, Main Road",Freehold,5300000.0,750.0,5.0,2.0,1.0,1.0,navi-mumbai,7066.666666666667
1.04 Cr ,Ready to Move,Resale,Unfurnished,East,Main Road,Co-operative Society,10400000.0,850.0,15.0,2.0,3.0,1.0,navi-mumbai,12235.29411764706
20 Lac ,Ready to Move,Resale,Unfurnished,,Main Road,Freehold,2000000.0,330.0,2.0,1.0,0.0,0.0,navi-mumbai,6060.606060606061
43 Lac ,Ready to Move,Resale,Unfurnished,South - East,"Garden/Park, Main Road",,4300000.0,405.0,1.0,1.0,3.0,0.0,navi-mumbai,10617.283950617284
60 Lac ,Ready to Move,Resale,Semi-Furnished,East,Garden/Park,Freehold,6000000.0,705.0,3.0,2.0,2.0,1.0,navi-mumbai,8510.63829787234
2.85 Cr ,Ready to Move,New Property,Unfurnished,West,Main Road,Co-operative Society,28500000.0,1100.0,,3.0,3.0,0.0,navi-mumbai,25909.090909090908
60 Lac ,Ready to Move,Resale,Unfurnished,,,,6000000.0,725.0,3.0,1.0,0.0,0.0,navi-mumbai,8275.862068965518
58 Lac ,Ready to Move,Resale,Unfurnished,,,,5800000.0,725.0,5.0,1.0,0.0,0.0,navi-mumbai,8000.0
98 Lac ,Ready to Move,Resale,Unfurnished,,,,9800000.0,1225.0,1.0,2.0,3.0,0.0,navi-mumbai,8000.0
75 Lac ,Ready to Move,Resale,Furnished,,,,7500000.0,1275.0,4.0,3.0,0.0,0.0,navi-mumbai,5882.35294117647
77 Lac ,Ready to Move,Resale,Unfurnished,,,,7700000.0,966.0,6.0,2.0,0.0,0.0,navi-mumbai,7971.014492753623
66 Lac ,Ready to Move,New Property,Unfurnished,,,,6600000.0,1085.0,11.0,2.0,0.0,0.0,navi-mumbai,6082.94930875576
68 Lac ,Ready to Move,Resale,Unfurnished,,,,6800000.0,1080.0,16.0,2.0,0.0,0.0,navi-mumbai,6296.2962962962965
1.50 Cr ,Ready to Move,Resale,Unfurnished,East,,Freehold,15000000.0,560.0,6.0,2.0,2.0,1.0,navi-mumbai,26785.714285714286
67.5 Lac ,Ready to Move,Resale,Unfurnished,West,Main Road,Co-operative Society,6750000.0,660.0,10.0,2.0,3.0,0.0,navi-mumbai,10227.272727272728
67 Lac ,Ready to Move,Resale,Unfurnished,East,Main Road,Co-operative Society,6700000.0,660.0,10.0,2.0,3.0,0.0,navi-mumbai,10151.515151515152
70 Lac ,Ready to Move,Resale,Semi-Furnished,South -West,"Garden/Park, Main Road",Freehold,7000000.0,420.0,2.0,1.0,2.0,0.0,navi-mumbai,16666.666666666668
60 Lac ,Ready to Move,Resale,Semi-Furnished,North,Garden/Park,Co-operative Society,6000000.0,700.0,3.0,2.0,1.0,1.0,navi-mumbai,8571.42857142857
1.60 Cr ,Ready to Move,Resale,Unfurnished,East,"Garden/Park, Pool, Main Road",Freehold,16000000.0,700.0,6.0,2.0,3.0,0.0,navi-mumbai,22857.14285714286
1.05 Cr ,Ready to Move,Resale,Semi-Furnished,,,,10500000.0,900.0,7.0,2.0,0.0,0.0,navi-mumbai,11666.666666666666
87.5 Lac ,Ready to Move,Resale,Semi-Furnished,,,,8750000.0,1075.0,3.0,2.0,0.0,0.0,navi-mumbai,8139.53488372093
1.87 Cr ,Ready to Move,Resale,Unfurnished,East,"Pool, Main Road",Freehold,18700000.0,950.0,21.0,2.0,2.0,1.0,navi-mumbai,19684.21052631579
2.03 Cr ,Ready to Move,Resale,Unfurnished,South,Main Road,Co-operative Society,20299999.999999996,1200.0,0.0,2.0,2.0,1.0,navi-mumbai,16916.666666666664
70 Lac ,Ready to Move,Resale,Semi-Furnished,,,,7000000.0,720.0,5.0,2.0,0.0,0.0,navi-mumbai,9722.222222222223
3.20 Cr ,Ready to Move,Resale,Unfurnished,North - East,Main Road,Freehold,32000000.0,1100.0,18.0,3.0,2.0,1.0,navi-mumbai,29090.909090909092
56 Lac ,Ready to Move,Resale,Unfurnished,East,Main Road,Freehold,5600000.0,800.0,2.0,2.0,2.0,0.0,navi-mumbai,7000.0
34 Lac ,Ready to Move,Resale,Unfurnished,West,Main Road,Co-operative Society,3400000.0,430.55999999999995,3.0,1.0,0.0,0.0,navi-mumbai,7896.692679301376
1.38 Cr ,Ready to Move,Resale,Unfurnished,North - East,"Garden/Park, Pool, Main Road",Co-operative Society,13799999.999999998,1550.0,3.0,3.0,5.0,1.0,navi-mumbai,8903.225806451612
2 Cr ,Ready to Move,Resale,Semi-Furnished,East,Main Road,Freehold,20000000.0,782.0,20.0,2.0,2.0,1.0,navi-mumbai,25575.447570332482
25 Lac ,Ready to Move,Resale,Unfurnished,,,,2500000.0,682.0,1.0,1.0,0.0,0.0,navi-mumbai,3665.689149560117
92 Lac ,Ready to Move,Resale,Unfurnished,West,Main Road,Co-operative Society,9200000.0,540.0,1.0,2.0,1.0,0.0,navi-mumbai,17037.037037037036
1.65 Cr ,Ready to Move,Resale,Unfurnished,East,Main Road,Freehold,16500000.0,700.0,6.0,2.0,0.0,1.0,navi-mumbai,23571.428571428572
1.30 Cr ,Ready to Move,Resale,Unfurnished,East,"Garden/Park, Pool, Main Road",Co-operative Society,13000000.0,1350.0,4.0,3.0,3.0,1.0,navi-mumbai,9629.62962962963
1.05 Cr ,Ready to Move,Resale,Semi-Furnished,North - East,"Garden/Park, Main Road",Co-operative Society,10500000.0,1450.0,9.0,3.0,3.0,1.0,navi-mumbai,7241.379310344828
47 Lac ,Ready to Move,Resale,Semi-Furnished,East,Garden/Park,Freehold,4700000.0,400.0,9.0,1.0,0.0,1.0,navi-mumbai,11750.0
1.20 Cr ,Ready to Move,Resale,Unfurnished,North - East,"Garden/Park, Main Road",Co-operative Society,12000000.0,1550.0,7.0,3.0,5.0,1.0,navi-mumbai,7741.935483870968
28 Lac ,Ready to Move,Resale,Unfurnished,West,,,2800000.0,600.0,2.0,1.0,2.0,1.0,navi-mumbai,4666.666666666667
1.60 Cr ,Ready to Move,Resale,Unfurnished,East,Main Road,Co-operative Society,16000000.0,750.0,7.0,2.0,2.0,0.0,navi-mumbai,21333.333333333332
55 Lac ,Ready to Move,Resale,Unfurnished,,"Garden/Park, Main Road",Freehold,5500000.0,600.0,1.0,1.0,1.0,0.0,navi-mumbai,9166.666666666666
1.50 Cr ,Ready to Move,Resale,Semi-Furnished,East,Main Road,Co-operative Society,15000000.0,1200.0,5.0,3.0,4.0,0.0,navi-mumbai,12500.0
1.30 Cr ,Ready to Move,Resale,Unfurnished,,,,13000000.0,890.0,5.0,2.0,1.0,0.0,navi-mumbai,14606.741573033707
4.50 Cr ,Ready to Move,New Property,Unfurnished,East,Main Road,Co-operative Society,45000000.0,1333.0,16.0,3.0,4.0,2.0,navi-mumbai,33758.439609902474
90 Lac ,Ready to Move,Resale,Semi-Furnished,,,,9000000.0,990.0,1.0,2.0,2.0,0.0,navi-mumbai,9090.90909090909
4.30 Cr ,Ready to Move,Resale,Unfurnished,East,,Freehold,43000000.0,2500.0,17.0,4.0,4.0,1.0,navi-mumbai,17200.0
76 Lac ,Ready to Move,Resale,Unfurnished,East,Main Road,Co-operative Society,7600000.0,700.0,5.0,2.0,3.0,1.0,navi-mumbai,10857.142857142857
1.10 Cr ,Ready to Move,Resale,Unfurnished,East,"Garden/Park, Main Road",Freehold,11000000.0,565.0,7.0,2.0,3.0,0.0,navi-mumbai,19469.026548672566
1.05 Cr ,Ready to Move,Resale,Unfurnished,East,"Pool, Garden/Park, Main Road",Freehold,10500000.0,485.0,5.0,2.0,2.0,1.0,navi-mumbai,21649.484536082473
40 Lac ,Ready to Move,Resale,Unfurnished,,,,4000000.0,480.0,1.0,1.0,0.0,0.0,navi-mumbai,8333.333333333334
36 Lac ,Ready to Move,Resale,,,,,3600000.0,280.0,3.0,1.0,0.0,0.0,navi-mumbai,12857.142857142857
1.85 Cr ,Ready to Move,Resale,Unfurnished,East,"Garden/Park, Main Road",Freehold,18500000.0,1300.0,14.0,3.0,0.0,0.0,navi-mumbai,14230.76923076923
1.75 Cr ,Ready to Move,Resale,Unfurnished,East,"Garden/Park, Main Road",Freehold,17500000.0,1122.0,10.0,3.0,2.0,0.0,navi-mumbai,15597.147950089127
2.10 Cr ,Ready to Move,Resale,Unfurnished,East,,Co-operative Society,21000000.0,750.0,25.0,2.0,2.0,0.0,navi-mumbai,28000.0
31 Lac ,Ready to Move,Resale,Unfurnished,,,,3100000.0,400.0,4.0,2.0,2.0,0.0,navi-mumbai,7750.0
72 Lac ,Ready to Move,Resale,Semi-Furnished,,,,7200000.0,690.0,1.0,1.0,3.0,0.0,navi-mumbai,10434.782608695652
2.17 Cr ,Ready to Move,Resale,Unfurnished,East,"Garden/Park, Main Road",Co-operative Society,21700000.0,1220.0,5.0,2.0,1.0,0.0,navi-mumbai,17786.885245901638
1.30 Cr ,Ready to Move,Resale,Unfurnished,East,"Pool, Garden/Park, Main Road",Freehold,13000000.0,848.0,14.0,2.0,2.0,0.0,navi-mumbai,15330.188679245282
75 Lac ,Ready to Move,Resale,Unfurnished,,,,7500000.0,630.0,4.0,1.0,0.0,0.0,navi-mumbai,11904.761904761905
2.50 Cr ,Ready to Move,Resale,Unfurnished,East,"Garden/Park, Main Road",Freehold,25000000.0,620.0,9.0,2.0,2.0,0.0,navi-mumbai,40322.58064516129
50 Lac ,Ready to Move,Resale,Unfurnished,North - East,Garden/Park,,5000000.0,550.0,3.0,1.0,2.0,0.0,navi-mumbai,9090.90909090909
1.35 Cr ,Ready to Move,New Property,Unfurnished,,,,13500000.0,1200.0,9.0,2.0,0.0,0.0,navi-mumbai,11250.0
1.39 Cr ,Ready to Move,Resale,Unfurnished,,,,13899999.999999998,1195.0,5.0,2.0,0.0,0.0,navi-mumbai,11631.799163179914
1.40 Cr ,Ready to Move,Resale,Unfurnished,,,,14000000.0,1150.0,20.0,2.0,0.0,0.0,navi-mumbai,12173.91304347826
1.40 Cr ,Ready to Move,Resale,Unfurnished,,,,14000000.0,1200.0,7.0,2.0,0.0,0.0,navi-mumbai,11666.666666666666
1.45 Cr ,Ready to Move,Resale,Unfurnished,,,,14500000.0,1200.0,10.0,2.0,0.0,0.0,navi-mumbai,12083.333333333334
80 Lac ,Ready to Move,Resale,Furnished,East,,Freehold,8000000.0,500.0,6.0,1.0,1.0,1.0,navi-mumbai,16000.0
44 Lac ,Ready to Move,Resale,Unfurnished,,,,4400000.0,1000.0,12.0,2.0,0.0,0.0,navi-mumbai,4400.0
65 Lac ,Ready to Move,Resale,Unfurnished,,,,6500000.0,710.0,7.0,1.0,0.0,0.0,navi-mumbai,9154.929577464789
95 Lac ,Ready to Move,Resale,Semi-Furnished,East,"Garden/Park, Main Road",Freehold,9500000.0,750.0,6.0,2.0,4.0,0.0,navi-mumbai,12666.666666666666
80 Lac ,Ready to Move,Resale,Semi-Furnished,East,"Garden/Park, Main Road",Co-operative Society,8000000.0,420.0,-1.0,1.0,1.0,0.0,navi-mumbai,19047.619047619046
4.40 Cr ,Ready to Move,Resale,Furnished,,,,44000000.0,3000.0,12.0,4.0,5.0,0.0,navi-mumbai,14666.666666666666
88 Lac ,Ready to Move,Resale,Unfurnished,East,"Garden/Park, Pool, Main Road",Leasehold,8800000.0,700.0,7.0,2.0,2.0,1.0,navi-mumbai,12571.42857142857
1.05 Cr ,Ready to Move,Resale,Unfurnished,North - East,Main Road,Leasehold,10500000.0,721.0,2.0,2.0,2.0,1.0,navi-mumbai,14563.106796116504
55 Lac ,Ready to Move,Resale,Unfurnished,North - East,,Freehold,5500000.0,550.0,1.0,2.0,2.0,1.0,navi-mumbai,10000.0
65 Lac ,Ready to Move,Resale,Unfurnished,East,"Garden/Park, Pool, Main Road",Leasehold,6500000.0,450.0,7.0,1.0,1.0,1.0,navi-mumbai,14444.444444444445
35 Lac ,Ready to Move,Resale,Unfurnished,,,,3500000.0,647.0,3.0,1.0,0.0,0.0,navi-mumbai,5409.582689335394
36 Lac ,Ready to Move,Resale,Semi-Furnished,,,,3600000.0,500.0,3.0,2.0,2.0,0.0,navi-mumbai,7200.0
3.25 Cr ,Ready to Move,Resale,Semi-Furnished,North - East,Main Road,Freehold,32500000.0,1800.0,2.0,6.0,2.0,1.0,navi-mumbai,18055.555555555555
26 Lac ,Ready to Move,Resale,Unfurnished,North - East,Main Road,Freehold,2600000.0,286.0,1.0,1.0,1.0,0.0,navi-mumbai,9090.90909090909
1.30 Cr ,Ready to Move,Resale,Unfurnished,East,Main Road,Leasehold,13000000.0,1000.0,10.0,3.0,3.0,1.0,navi-mumbai,13000.0
1.55 Cr ,Ready to Move,Resale,Unfurnished,East,"Garden/Park, Main Road",Co-operative Society,15500000.0,700.0,11.0,2.0,1.0,1.0,navi-mumbai,22142.85714285714
1.09 Cr ,Ready to Move,New Property,Unfurnished,,,,10900000.0,1250.0,3.0,2.0,0.0,0.0,navi-mumbai,8720.0
1.09 Cr ,Ready to Move,New Property,Unfurnished,,,,10900000.0,1245.0,4.0,2.0,0.0,0.0,navi-mumbai,8755.020080321285
1.13 Cr ,Ready to Move,New Property,Unfurnished,,,,11299999.999999998,1240.0,8.0,2.0,0.0,0.0,navi-mumbai,9112.90322580645
1.15 Cr ,Ready to Move,Resale,Unfurnished,,,,11500000.0,1250.0,2.0,2.0,0.0,0.0,navi-mumbai,9200.0
33 Lac ,Ready to Move,Resale,Unfurnished,East,Main Road,Co-operative Society,3300000.0,400.0,7.0,1.0,0.0,0.0,navi-mumbai,8250.0
72 Lac ,Ready to Move,Resale,Unfurnished,North - East,"Garden/Park, Pool, Main Road",Co-operative Society,7200000.0,440.0,10.0,1.0,3.0,1.0,navi-mumbai,16363.636363636364
90 Lac ,Ready to Move,Resale,Furnished,,,,9000000.0,1020.0,1.0,2.0,0.0,15.0,navi-mumbai,8823.529411764706
95 Lac ,Ready to Move,Resale,Unfurnished,East,,Freehold,9500000.0,856.0,0.0,1.0,0.0,1.0,navi-mumbai,11098.130841121496
87.8 Lac ,Ready to Move,Resale,Unfurnished,North - East,,Co-operative Society,8780000.0,740.0,8.0,2.0,5.0,1.0,navi-mumbai,11864.864864864865
80 Lac ,Ready to Move,Resale,Unfurnished,East,Main Road,Freehold,8000000.0,750.0,,2.0,2.0,1.0,navi-mumbai,10666.666666666666
47 Lac ,Ready to Move,New Property,Semi-Furnished,North,Garden/Park,Freehold,4700000.0,695.0,,2.0,3.0,1.0,navi-mumbai,6762.589928057554
1.12 Cr ,Ready to Move,Resale,Unfurnished,East,Main Road,Freehold,11200000.000000002,800.0,11.0,2.0,0.0,0.0,navi-mumbai,14000.000000000002
48 Lac ,Ready to Move,Resale,Semi-Furnished,North - East,Garden/Park,Freehold,4800000.0,645.0,1.0,1.0,3.0,0.0,navi-mumbai,7441.860465116279
1.30 Cr ,Ready to Move,Resale,Semi-Furnished,North - East,"Pool, Garden/Park, Main Road",Co-operative Society,13000000.0,785.0,12.0,2.0,2.0,1.0,navi-mumbai,16560.509554140128
1.25 Cr ,Ready to Move,Resale,Semi-Furnished,East,"Garden/Park, Main Road",Freehold,12500000.0,790.0,,2.0,2.0,1.0,navi-mumbai,15822.784810126583
76 Lac ,Ready to Move,New Property,Unfurnished,East,"Garden/Park, Main Road",Freehold,7600000.0,750.0,,2.0,3.0,1.0,navi-mumbai,10133.333333333334
90 Lac ,Ready to Move,Resale,Unfurnished,East,Main Road,Freehold,9000000.0,745.0,,2.0,1.0,0.0,navi-mumbai,12080.536912751679
84 Lac ,Ready to Move,Resale,Semi-Furnished,,,,8400000.0,1050.0,5.0,2.0,0.0,0.0,navi-mumbai,8000.0
3 Cr ,Ready to Move,Resale,Unfurnished,East,"Garden/Park, Main Road",Freehold,30000000.0,1200.0,14.0,4.0,1.0,0.0,navi-mumbai,25000.0
1.05 Cr ,Ready to Move,Resale,Unfurnished,,,,10500000.0,1125.0,4.0,2.0,0.0,0.0,navi-mumbai,9333.333333333334
1.05 Cr ,Ready to Move,Resale,Unfurnished,,,,10500000.0,1125.0,3.0,2.0,0.0,0.0,navi-mumbai,9333.333333333334
1.70 Cr ,Ready to Move,Resale,Unfurnished,East,"Garden/Park, Main Road",Freehold,17000000.0,1080.0,9.0,3.0,4.0,1.0,navi-mumbai,15740.74074074074
80 Lac ,Ready to Move,Resale,Unfurnished,,,,8000000.0,750.0,1.0,2.0,0.0,0.0,navi-mumbai,10666.666666666666
40 Lac ,Ready to Move,Resale,,,,,4000000.0,779.0,3.0,1.0,0.0,0.0,navi-mumbai,5134.788189987163
2.70 Cr ,Ready to Move,Resale,Semi-Furnished,North - East,Main Road,Freehold,27000000.0,900.0,24.0,2.0,2.0,1.0,navi-mumbai,30000.0
88 Lac ,Ready to Move,Resale,Unfurnished,,,Co-operative Society,8800000.0,990.0,9.0,2.0,1.0,0.0,navi-mumbai,8888.888888888889
68 Lac ,Ready to Move,Resale,Unfurnished,East,Main Road,Co-operative Society,6800000.0,440.0,5.0,2.0,1.0,1.0,navi-mumbai,15454.545454545454
1.37 Cr ,Ready to Move,Resale,Furnished,,,Co-operative Society,13700000.000000002,700.0,6.0,2.0,0.0,0.0,navi-mumbai,19571.428571428572
1.15 Cr ,Ready to Move,Resale,Unfurnished,,"Garden/Park, Pool, Main Road",Co-operative Society,11500000.0,1250.0,10.0,2.0,3.0,1.0,navi-mumbai,9200.0
55 Lac ,Ready to Move,Resale,Unfurnished,,,,5500000.0,600.0,7.0,2.0,0.0,0.0,navi-mumbai,9166.666666666666
1.80 Cr ,Ready to Move,Resale,Unfurnished,East,"Garden/Park, Main Road",Freehold,18000000.0,1125.0,7.0,3.0,4.0,0.0,navi-mumbai,16000.0
75 Lac ,Ready to Move,Resale,Unfurnished,East,"Pool, Main Road",Co-operative Society,7500000.0,650.0,3.0,2.0,4.0,1.0,navi-mumbai,11538.461538461539
1.07 Cr ,Ready to Move,Resale,Unfurnished,North - East,Main Road,Freehold,10700000.0,750.0,7.0,2.0,3.0,0.0,navi-mumbai,14266.666666666666
35 Lac ,Ready to Move,Resale,Unfurnished,East,"Garden/Park, Main Road",Co-operative Society,3500000.0,760.0,2.0,2.0,3.0,1.0,navi-mumbai,4605.263157894737
33 Lac ,Ready to Move,Resale,Unfurnished,,,,3300000.0,415.0,1.0,1.0,3.0,0.0,navi-mumbai,7951.807228915663
3.25 Cr ,Ready to Move,Resale,Furnished,,,,32500000.0,800.0,4.0,2.0,0.0,0.0,navi-mumbai,40625.0
69 Lac ,Ready to Move,Resale,Furnished,East,"Garden/Park, Pool, Main Road",Freehold,6900000.0,460.0,13.0,1.0,3.0,1.0,navi-mumbai,15000.0
46 Lac ,Ready to Move,Resale,Unfurnished,,,,4600000.0,650.0,3.0,1.0,0.0,0.0,navi-mumbai,7076.923076923077
98 Lac ,Ready to Move,Resale,Furnished,North - East,"Garden/Park, Main Road",Freehold,9800000.0,700.0,4.0,2.0,1.0,0.0,navi-mumbai,14000.0
36 Lac ,Ready to Move,Resale,Unfurnished,East,Main Road,Co-operative Society,3600000.0,400.0,2.0,1.0,2.0,0.0,navi-mumbai,9000.0
60 Lac ,Ready to Move,Resale,Semi-Furnished,,,,6000000.0,765.0,9.0,2.0,0.0,0.0,navi-mumbai,7843.137254901961
78 Lac ,Ready to Move,Resale,Unfurnished,East,Main Road,Co-operative Society,7800000.0,400.0,2.0,1.0,1.0,0.0,navi-mumbai,19500.0
45 Lac ,Ready to Move,Resale,Unfurnished,East,Main Road,Freehold,4500000.0,450.0,,1.0,2.0,1.0,navi-mumbai,10000.0
60 Lac ,Ready to Move,Resale,Unfurnished,North,Main Road,Freehold,6000000.0,475.0,,1.0,2.0,1.0,navi-mumbai,12631.578947368422
18 Lac ,Ready to Move,Resale,Unfurnished,,,,1800000.0,508.0,1.0,1.0,0.0,0.0,navi-mumbai,3543.3070866141734
1.10 Cr ,Ready to Move,Resale,Unfurnished,East,"Garden/Park, Pool, Main Road",Leasehold,11000000.0,700.0,12.0,2.0,2.0,1.0,navi-mumbai,15714.285714285714
90 Lac ,Ready to Move,Resale,Semi-Furnished,,,,9000000.0,600.0,1.0,2.0,0.0,0.0,navi-mumbai,15000.0
1.70 Cr ,Ready to Move,Resale,Unfurnished,East,"Garden/Park, Pool, Main Road",Freehold,17000000.0,1200.0,,3.0,3.0,1.0,navi-mumbai,14166.666666666666
65 Lac ,Ready to Move,Resale,Unfurnished,East,"Garden/Park, Pool, Main Road",Freehold,6500000.0,475.0,,2.0,2.0,1.0,navi-mumbai,13684.21052631579
43 Lac ,Ready to Move,Resale,Unfurnished,East,Main Road,Freehold,4300000.0,475.0,,1.0,2.0,1.0,navi-mumbai,9052.631578947368
22.5 Lac ,Ready to Move,Resale,Unfurnished,,,,2250000.0,385.0,1.0,1.0,1.0,0.0,navi-mumbai,5844.1558441558445
42 Lac ,Ready to Move,Resale,Unfurnished,,,,4200000.0,450.0,4.0,1.0,0.0,1.0,navi-mumbai,9333.333333333334
55 Lac ,Ready to Move,Resale,Unfurnished,East,Main Road,Co-operative Society,5500000.0,450.0,14.0,2.0,3.0,1.0,navi-mumbai,12222.222222222223
1.65 Cr ,Ready to Move,New Property,Unfurnished,North,Pool,Leasehold,16500000.0,870.0,2.0,2.0,2.0,1.0,navi-mumbai,18965.51724137931
92 Lac ,Ready to Move,Resale,Unfurnished,East,,Freehold,9200000.0,1050.0,2.0,2.0,2.0,1.0,navi-mumbai,8761.904761904761
65 Lac ,Ready to Move,Resale,Semi-Furnished,,Main Road,Co-operative Society,6500000.0,576.0,3.0,1.0,0.0,0.0,navi-mumbai,11284.722222222223
80.5 Lac ,Ready to Move,Resale,Unfurnished,East,Garden/Park,,8050000.0,1490.0,2.0,3.0,1.0,0.0,navi-mumbai,5402.684563758389
30 Lac ,Ready to Move,Resale,Unfurnished,,,,3000000.0,630.0,4.0,1.0,0.0,0.0,navi-mumbai,4761.9047619047615
59 Lac ,Ready to Move,Resale,Unfurnished,,,,5900000.0,890.0,2.0,2.0,0.0,0.0,navi-mumbai,6629.213483146067
1.15 Cr ,Ready to Move,Resale,Unfurnished,East,Main Road,Freehold,11500000.0,1200.0,3.0,2.0,4.0,0.0,navi-mumbai,9583.333333333334
6 Cr ,Ready to Move,Resale,Unfurnished,East,,Freehold,60000000.0,3600.0,18.0,4.0,5.0,1.0,navi-mumbai,16666.666666666668
65 Lac ,Ready to Move,Resale,Semi-Furnished,,,,6500000.0,1075.0,10.0,2.0,0.0,0.0,navi-mumbai,6046.511627906977
94 Lac ,Ready to Move,Resale,Unfurnished,East,"Garden/Park, Pool, Main Road",Leasehold,9400000.0,700.0,2.0,2.0,2.0,1.0,navi-mumbai,13428.57142857143
50 Lac ,Ready to Move,Resale,Unfurnished,North,Garden/Park,Freehold,5000000.0,500.0,1.0,1.0,1.0,0.0,navi-mumbai,10000.0
1.95 Cr ,Ready to Move,Resale,Unfurnished,East,"Garden/Park, Pool, Main Road",Leasehold,19500000.0,1092.0,18.0,2.0,5.0,1.0,navi-mumbai,17857.14285714286
40 Lac ,Ready to Move,Resale,Semi-Furnished,East,"Garden/Park, Pool, Main Road",Co-operative Society,4000000.0,600.0,4.0,2.0,0.0,1.0,navi-mumbai,6666.666666666667
1.45 Cr ,Ready to Move,Resale,Unfurnished,East,"Garden/Park, Pool, Main Road",Leasehold,14500000.0,799.0,10.0,2.0,3.0,1.0,navi-mumbai,18147.684605757197
92 Lac ,Ready to Move,Resale,Unfurnished,North - East,Main Road,Freehold,9200000.0,812.0,,2.0,2.0,1.0,navi-mumbai,11330.049261083745
80 Lac ,Ready to Move,Resale,Unfurnished,,,,8000000.0,1000.0,2.0,2.0,0.0,0.0,navi-mumbai,8000.0
1.25 Cr ,Ready to Move,Resale,Unfurnished,East,"Garden/Park, Pool, Main Road",Leasehold,12500000.0,800.0,7.0,2.0,2.0,1.0,navi-mumbai,15625.0
27 Lac ,Ready to Move,Resale,Semi-Furnished,,,,2700000.0,575.0,2.0,1.0,0.0,0.0,navi-mumbai,4695.652173913043
52 Lac ,Ready to Move,Resale,Unfurnished,,,,5200000.0,604.0,6.0,2.0,2.0,0.0,navi-mumbai,8609.271523178808
76 Lac ,Ready to Move,Resale,Unfurnished,East,,Freehold,7600000.0,875.0,3.0,2.0,2.0,1.0,navi-mumbai,8685.714285714286
36 Lac ,Ready to Move,Resale,Unfurnished,,,,3600000.0,700.0,1.0,2.0,0.0,0.0,navi-mumbai,5142.857142857143
1.80 Cr ,Ready to Move,Resale,Furnished,,,,18000000.0,1055.0,7.0,2.0,0.0,0.0,navi-mumbai,17061.611374407585
1.60 Cr ,Ready to Move,Resale,Semi-Furnished,,,,16000000.0,1060.0,5.0,2.0,0.0,0.0,navi-mumbai,15094.33962264151
88 Lac ,Ready to Move,Resale,Furnished,East,"Garden/Park, Main Road",Co-operative Society,8800000.0,685.0,7.0,2.0,3.0,1.0,navi-mumbai,12846.715328467153
35 Lac ,Ready to Move,Resale,Unfurnished,,,,3500000.0,725.0,0.0,2.0,0.0,0.0,navi-mumbai,4827.586206896552
1.60 Cr ,Ready to Move,Resale,Semi-Furnished,North - East,Main Road,Freehold,16000000.0,680.0,9.0,2.0,2.0,1.0,navi-mumbai,23529.41176470588
85 Lac ,Ready to Move,Resale,Unfurnished,,,,8500000.0,1250.0,4.0,2.0,0.0,0.0,navi-mumbai,6800.0
1.37 Cr ,Ready to Move,Resale,Unfurnished,East,Main Road,Co-operative Society,13700000.000000002,700.0,6.0,2.0,3.0,1.0,navi-mumbai,19571.428571428572
1.75 Cr ,Ready to Move,Resale,Semi-Furnished,East,"Garden/Park, Pool, Main Road",Freehold,17500000.0,725.0,5.0,2.0,2.0,1.0,navi-mumbai,24137.931034482757
1.10 Cr ,Ready to Move,Resale,Unfurnished,East,"Garden/Park, Pool, Main Road",Co-operative Society,11000000.0,800.0,13.0,2.0,3.0,1.0,navi-mumbai,13750.0
30 Lac ,Ready to Move,Resale,Furnished,,,,3000000.0,350.0,1.0,1.0,0.0,0.0,navi-mumbai,8571.42857142857
98 Lac ,Ready to Move,Resale,Unfurnished,East,"Garden/Park, Pool",Co-operative Society,9800000.0,625.0,17.0,2.0,3.0,2.0,navi-mumbai,15680.0
55 Lac ,Ready to Move,Resale,Unfurnished,East,"Garden/Park, Pool, Main Road",Co-operative Society,5500000.0,417.0,9.0,1.0,2.0,1.0,navi-mumbai,13189.448441247003
1.35 Cr ,Ready to Move,Resale,Semi-Furnished,,,,13500000.0,1465.0,5.0,3.0,0.0,0.0,navi-mumbai,9215.017064846417
39 Lac ,Ready to Move,Resale,Unfurnished,,Garden/Park,Co-operative Society,3900000.0,681.0,3.0,2.0,0.0,0.0,navi-mumbai,5726.872246696035
45 Lac ,Ready to Move,Resale,Unfurnished,,,,4500000.0,615.0,2.0,1.0,0.0,0.0,navi-mumbai,7317.073170731707
99 Lac ,Ready to Move,Resale,Unfurnished,East,"Garden/Park, Pool, Main Road",Leasehold,9900000.0,700.0,2.0,2.0,2.0,1.0,navi-mumbai,14142.857142857143
65 Lac ,Ready to Move,Resale,Semi-Furnished,East,Main Road,Co-operative Society,6500000.0,450.0,3.0,1.0,0.0,0.0,navi-mumbai,14444.444444444445
35 Lac ,Ready to Move,Resale,Unfurnished,,,,3500000.0,650.0,3.0,1.0,0.0,0.0,navi-mumbai,5384.615384615385
43 Lac ,Ready to Move,New Property,Unfurnished,South -West,Main Road,,4300000.0,430.0,2.0,2.0,0.0,0.0,navi-mumbai,10000.0
1.50 Cr ,Ready to Move,Resale,Unfurnished,,,,15000000.0,1027.0,2.0,3.0,0.0,0.0,navi-mumbai,14605.647517039923
1.25 Cr ,Ready to Move,Resale,Unfurnished,,,,12500000.0,1500.0,3.0,2.0,0.0,0.0,navi-mumbai,8333.333333333334
1.29 Cr ,Ready to Move,Resale,Unfurnished,,,,12900000.0,1130.0,17.0,2.0,0.0,0.0,navi-mumbai,11415.929203539823
93 Lac ,Ready to Move,Resale,Unfurnished,East,"Garden/Park, Main Road",Co-operative Society,9300000.0,390.0,10.0,1.0,2.0,0.0,navi-mumbai,23846.153846153848
1.45 Cr ,Ready to Move,Resale,Unfurnished,North - East,Main Road,Freehold,14500000.0,1050.0,,3.0,4.0,1.0,navi-mumbai,13809.52380952381
60 Lac ,Ready to Move,New Property,Semi-Furnished,,,,6000000.0,700.0,10.0,1.0,0.0,0.0,navi-mumbai,8571.42857142857
1.05 Cr ,Ready to Move,Resale,Unfurnished,North - East,"Garden/Park, Pool, Main Road",Freehold,10500000.0,815.0,4.0,2.0,2.0,1.0,navi-mumbai,12883.435582822085
42 Lac ,Ready to Move,Resale,Unfurnished,North - East,Main Road,Freehold,4200000.0,410.0,4.0,2.0,2.0,1.0,navi-mumbai,10243.90243902439
1.40 Cr ,Ready to Move,New Property,Semi-Furnished,North - East,"Pool, Garden/Park, Main Road",Freehold,14000000.0,820.0,20.0,2.0,3.0,1.0,navi-mumbai,17073.170731707316
83 Lac ,Ready to Move,Resale,Unfurnished,East,Main Road,Co-operative Society,8300000.0,430.0,-1.0,1.0,1.0,0.0,navi-mumbai,19302.325581395347
79.9 Lac ,Ready to Move,Resale,Unfurnished,East,Main Road,Co-operative Society,7990000.000000001,746.0,4.0,2.0,4.0,1.0,navi-mumbai,10710.455764075068
1.60 Cr ,Ready to Move,Resale,Unfurnished,,,,16000000.0,1400.0,1.0,2.0,0.0,0.0,navi-mumbai,11428.57142857143
1.85 Cr ,Ready to Move,New Property,Semi-Furnished,North - East,"Pool, Garden/Park, Main Road",Freehold,18500000.0,1300.0,20.0,3.0,3.0,1.0,navi-mumbai,14230.76923076923
80 Lac ,Ready to Move,Resale,Unfurnished,East,"Garden/Park, Main Road",Co-operative Society,8000000.0,800.0,10.0,2.0,3.0,0.0,navi-mumbai,10000.0
25 Lac ,Ready to Move,Resale,Semi-Furnished,,,,2500000.0,480.0,3.0,1.0,0.0,0.0,navi-mumbai,5208.333333333333
21.5 Lac ,Ready to Move,Resale,Unfurnished,,,,2150000.0,529.0,2.0,1.0,0.0,0.0,navi-mumbai,4064.272211720227
1.29 Cr ,Ready to Move,Resale,Unfurnished,North,"Garden/Park, Pool, Main Road",Co-operative Society,12900000.0,660.0,15.0,2.0,1.0,0.0,navi-mumbai,19545.454545454544
1.30 Cr ,Ready to Move,Resale,Semi-Furnished,North - East,"Pool, Garden/Park, Main Road",Co-operative Society,13000000.0,826.0,20.0,2.0,3.0,1.0,navi-mumbai,15738.498789346248
3.15 Cr ,Ready to Move,Resale,Furnished,East,"Garden/Park, Main Road",Freehold,31500000.0,870.0,7.0,2.0,2.0,1.0,navi-mumbai,36206.89655172414
1.42 Cr ,Ready to Move,Resale,Semi-Furnished,North - East,"Pool, Garden/Park, Main Road",Co-operative Society,14200000.0,1350.0,10.0,2.0,4.0,0.0,navi-mumbai,10518.518518518518
42 Lac ,Ready to Move,Resale,Semi-Furnished,,,,4200000.0,468.0,1.0,1.0,1.0,0.0,navi-mumbai,8974.358974358975
85 Lac ,Ready to Move,Resale,Unfurnished,,,,8500000.0,1170.0,10.0,2.0,0.0,0.0,navi-mumbai,7264.957264957265
85 Lac ,Ready to Move,Resale,Unfurnished,,,,8500000.0,1200.0,9.0,2.0,0.0,0.0,navi-mumbai,7083.333333333333
2.60 Cr ,Ready to Move,Resale,Semi-Furnished,,,,26000000.0,1500.0,1.0,3.0,0.0,0.0,navi-mumbai,17333.333333333332
4.50 Cr ,Ready to Move,Resale,Semi-Furnished,North - East,Pool,Co-operative Society,45000000.0,1352.0,,3.0,3.0,1.0,navi-mumbai,33284.023668639056
1.25 Cr ,Ready to Move,Resale,Furnished,East,Main Road,Co-operative Society,12500000.0,1200.0,4.0,2.0,3.0,1.0,navi-mumbai,10416.666666666666
1.35 Cr ,Ready to Move,Resale,Unfurnished,North - East,Main Road,Freehold,13500000.0,1100.0,3.0,3.0,3.0,1.0,navi-mumbai,12272.727272727272
65 Lac ,Ready to Move,Resale,Unfurnished,North - East,Main Road,Freehold,6500000.0,650.0,3.0,2.0,2.0,0.0,navi-mumbai,10000.0
64 Lac ,Ready to Move,Resale,Semi-Furnished,East,Main Road,Co-operative Society,6400000.0,455.0,3.0,1.0,2.0,0.0,navi-mumbai,14065.934065934065
45 Lac ,Ready to Move,New Property,Unfurnished,,,,4500000.0,640.0,4.0,1.0,0.0,0.0,navi-mumbai,7031.25
1.60 Cr ,Ready to Move,Resale,Unfurnished,,,,16000000.0,1750.0,8.0,3.0,0.0,0.0,navi-mumbai,9142.857142857143
1.62 Cr ,Ready to Move,New Property,Unfurnished,,,,16200000.000000002,1550.0,9.0,3.0,0.0,0.0,navi-mumbai,10451.612903225807
1.35 Cr ,Ready to Move,Resale,Semi-Furnished,North - East,"Pool, Garden/Park, Main Road",Freehold,13500000.0,850.0,18.0,2.0,3.0,1.0,navi-mumbai,15882.35294117647
55 Lac ,Ready to Move,Resale,Semi-Furnished,West,"Garden/Park, Main Road",Co-operative Society,5500000.0,360.0,9.0,1.0,1.0,0.0,navi-mumbai,15277.777777777777
39 Lac ,Ready to Move,Resale,Unfurnished,East,Main Road,Co-operative Society,3900000.0,630.0,4.0,1.0,0.0,0.0,navi-mumbai,6190.476190476191
78 Lac ,Ready to Move,Resale,Furnished,East,,Co-operative Society,7800000.0,685.0,1.0,1.0,2.0,0.0,navi-mumbai,11386.861313868612
1.38 Cr ,Ready to Move,Resale,Furnished,North - East,Main Road,Co-operative Society,13799999.999999998,819.0,,2.0,3.0,1.0,navi-mumbai,16849.81684981685
67 Lac ,Ready to Move,Resale,Unfurnished,,,,6700000.0,740.0,15.0,2.0,3.0,0.0,navi-mumbai,9054.054054054053
22 Lac ,Ready to Move,Resale,Unfurnished,,,,2200000.0,350.0,3.0,1.0,0.0,0.0,navi-mumbai,6285.714285714285
1.86 Cr ,Ready to Move,Resale,Semi-Furnished,North,"Pool, Garden/Park, Main Road",Co-operative Society,18600000.0,790.0,9.0,2.0,2.0,1.0,navi-mumbai,23544.303797468354
65 Lac ,Ready to Move,Resale,Unfurnished,,,,6500000.0,1000.0,2.0,2.0,0.0,0.0,navi-mumbai,6500.0
30 Lac ,Ready to Move,Resale,Unfurnished,,,,3000000.0,425.0,3.0,1.0,1.0,0.0,navi-mumbai,7058.823529411765
53 Lac ,Ready to Move,Resale,Semi-Furnished,North,Main Road,Freehold,5300000.0,682.0,-1.0,2.0,4.0,1.0,navi-mumbai,7771.260997067448
65.5 Lac ,Ready to Move,Resale,Unfurnished,,,,6550000.0,1069.0,3.0,2.0,0.0,0.0,navi-mumbai,6127.221702525725
30 Lac ,Ready to Move,Resale,Semi-Furnished,,,,3000000.0,595.0,2.0,2.0,0.0,0.0,navi-mumbai,5042.016806722689
90 Lac ,Ready to Move,Resale,Unfurnished,,,,9000000.0,850.0,1.0,2.0,0.0,0.0,navi-mumbai,10588.235294117647
1.58 Cr ,Ready to Move,Resale,Furnished,East,"Pool, Garden/Park",Co-operative Society,15800000.0,785.0,8.0,2.0,2.0,1.0,navi-mumbai,20127.38853503185
80 Lac ,Ready to Move,New Property,Unfurnished,,Main Road,Freehold,8000000.0,686.0,22.0,2.0,0.0,0.0,navi-mumbai,11661.807580174927
21.6 Lac ,Ready to Move,New Property,Unfurnished,,,,2160000.0,360.0,,2.0,0.0,1.0,navi-mumbai,6000.0
1.60 Cr ,Ready to Move,Resale,Unfurnished,East,"Garden/Park, Pool, Main Road",Leasehold,16000000.0,750.0,25.0,2.0,2.0,0.0,navi-mumbai,21333.333333333332
40 Lac ,Ready to Move,Resale,,,,,4000000.0,600.0,2.0,1.0,0.0,0.0,navi-mumbai,6666.666666666667
68 Lac ,Ready to Move,Resale,,,,,6800000.0,330.0,1.0,1.0,0.0,0.0,navi-mumbai,20606.060606060608
3.99 Cr ,Ready to Move,Resale,Unfurnished,East,"Garden/Park, Main Road",Freehold,39900000.0,1360.0,12.0,3.0,4.0,1.0,navi-mumbai,29338.235294117647
1.30 Cr ,Ready to Move,Resale,,,,,13000000.0,1031.0,1.0,2.0,0.0,0.0,navi-mumbai,12609.117361784674
1.40 Cr ,Ready to Move,Resale,,,,,14000000.0,1100.0,2.0,2.0,0.0,0.0,navi-mumbai,12727.272727272728
55 Lac ,Ready to Move,Resale,,,,,5500000.0,750.0,3.0,1.0,0.0,0.0,navi-mumbai,7333.333333333333
1.05 Cr ,Ready to Move,Resale,Unfurnished,North - East,Main Road,Freehold,10500000.0,880.0,1.0,3.0,2.0,1.0,navi-mumbai,11931.818181818182
1.10 Cr ,Ready to Move,New Property,Unfurnished,West,Main Road,Freehold,11000000.0,1600.0,11.0,3.0,5.0,0.0,navi-mumbai,6875.0
60 Lac ,Ready to Move,Resale,Semi-Furnished,,"Garden/Park, Main Road",Co-operative Society,6000000.0,516.0,6.0,1.0,1.0,0.0,navi-mumbai,11627.906976744185
50 Lac ,Ready to Move,Resale,Furnished,,,,5000000.0,430.0,3.0,2.0,3.0,0.0,navi-mumbai,11627.906976744185
67 Lac ,Ready to Move,Resale,Furnished,East,,,6700000.0,426.0,6.0,2.0,0.0,0.0,navi-mumbai,15727.699530516433
1.50 Cr ,Ready to Move,Resale,Furnished,East,"Garden/Park, Pool",Leasehold,15000000.0,750.0,10.0,2.0,3.0,1.0,navi-mumbai,20000.0
65 Lac ,Ready to Move,Resale,Furnished,North,Main Road,Freehold,6500000.0,450.0,7.0,2.0,2.0,0.0,navi-mumbai,14444.444444444445
65 Lac ,Ready to Move,Resale,Unfurnished,,Garden/Park,Freehold,6500000.0,1246.0,19.0,2.0,2.0,0.0,navi-mumbai,5216.69341894061
52 Lac ,Ready to Move,Resale,Unfurnished,,,Freehold,5200000.0,550.0,3.0,1.0,3.0,5.0,navi-mumbai,9454.545454545454
80 Lac ,Ready to Move,Resale,Semi-Furnished,,,,8000000.0,800.0,14.0,2.0,0.0,0.0,navi-mumbai,10000.0
84 Lac ,Ready to Move,Resale,Unfurnished,,,,8400000.0,990.0,5.0,2.0,0.0,0.0,navi-mumbai,8484.848484848484
85 Lac ,Ready to Move,Resale,Unfurnished,,,,8500000.0,1150.0,7.0,2.0,0.0,0.0,navi-mumbai,7391.304347826087
1.15 Cr ,Ready to Move,Resale,Semi-Furnished,,,,11500000.0,1100.0,6.0,2.0,0.0,0.0,navi-mumbai,10454.545454545454
1.25 Cr ,Ready to Move,Resale,Unfurnished,,,,12500000.0,1100.0,9.0,2.0,0.0,0.0,navi-mumbai,11363.636363636364
1.30 Cr ,Ready to Move,Resale,Semi-Furnished,,,,13000000.0,1200.0,9.0,2.0,0.0,0.0,navi-mumbai,10833.333333333334
1.30 Cr ,Ready to Move,Resale,Unfurnished,,,,13000000.0,1100.0,7.0,2.0,0.0,0.0,navi-mumbai,11818.181818181818
1.30 Cr ,Ready to Move,Resale,Semi-Furnished,,,,13000000.0,1150.0,7.0,2.0,0.0,0.0,navi-mumbai,11304.347826086956
95 Lac ,Ready to Move,Resale,Unfurnished,,,,9500000.0,1100.0,11.0,2.0,0.0,0.0,navi-mumbai,8636.363636363636
95 Lac ,Ready to Move,Resale,Unfurnished,,,,9500000.0,1100.0,2.0,2.0,0.0,0.0,navi-mumbai,8636.363636363636
39 Lac ,Ready to Move,Resale,Unfurnished,,,,3900000.0,325.0,4.0,1.0,0.0,0.0,navi-mumbai,12000.0
85 Lac ,Ready to Move,Resale,Furnished,,,,8500000.0,450.0,1.0,1.0,0.0,0.0,navi-mumbai,18888.88888888889
2.30 Cr ,Ready to Move,Resale,Unfurnished,,,,23000000.0,1400.0,16.0,3.0,2.0,0.0,navi-mumbai,16428.571428571428
80 Lac ,Ready to Move,Resale,Unfurnished,East,Main Road,Leasehold,8000000.0,527.0,2.0,2.0,2.0,0.0,navi-mumbai,15180.265654648956
55 Lac ,Ready to Move,Resale,Semi-Furnished,,,,5500000.0,1000.0,5.0,2.0,0.0,0.0,navi-mumbai,5500.0
1.25 Cr ,Ready to Move,Resale,Furnished,East,Main Road,Freehold,12500000.0,1350.0,2.0,3.0,4.0,1.0,navi-mumbai,9259.25925925926
1.30 Cr ,Ready to Move,Resale,,,,,13000000.0,1050.0,1.0,2.0,0.0,0.0,navi-mumbai,12380.952380952382
60 Lac ,Ready to Move,Resale,Unfurnished,East,Main Road,Co-operative Society,6000000.0,305.0,1.0,1.0,1.0,0.0,navi-mumbai,19672.131147540982
1.53 Cr ,Ready to Move,Resale,Unfurnished,East,Garden/Park,Freehold,15300000.0,700.0,9.0,2.0,2.0,1.0,navi-mumbai,21857.14285714286
98 Lac ,Ready to Move,Resale,Semi-Furnished,,,,9800000.0,1150.0,13.0,2.0,0.0,0.0,navi-mumbai,8521.739130434782
92 Lac ,Ready to Move,Resale,Unfurnished,,,,9200000.0,1150.0,5.0,2.0,0.0,0.0,navi-mumbai,8000.0
49 Lac ,Ready to Move,Resale,Unfurnished,,,,4900000.0,615.0,1.0,2.0,3.0,0.0,navi-mumbai,7967.4796747967475
1.25 Cr ,Ready to Move,Resale,Furnished,,,,12500000.0,752.0,2.0,2.0,0.0,0.0,navi-mumbai,16622.340425531915
37 Lac ,Ready to Move,Resale,Semi-Furnished,,,,3700000.0,455.0,-1.0,1.0,1.0,0.0,navi-mumbai,8131.868131868132
45 Lac ,Ready to Move,Resale,,,,,4500000.0,705.0,7.0,2.0,0.0,0.0,navi-mumbai,6382.978723404255
1.73 Cr ,Ready to Move,Resale,Unfurnished,East,"Garden/Park, Main Road",Freehold,17300000.0,1050.0,8.0,3.0,3.0,1.0,navi-mumbai,16476.190476190477
1.50 Cr ,Ready to Move,Resale,Unfurnished,North - East,Main Road,Freehold,15000000.0,1050.0,8.0,3.0,3.0,2.0,navi-mumbai,14285.714285714286
1.20 Cr ,Ready to Move,Resale,,,,,12000000.0,1200.0,2.0,2.0,0.0,0.0,navi-mumbai,10000.0
3.60 Cr ,Ready to Move,Resale,,,,,36000000.0,1880.0,11.0,3.0,0.0,0.0,navi-mumbai,19148.936170212764
1.62 Cr ,Ready to Move,Resale,,,,,16200000.000000002,3250.0,-1.0,4.0,0.0,0.0,navi-mumbai,4984.615384615385
9.49 Cr ,Ready to Move,Resale,,,,,94900000.0,4500.0,15.0,4.0,0.0,0.0,navi-mumbai,21088.88888888889
2 Cr ,Ready to Move,Resale,,,,,20000000.0,1450.0,4.0,2.0,0.0,0.0,navi-mumbai,13793.103448275862
85 Lac ,Ready to Move,Resale,Unfurnished,North - East,"Garden/Park, Main Road",Co-operative Society,8500000.0,650.0,1.0,1.0,0.0,0.0,navi-mumbai,13076.923076923076
45 Lac ,Ready to Move,Resale,,,,,4500000.0,770.0,2.0,1.0,0.0,0.0,navi-mumbai,5844.1558441558445
66 Lac ,Ready to Move,Resale,,,,,6600000.0,960.0,6.0,2.0,0.0,0.0,navi-mumbai,6875.0
52 Lac ,Ready to Move,Resale,,,,,5200000.0,700.0,3.0,1.0,0.0,0.0,navi-mumbai,7428.571428571428
47 Lac ,Ready to Move,Resale,,,,,4700000.0,750.0,0.0,1.0,0.0,0.0,navi-mumbai,6266.666666666667
40 Lac ,Ready to Move,Resale,,,,,4000000.0,575.0,3.0,1.0,0.0,0.0,navi-mumbai,6956.521739130435
2.50 Cr ,Ready to Move,Resale,,,,,25000000.0,1200.0,2.0,2.0,0.0,0.0,navi-mumbai,20833.333333333332
1.80 Cr ,Ready to Move,Resale,,,,,18000000.0,700.0,3.0,2.0,0.0,0.0,navi-mumbai,25714.285714285714
95 Lac ,Ready to Move,Resale,,,,,9500000.0,530.0,0.0,1.0,0.0,0.0,navi-mumbai,17924.528301886792
52 Lac ,Ready to Move,Resale,Unfurnished,East,,,5200000.0,573.0,3.0,1.0,1.0,0.0,navi-mumbai,9075.043630017452
1.05 Cr ,Ready to Move,Resale,Unfurnished,North - East,Main Road,Leasehold,10500000.0,760.0,15.0,2.0,3.0,1.0,navi-mumbai,13815.78947368421
4.50 Cr ,Ready to Move,Resale,Unfurnished,North - East,"Garden/Park, Pool, Main Road",Freehold,45000000.0,1300.0,25.0,3.0,2.0,0.0,navi-mumbai,34615.38461538462
87.5 Lac ,Ready to Move,Resale,Unfurnished,North,"Garden/Park, Main Road",Freehold,8750000.0,680.0,,2.0,3.0,1.0,navi-mumbai,12867.64705882353
47 Lac ,Ready to Move,Resale,Unfurnished,,,,4700000.0,586.0,1.0,1.0,0.0,0.0,navi-mumbai,8020.477815699659
95 Lac ,Ready to Move,Resale,Unfurnished,,,,9500000.0,1119.0,11.0,2.0,0.0,0.0,navi-mumbai,8489.722966934763
60 Lac ,Ready to Move,New Property,Unfurnished,East,"Garden/Park, Pool, Main Road",Co-operative Society,6000000.0,435.0,5.0,2.0,2.0,1.0,navi-mumbai,13793.103448275862
83 Lac ,Ready to Move,Resale,Semi-Furnished,,,Freehold,8300000.0,1100.0,2.0,2.0,0.0,0.0,navi-mumbai,7545.454545454545
50 Lac ,Ready to Move,Resale,Furnished,,,,5000000.0,430.0,4.0,1.0,1.0,0.0,navi-mumbai,11627.906976744185
25 Lac ,Ready to Move,Resale,Semi-Furnished,,,,2500000.0,210.0,2.0,1.0,0.0,0.0,navi-mumbai,11904.761904761905
2.50 Cr ,Ready to Move,Resale,Semi-Furnished,,,,25000000.0,1850.0,10.0,3.0,2.0,0.0,navi-mumbai,13513.513513513513
86 Lac ,Ready to Move,Resale,Unfurnished,,,,8600000.0,1170.0,2.0,2.0,0.0,0.0,navi-mumbai,7350.427350427351
85 Lac ,Ready to Move,Resale,Unfurnished,,,,8500000.0,1200.0,5.0,2.0,0.0,0.0,navi-mumbai,7083.333333333333
65 Lac ,Ready to Move,Resale,Semi-Furnished,,,,6500000.0,650.0,3.0,1.0,0.0,0.0,navi-mumbai,10000.0
1.12 Cr ,Ready to Move,Resale,Unfurnished,East,Main Road,Freehold,11200000.000000002,717.0,6.0,2.0,0.0,0.0,navi-mumbai,15620.641562064158
37 Lac ,Ready to Move,Resale,Unfurnished,,,,3700000.0,640.0,4.0,1.0,0.0,0.0,navi-mumbai,5781.25
38 Lac ,Ready to Move,Resale,Unfurnished,,Garden/Park,Freehold,3800000.0,525.0,0.0,1.0,1.0,0.0,navi-mumbai,7238.0952380952385
30 Lac ,Ready to Move,Resale,Semi-Furnished,,,,3000000.0,220.0,4.0,2.0,1.0,0.0,navi-mumbai,13636.363636363636
79 Lac ,Ready to Move,Resale,Furnished,North,,Freehold,7900000.0,480.0,1.0,1.0,1.0,1.0,navi-mumbai,16458.333333333332
40 Lac ,Ready to Move,Resale,Semi-Furnished,,,,4000000.0,721.0,3.0,2.0,0.0,0.0,navi-mumbai,5547.850208044383
40 Lac ,Ready to Move,Resale,Semi-Furnished,,,,4000000.0,410.0,6.0,1.0,3.0,0.0,navi-mumbai,9756.09756097561
54 Lac ,Ready to Move,Resale,Furnished,,,,5400000.0,420.0,4.0,2.0,0.0,0.0,navi-mumbai,12857.142857142857
45 Lac ,Ready to Move,Resale,Unfurnished,,,,4500000.0,1110.0,3.0,2.0,2.0,0.0,navi-mumbai,4054.054054054054
60 Lac ,Ready to Move,Resale,Semi-Furnished,,,,6000000.0,850.0,1.0,2.0,0.0,0.0,navi-mumbai,7058.823529411765
85 Lac ,Ready to Move,Resale,Unfurnished,,,,8500000.0,1100.0,11.0,2.0,0.0,0.0,navi-mumbai,7727.272727272727
1 Cr ,Ready to Move,Resale,Unfurnished,,,,10000000.0,1100.0,4.0,2.0,0.0,0.0,navi-mumbai,9090.90909090909
65 Lac ,Ready to Move,Resale,Unfurnished,,Main Road,Freehold,6500000.0,363.0,4.0,1.0,1.0,0.0,navi-mumbai,17906.33608815427
60 Lac ,Ready to Move,Resale,Unfurnished,North - East,"Garden/Park, Main Road",Freehold,6000000.0,750.0,7.0,1.0,3.0,1.0,navi-mumbai,8000.0
75 Lac ,Ready to Move,Resale,Unfurnished,,,Co-operative Society,7500000.0,700.0,4.0,2.0,2.0,0.0,navi-mumbai,10714.285714285714
2.10 Cr ,Ready to Move,Resale,Semi-Furnished,North - East,"Garden/Park, Pool, Main Road",Freehold,21000000.0,750.0,,2.0,2.0,1.0,navi-mumbai,28000.0
58 Lac ,Ready to Move,Resale,Semi-Furnished,East,Main Road,Freehold,5800000.0,430.0,5.0,1.0,2.0,0.0,navi-mumbai,13488.372093023256
60 Lac ,Ready to Move,Resale,Furnished,,,,6000000.0,750.0,3.0,2.0,1.0,0.0,nagpur,8000.0
90 Lac ,Ready to Move,Resale,Unfurnished,East,Garden/Park,Freehold,9000000.0,1022.0,5.0,3.0,2.0,0.0,nagpur,8806.262230919765
45 Lac ,Ready to Move,Resale,Unfurnished,North - East,"Garden/Park, Main Road",Freehold,4500000.0,900.0,4.0,2.0,2.0,1.0,nagpur,5000.0
75 Lac ,Ready to Move,New Property,Semi-Furnished,East,Main Road,Freehold,7500000.0,1475.0,2.0,3.0,3.0,0.0,nagpur,5084.745762711865
51 Lac ,Ready to Move,Resale,Semi-Furnished,,,,5100000.0,1200.0,3.0,2.0,0.0,0.0,nagpur,4250.0
55 Lac ,Ready to Move,Resale,Furnished,,,,5500000.0,1000.0,2.0,2.0,1.0,0.0,nagpur,5500.0
65 Lac ,Ready to Move,Resale,Furnished,,,,6500000.0,1117.0,4.0,2.0,0.0,0.0,nagpur,5819.158460161146
48 Lac ,Ready to Move,New Property,Furnished,North,Main Road,Freehold,4800000.0,750.0,1.0,2.0,2.0,1.0,nagpur,6400.0
52 Lac ,Ready to Move,Resale,Furnished,,,,5200000.0,1000.0,1.0,2.0,2.0,0.0,nagpur,5200.0
35 Lac ,Ready to Move,Resale,Semi-Furnished,East,Main Road,Co-operative Society,3500000.0,736.0,3.0,2.0,0.0,0.0,nagpur,4755.434782608696
1.52 Cr ,Ready to Move,New Property,Unfurnished,,,,15200000.0,2948.0,,5.0,0.0,1.0,nagpur,5156.037991858888
1.80 Cr ,Ready to Move,New Property,Unfurnished,,,,18000000.0,3524.0,,4.0,0.0,1.0,nagpur,5107.83200908059
45 Lac ,Ready to Move,Resale,Semi-Furnished,East,,Freehold,4500000.0,931.0,2.0,2.0,2.0,1.0,nagpur,4833.512352309344
48.2 Lac ,Ready to Move,New Property,Unfurnished,,,,4820000.0,1071.0,,2.0,0.0,0.0,nagpur,4500.46685340803
1.35 Cr ,Ready to Move,Resale,Furnished,North,Main Road,Freehold,13500000.0,1200.0,3.0,3.0,4.0,0.0,nagpur,11250.0
25 Lac ,Ready to Move,Resale,Unfurnished,,,,2500000.0,650.0,2.0,2.0,0.0,0.0,nagpur,3846.153846153846
75 Lac ,Ready to Move,New Property,Semi-Furnished,East,Main Road,Freehold,7500000.0,828.0,5.0,3.0,3.0,1.0,nagpur,9057.971014492754
29.5 Lac ,Ready to Move,New Property,Semi-Furnished,East,"Garden/Park, Main Road",Freehold,2950000.0,885.0,2.0,2.0,3.0,1.0,nagpur,3333.3333333333335
37.5 Lac ,Ready to Move,Resale,Semi-Furnished,,,,3750000.0,1000.0,0.0,2.0,2.0,0.0,nagpur,3750.0
24 Lac ,Ready to Move,Resale,Unfurnished,,,,2400000.0,640.0,0.0,2.0,2.0,0.0,nagpur,3750.0
45 Lac ,Ready to Move,Resale,Semi-Furnished,,,,4500000.0,700.0,2.0,1.0,0.0,0.0,nagpur,6428.571428571428
37 Lac ,Ready to Move,Resale,Semi-Furnished,,,Freehold,3700000.0,965.0,3.0,2.0,2.0,0.0,nagpur,3834.1968911917097
53 Lac ,Ready to Move,Resale,Semi-Furnished,East,Main Road,Freehold,5300000.0,1113.0,3.0,2.0,4.0,2.0,nagpur,4761.9047619047615
45 Lac ,Ready to Move,Resale,Furnished,,,,4500000.0,915.0,5.0,2.0,2.0,1.0,nagpur,4918.0327868852455
22 Lac ,Ready to Move,Resale,Furnished,West,Garden/Park,,2200000.0,500.0,4.0,2.0,0.0,0.0,nagpur,4400.0
2.40 Cr ,Ready to Move,New Property,Unfurnished,East,Main Road,Freehold,24000000.0,1850.0,3.0,4.0,3.0,0.0,nagpur,12972.972972972973
1.50 Cr ,Ready to Move,New Property,Unfurnished,,,,15000000.0,2736.0,,5.0,0.0,1.0,nagpur,5482.456140350877
1.26 Cr ,Ready to Move,New Property,Unfurnished,,,,12600000.0,2381.0,,3.0,0.0,1.0,nagpur,5291.894162116758
51 Lac ,Ready to Move,Resale,Unfurnished,North - East,,Freehold,5100000.0,800.0,1.0,2.0,2.0,0.0,nagpur,6375.0
70 Lac ,Ready to Move,Resale,Semi-Furnished,,,,7000000.0,1276.0,5.0,2.0,1.0,0.0,nagpur,5485.8934169279
50.1 Lac ,Ready to Move,New Property,Unfurnished,North,"Garden/Park, Main Road",Freehold,5010000.0,1415.0,4.0,3.0,2.0,0.0,nagpur,3540.6360424028267
50.3 Lac ,Ready to Move,New Property,Unfurnished,North,"Garden/Park, Main Road",Freehold,5030000.0,1438.0,5.0,3.0,1.0,0.0,nagpur,3497.913769123783
65 Lac ,Ready to Move,Resale,Furnished,East,,Freehold,6500000.0,1100.0,1.0,2.0,0.0,1.0,nagpur,5909.090909090909
28 Lac ,Ready to Move,Resale,Unfurnished,,Garden/Park,Freehold,2800000.0,450.0,1.0,1.0,1.0,0.0,nagpur,6222.222222222223
60 Lac ,Ready to Move,Resale,Semi-Furnished,,,,6000000.0,950.0,1.0,2.0,4.0,0.0,nagpur,6315.789473684211
26.5 Lac ,Ready to Move,Resale,Furnished,East,"Pool, Garden/Park",Co-operative Society,2650000.0,535.0,1.0,1.0,2.0,1.0,nagpur,4953.271028037383
40 Lac ,Ready to Move,Resale,Unfurnished,West,Main Road,,4000000.0,944.0,3.0,2.0,2.0,0.0,nagpur,4237.28813559322
60 Lac ,Ready to Move,Resale,Semi-Furnished,,,,6000000.0,1200.0,1.0,4.0,0.0,0.0,nagpur,5000.0
56.7 Lac ,Ready to Move,New Property,Semi-Furnished,West,"Main Road, Garden/Park, Pool",Freehold,5670000.0,954.0,4.0,3.0,2.0,1.0,nagpur,5943.396226415094
1.81 Cr ,Ready to Move,Resale,Furnished,,Main Road,Leasehold,18100000.0,1500.0,2.0,4.0,4.0,2.0,nagpur,12066.666666666666
23.5 Lac ,Ready to Move,Resale,Unfurnished,North,"Pool, Garden/Park",Co-operative Society,2350000.0,625.0,4.0,2.0,2.0,0.0,nagpur,3760.0
31 Lac ,Ready to Move,New Property,Unfurnished,North,"Garden/Park, Main Road",Freehold,3100000.0,680.0,4.0,2.0,2.0,1.0,nagpur,4558.823529411765
42 Lac ,Ready to Move,Resale,Semi-Furnished,,,,4200000.0,805.0,2.0,3.0,3.0,0.0,nagpur,5217.391304347826
49.4 Lac ,Ready to Move,New Property,Unfurnished,North,"Garden/Park, Main Road",Freehold,4940000.0,1412.0,1.0,3.0,1.0,0.0,nagpur,3498.5835694050993
35 Lac ,Ready to Move,Resale,Unfurnished,West,,Freehold,3500000.0,650.0,2.0,2.0,2.0,0.0,nagpur,5384.615384615385
27 Lac ,Ready to Move,Resale,Unfurnished,,,,2700000.0,640.0,1.0,1.0,0.0,0.0,nagpur,4218.75
72 Lac ,Ready to Move,New Property,Unfurnished,West,Main Road,Freehold,7200000.0,1100.0,3.0,2.0,2.0,0.0,nagpur,6545.454545454545
50.6 Lac ,Ready to Move,Resale,Semi-Furnished,,,,5060000.0,892.0,1.0,2.0,3.0,0.0,nagpur,5672.645739910314
50 Lac ,Ready to Move,Resale,Unfurnished,,,,5000000.0,800.0,1.0,2.0,0.0,0.0,nagpur,6250.0
95 Lac ,Ready to Move,Resale,Semi-Furnished,East,,Freehold,9500000.0,1200.0,2.0,2.0,0.0,2.0,nagpur,7916.666666666667
68 Lac ,Ready to Move,Resale,Semi-Furnished,,,,6800000.0,1608.0,4.0,3.0,0.0,0.0,nagpur,4228.855721393034
45 Lac ,Ready to Move,Resale,Semi-Furnished,,,,4500000.0,1100.0,1.0,2.0,2.0,0.0,nagpur,4090.909090909091
32 Lac ,Ready to Move,Resale,Semi-Furnished,,,,3200000.0,750.0,3.0,2.0,1.0,0.0,nagpur,4266.666666666667
55 Lac ,Ready to Move,Resale,Furnished,East,"Garden/Park, Main Road",Freehold,5500000.0,950.0,1.0,2.0,4.0,0.0,nagpur,5789.473684210527
44 Lac ,Ready to Move,Resale,Unfurnished,,,,4400000.0,950.0,2.0,2.0,0.0,0.0,nagpur,4631.578947368421
1 Cr ,Ready to Move,Resale,Unfurnished,West,"Garden/Park, Main Road",Freehold,10000000.0,975.0,4.0,3.0,2.0,0.0,nagpur,10256.410256410256
45 Lac ,Ready to Move,Resale,Furnished,,,,4500000.0,1245.0,15.0,2.0,0.0,0.0,nagpur,3614.4578313253014
41 Lac ,Ready to Move,Resale,Unfurnished,,,,4100000.0,1050.0,2.0,2.0,0.0,0.0,nagpur,3904.7619047619046
35 Lac ,Ready to Move,Resale,Unfurnished,East,,Freehold,3500000.0,1100.0,1.0,2.0,3.0,0.0,nagpur,3181.818181818182
35 Lac ,Ready to Move,Resale,Unfurnished,,,,3500000.0,825.0,3.0,2.0,0.0,0.0,nagpur,4242.424242424242
45 Lac ,Ready to Move,Resale,Semi-Furnished,East,Main Road,Co-operative Society,4500000.0,993.0,3.0,2.0,2.0,0.0,nagpur,4531.722054380664
60 Lac ,Ready to Move,Resale,Semi-Furnished,East,Garden/Park,Freehold,6000000.0,909.0,5.0,2.0,1.0,0.0,nagpur,6600.660066006601
40.9 Lac ,Ready to Move,New Property,Semi-Furnished,East,"Garden/Park, Main Road",Co-operative Society,4090000.0,950.0,2.0,2.0,2.0,1.0,nagpur,4305.263157894737
46 Lac ,Ready to Move,Resale,Unfurnished,North,Main Road,Freehold,4600000.0,850.0,2.0,2.0,4.0,1.0,nagpur,5411.764705882353
42 Lac ,Ready to Move,New Property,Unfurnished,East,Main Road,Freehold,4200000.0,800.0,2.0,2.0,2.0,1.0,nagpur,5250.0
35 Lac ,Ready to Move,Resale,Unfurnished,,,,3500000.0,600.0,4.0,2.0,0.0,0.0,nagpur,5833.333333333333
46 Lac ,Ready to Move,Resale,Unfurnished,,,,4600000.0,700.0,1.0,2.0,0.0,1.0,nagpur,6571.428571428572
65 Lac ,Ready to Move,Resale,Furnished,East,Main Road,Leasehold,6500000.0,1250.0,2.0,3.0,3.0,0.0,nagpur,5200.0
35 Lac ,Ready to Move,Resale,Semi-Furnished,,,,3500000.0,950.0,4.0,2.0,1.0,0.0,nagpur,3684.2105263157896
70 Lac ,Ready to Move,Resale,Semi-Furnished,,,,7000000.0,1550.0,2.0,3.0,4.0,0.0,nagpur,4516.129032258064
51 Lac ,Ready to Move,New Property,Unfurnished,East,"Garden/Park, Main Road",Co-operative Society,5100000.0,900.0,3.0,3.0,3.0,1.0,nagpur,5666.666666666667
1.25 Cr ,Ready to Move,New Property,Unfurnished,South - East,Main Road,Freehold,12500000.0,1350.0,2.0,3.0,3.0,0.0,nagpur,9259.25925925926
70 Lac ,Ready to Move,Resale,Unfurnished,East,,Freehold,7000000.0,1200.0,2.0,2.0,1.0,0.0,nagpur,5833.333333333333
42 Lac ,Ready to Move,Resale,Semi-Furnished,,,,4200000.0,950.0,1.0,2.0,0.0,0.0,nagpur,4421.0526315789475
55 Lac ,Ready to Move,Resale,Unfurnished,,,,5500000.0,1140.0,6.0,2.0,1.0,0.0,nagpur,4824.561403508772
60 Lac ,Ready to Move,New Property,Semi-Furnished,West,Garden/Park,Freehold,6000000.0,939.0,5.0,3.0,1.0,0.0,nagpur,6389.776357827476
49 Lac ,Ready to Move,Resale,Unfurnished,East,"Garden/Park, Main Road",Freehold,4900000.0,900.0,1.0,2.0,2.0,0.0,nagpur,5444.444444444444
48 Lac ,Ready to Move,Resale,Furnished,East,,Freehold,4800000.0,700.0,2.0,2.0,2.0,4.0,nagpur,6857.142857142857
82 Lac ,,New Property,Unfurnished,East,,Freehold,8200000.0,1225.0,3.0,3.0,2.0,1.0,nagpur,6693.877551020408
81 Lac ,Ready to Move,Resale,Unfurnished,North,,Freehold,8100000.0,1800.0,5.0,2.0,0.0,0.0,nagpur,4500.0
56.5 Lac ,Ready to Move,Resale,Unfurnished,,,,5650000.0,1000.0,2.0,3.0,2.0,0.0,nagpur,5650.0
60 Lac ,Ready to Move,Resale,Semi-Furnished,,,,6000000.0,1100.0,3.0,3.0,3.0,0.0,nagpur,5454.545454545455
52 Lac ,Ready to Move,Resale,Furnished,,,,5200000.0,560.0,7.0,1.0,1.0,0.0,nagpur,9285.714285714286
22.5 Lac ,Ready to Move,Resale,Unfurnished,,,,2250000.0,550.0,1.0,1.0,0.0,0.0,nagpur,4090.909090909091
75 Lac ,Ready to Move,New Property,Semi-Furnished,East,"Garden/Park, Main Road",Freehold,7500000.0,1200.0,6.0,3.0,3.0,1.0,nagpur,6250.0
43 Lac ,Ready to Move,New Property,Unfurnished,East,"Garden/Park, Main Road",Freehold,4300000.0,800.0,2.0,2.0,2.0,1.0,nagpur,5375.0
44 Lac ,Ready to Move,New Property,Unfurnished,East,"Garden/Park, Main Road",Freehold,4400000.0,800.0,3.0,2.0,2.0,1.0,nagpur,5500.0
27 Lac ,Ready to Move,Resale,Unfurnished,East,"Garden/Park, Main Road",Freehold,2700000.0,850.0,3.0,1.0,4.0,0.0,nagpur,3176.470588235294
65 Lac ,Ready to Move,New Property,Unfurnished,East,"Garden/Park, Main Road",Freehold,6500000.0,950.0,2.0,3.0,2.0,1.0,nagpur,6842.105263157895
32 Lac ,Ready to Move,Resale,Furnished,East,Garden/Park,,3200000.0,750.0,2.0,2.0,2.0,1.0,nagpur,4266.666666666667
22 Lac ,Ready to Move,Resale,Unfurnished,,,Freehold,2200000.0,465.0,2.0,1.0,1.0,0.0,nagpur,4731.182795698925
37 Lac ,Ready to Move,Resale,Furnished,,,,3700000.0,952.0,5.0,2.0,0.0,0.0,nagpur,3886.5546218487393
37 Lac ,Ready to Move,New Property,Unfurnished,North - East,"Garden/Park, Main Road",Freehold,3700000.0,800.0,3.0,2.0,2.0,1.0,nagpur,4625.0
38 Lac ,Ready to Move,New Property,Unfurnished,East,Main Road,Freehold,3800000.0,800.0,2.0,2.0,2.0,0.0,nagpur,4750.0
37 Lac ,Ready to Move,Resale,Semi-Furnished,East,,,3700000.0,900.0,1.0,1.0,2.0,0.0,nagpur,4111.111111111111
38 Lac ,Ready to Move,New Property,Unfurnished,North,"Garden/Park, Main Road",Freehold,3800000.0,800.0,2.0,2.0,2.0,1.0,nagpur,4750.0
60 Lac ,Ready to Move,Resale,Furnished,North - East,,,6000000.0,1100.0,2.0,2.0,3.0,0.0,nagpur,5454.545454545455
46 Lac ,Ready to Move,Resale,Semi-Furnished,,,,4600000.0,1100.0,4.0,2.0,0.0,0.0,nagpur,4181.818181818182
40.5 Lac ,Ready to Move,New Property,Semi-Furnished,North,Main Road,Freehold,4050000.0,1025.0,3.0,2.0,2.0,0.0,nagpur,3951.2195121951218
85 Lac ,Ready to Move,Resale,Furnished,,,,8500000.0,1450.0,3.0,2.0,0.0,0.0,nagpur,5862.068965517241
85 Lac ,Ready to Move,Resale,Semi-Furnished,East,"Garden/Park, Main Road",Freehold,8500000.0,1100.0,5.0,3.0,3.0,1.0,nagpur,7727.272727272727
55 Lac ,Ready to Move,Resale,Unfurnished,North,,Freehold,5500000.0,1334.0,4.0,2.0,3.0,0.0,nagpur,4122.938530734633
21.2 Lac ,Ready to Move,New Property,Unfurnished,North,Garden/Park,Freehold,2120000.0,600.0,2.0,2.0,2.0,0.0,nagpur,3533.3333333333335
72 Lac ,Ready to Move,Resale,Semi-Furnished,East,"Garden/Park, Main Road",Freehold,7200000.0,1200.0,7.0,3.0,3.0,0.0,nagpur,6000.0
50 Lac ,Ready to Move,Resale,,,,,5000000.0,1100.0,,2.0,0.0,0.0,nagpur,4545.454545454545
70 Lac ,Ready to Move,Resale,Semi-Furnished,East,"Garden/Park, Main Road",Freehold,7000000.0,1200.0,7.0,3.0,3.0,1.0,nagpur,5833.333333333333
85 Lac ,Ready to Move,Resale,Unfurnished,,,,8500000.0,1550.0,4.0,3.0,0.0,0.0,nagpur,5483.870967741936
55.3 Lac ,Ready to Move,New Property,Unfurnished,East,"Garden/Park, Pool, Main Road",Freehold,5530000.0,1418.0,5.0,3.0,3.0,1.0,nagpur,3899.8589562764455
43 Lac ,Ready to Move,Resale,Unfurnished,East,Garden/Park,Freehold,4300000.0,950.0,3.0,2.0,2.0,0.0,nagpur,4526.315789473684
49.4 Lac ,Ready to Move,New Property,Unfurnished,South,Garden/Park,Freehold,4940000.0,1412.0,1.0,3.0,1.0,0.0,nagpur,3498.5835694050993
47.8 Lac ,Ready to Move,New Property,Unfurnished,,,,4780000.0,1062.0,,2.0,0.0,0.0,nagpur,4500.9416195856875
60 Lac ,Ready to Move,Resale,Semi-Furnished,East,Main Road,Co-operative Society,6000000.0,900.0,2.0,2.0,3.0,1.0,nagpur,6666.666666666667
60 Lac ,Ready to Move,Resale,Unfurnished,North,"Main Road, Garden/Park",Freehold,6000000.0,1100.0,2.0,2.0,2.0,0.0,nagpur,5454.545454545455
35 Lac ,Ready to Move,Resale,Unfurnished,North - East,Main Road,Freehold,3500000.0,1050.0,5.0,3.0,0.0,509.0,nagpur,3333.3333333333335
1.20 Cr ,Ready to Move,Resale,Furnished,,,,12000000.0,1746.0,1.0,3.0,2.0,0.0,nagpur,6872.852233676976
78 Lac ,Ready to Move,New Property,Semi-Furnished,North,,Freehold,7800000.0,1000.0,0.0,2.0,2.0,1.0,nagpur,7800.0
38 Lac ,Ready to Move,Resale,Furnished,,,,3800000.0,680.0,3.0,1.0,0.0,0.0,nagpur,5588.235294117647
36 Lac ,Ready to Move,Resale,Unfurnished,,,,3600000.0,900.0,4.0,2.0,1.0,0.0,nagpur,4000.0
48.5 Lac ,Ready to Move,Resale,Semi-Furnished,East,Main Road,Freehold,4850000.0,700.0,2.0,2.0,3.0,1.0,nagpur,6928.571428571428
50 Lac ,Ready to Move,Resale,Furnished,,,,5000000.0,1050.0,3.0,2.0,0.0,1.0,nagpur,4761.9047619047615
46 Lac ,Ready to Move,Resale,Semi-Furnished,East,,,4600000.0,750.0,4.0,2.0,2.0,0.0,nagpur,6133.333333333333
41 Lac ,Ready to Move,Resale,Semi-Furnished,East,Garden/Park,,4100000.0,950.0,1.0,2.0,2.0,0.0,nagpur,4315.789473684211
27 Lac ,Ready to Move,Resale,Unfurnished,North,,Leasehold,2700000.0,512.0,2.0,2.0,1.0,1.0,nagpur,5273.4375
21 Lac ,Ready to Move,Resale,Unfurnished,,,,2100000.0,550.0,3.0,1.0,0.0,0.0,nagpur,3818.181818181818
1.15 Cr ,Ready to Move,Resale,Unfurnished,East,"Garden/Park, Main Road",Freehold,11500000.0,1462.0,5.0,3.0,3.0,1.0,nagpur,7865.93707250342
75 Lac ,Ready to Move,Resale,Unfurnished,East,Garden/Park,Freehold,7500000.0,850.0,3.0,2.0,2.0,1.0,nagpur,8823.529411764706
38 Lac ,Ready to Move,Resale,Unfurnished,,,,3800000.0,1100.0,3.0,2.0,0.0,0.0,nagpur,3454.5454545454545
53.3 Lac ,Ready to Move,New Property,Semi-Furnished,West,Main Road,Freehold,5330000.0,750.0,3.0,2.0,2.0,1.0,nagpur,7106.666666666667
62 Lac ,Ready to Move,Resale,Unfurnished,North - East,"Garden/Park, Main Road",Freehold,6200000.0,850.0,3.0,2.0,2.0,0.0,nagpur,7294.117647058823
56.4 Lac ,Ready to Move,New Property,Furnished,East,"Garden/Park, Pool",Freehold,5640000.0,1248.0,13.0,2.0,2.0,1.0,nagpur,4519.2307692307695
1.12 Cr ,Ready to Move,Resale,Semi-Furnished,East,Main Road,Freehold,11200000.000000002,1365.0,2.0,4.0,3.0,1.0,nagpur,8205.128205128207
48 Lac ,Ready to Move,New Property,Unfurnished,South,Garden/Park,Freehold,4800000.0,650.0,2.0,2.0,2.0,0.0,nagpur,7384.615384615385
50 Lac ,Ready to Move,Resale,Unfurnished,East,"Pool, Garden/Park, Main Road",Power Of Attorney,5000000.0,1300.0,7.0,3.0,3.0,0.0,nagpur,3846.153846153846
25 Lac ,Ready to Move,Resale,Unfurnished,North,Garden/Park,Freehold,2500000.0,695.0,1.0,1.0,1.0,0.0,nagpur,3597.122302158273
75 Lac ,Ready to Move,Resale,Unfurnished,East,Main Road,Freehold,7500000.0,1140.0,3.0,3.0,2.0,0.0,nagpur,6578.9473684210525
35 Lac ,Ready to Move,Resale,Semi-Furnished,West,Garden/Park,Freehold,3500000.0,600.0,5.0,2.0,2.0,0.0,nagpur,5833.333333333333
35 Lac ,Ready to Move,Resale,Furnished,,,,3500000.0,950.0,3.0,2.0,2.0,0.0,nagpur,3684.2105263157896
87 Lac ,Ready to Move,Resale,Semi-Furnished,East,"Garden/Park, Main Road",Freehold,8700000.0,1300.0,3.0,3.0,2.0,1.0,nagpur,6692.307692307692
85 Lac ,Ready to Move,New Property,Unfurnished,East,Main Road,Freehold,8500000.0,1200.0,1.0,3.0,3.0,1.0,nagpur,7083.333333333333
40 Lac ,Ready to Move,Resale,Unfurnished,,,,4000000.0,1000.0,3.0,2.0,2.0,1.0,nagpur,4000.0
31 Lac ,Ready to Move,Resale,Semi-Furnished,,,,3100000.0,700.0,1.0,1.0,0.0,0.0,nagpur,4428.571428571428
40 Lac ,Ready to Move,Resale,Unfurnished,,,Freehold,4000000.0,968.76,0.0,2.0,1.0,0.0,nagpur,4128.989636236013
50 Lac ,Ready to Move,Resale,Semi-Furnished,North - East,"Garden/Park, Main Road",Co-operative Society,5000000.0,1000.0,5.0,2.0,2.0,1.0,nagpur,5000.0
2.51 Cr ,Ready to Move,Resale,Unfurnished,North,"Garden/Park, Main Road",Freehold,25099999.999999996,2300.0,5.0,4.0,3.0,0.0,nagpur,10913.043478260868
45 Lac ,Ready to Move,Resale,Semi-Furnished,,"Garden/Park, Main Road",,4500000.0,960.0,1.0,2.0,2.0,0.0,nagpur,4687.5
15 Lac ,Ready to Move,Resale,Unfurnished,East,,Freehold,1500000.0,450.0,0.0,1.0,2.0,4.0,nagpur,3333.3333333333335
46 Lac ,Ready to Move,Resale,Unfurnished,East,Main Road,Freehold,4600000.0,980.0,1.0,2.0,2.0,0.0,nagpur,4693.877551020408
64.7 Lac ,Ready to Move,Resale,,,,,6470000.0,1620.0,4.0,3.0,0.0,0.0,nagpur,3993.8271604938273
39.9 Lac ,Ready to Move,Resale,,,,,3990000.0,1000.0,2.0,1.0,0.0,0.0,nagpur,3990.0
30 Lac ,Ready to Move,Resale,,,,,3000000.0,780.0,1.0,2.0,0.0,0.0,nagpur,3846.153846153846
65 Lac ,Ready to Move,New Property,Semi-Furnished,North - East,Main Road,Freehold,6500000.0,1410.0,3.0,2.0,2.0,1.0,nagpur,4609.929078014185
50 Lac ,Ready to Move,Resale,Furnished,,,,5000000.0,950.0,1.0,2.0,0.0,0.0,nagpur,5263.1578947368425
50 Lac ,Ready to Move,New Property,Semi-Furnished,East,Main Road,Freehold,5000000.0,1250.0,2.0,3.0,3.0,1.0,nagpur,4000.0
50 Lac ,Ready to Move,Resale,Semi-Furnished,East,Main Road,Freehold,5000000.0,1000.0,3.0,2.0,3.0,0.0,nagpur,5000.0
95 Lac ,Ready to Move,New Property,Semi-Furnished,East,Main Road,Freehold,9500000.0,1350.0,2.0,2.0,2.0,1.0,nagpur,7037.037037037037
73 Lac ,Ready to Move,New Property,Semi-Furnished,East,Main Road,Freehold,7300000.0,1100.0,5.0,3.0,3.0,1.0,nagpur,6636.363636363636
70 Lac ,Ready to Move,New Property,Unfurnished,East,Main Road,Freehold,7000000.0,1100.0,7.0,3.0,3.0,1.0,nagpur,6363.636363636364
51 Lac ,Ready to Move,New Property,Unfurnished,West,Main Road,Freehold,5100000.0,900.0,6.0,2.0,3.0,1.0,nagpur,5666.666666666667
77 Lac ,Ready to Move,Resale,Semi-Furnished,East,Main Road,Leasehold,7700000.0,780.0,1.0,2.0,2.0,0.0,nagpur,9871.794871794871
60 Lac ,Ready to Move,New Property,Semi-Furnished,,"Main Road, Garden/Park",Freehold,6000000.0,1435.0,5.0,3.0,0.0,0.0,nagpur,4181.184668989547
42 Lac ,Ready to Move,New Property,Unfurnished,East,Main Road,Freehold,4200000.0,750.0,5.0,2.0,2.0,1.0,nagpur,5600.0
55 Lac ,Ready to Move,Resale,Semi-Furnished,East,"Garden/Park, Main Road",Freehold,5500000.0,750.0,2.0,2.0,2.0,0.0,nagpur,7333.333333333333
47.5 Lac ,Ready to Move,New Property,Semi-Furnished,East,Main Road,Freehold,4750000.0,750.0,1.0,2.0,2.0,1.0,nagpur,6333.333333333333
45 Lac ,Ready to Move,Resale,Semi-Furnished,East,Main Road,Freehold,4500000.0,750.0,1.0,1.0,2.0,1.0,nagpur,6000.0
45 Lac ,Ready to Move,Resale,Unfurnished,,,Freehold,4500000.0,603.0,4.0,2.0,2.0,0.0,nagpur,7462.686567164179
33.6 Lac ,Ready to Move,Resale,Semi-Furnished,East,,Freehold,3360000.0,1050.0,1.0,2.0,3.0,0.0,nagpur,3200.0
1.35 Cr ,Ready to Move,New Property,Semi-Furnished,West,"Garden/Park, Main Road",Leasehold,13500000.0,1442.0,4.0,2.0,3.0,1.0,nagpur,9361.997226074896
53 Lac ,Ready to Move,New Property,Unfurnished,West,Main Road,Freehold,5300000.0,1200.0,1.0,3.0,2.0,0.0,nagpur,4416.666666666667
38 Lac ,Ready to Move,Resale,Unfurnished,North,"Garden/Park, Main Road",Freehold,3800000.0,975.0,2.0,2.0,1.0,0.0,nagpur,3897.4358974358975
85 Lac ,Ready to Move,New Property,Unfurnished,North,Main Road,Freehold,8500000.0,1475.0,3.0,3.0,3.0,0.0,nagpur,5762.71186440678
75 Lac ,Ready to Move,Resale,Semi-Furnished,,,,7500000.0,800.0,2.0,2.0,0.0,0.0,nagpur,9375.0
85 Lac ,Ready to Move,Resale,Semi-Furnished,,Main Road,,8500000.0,1330.0,4.0,3.0,2.0,0.0,nagpur,6390.977443609023
56 Lac ,Ready to Move,New Property,Semi-Furnished,East,"Main Road, Garden/Park, Pool",Freehold,5600000.0,955.0,1.0,3.0,2.0,1.0,nagpur,5863.874345549738
36 Lac ,Ready to Move,Resale,Furnished,East,Garden/Park,Freehold,3600000.0,848.0,5.0,2.0,1.0,0.0,nagpur,4245.2830188679245
40 Lac ,Ready to Move,Resale,Unfurnished,,,,4000000.0,960.0,1.0,2.0,0.0,0.0,nagpur,4166.666666666667
22 Lac ,Ready to Move,Resale,Semi-Furnished,North,,,2200000.0,603.0,1.0,1.0,2.0,0.0,nagpur,3648.424543946932
30 Lac ,Ready to Move,New Property,Unfurnished,North,Main Road,Freehold,3000000.0,750.0,4.0,2.0,2.0,0.0,nagpur,4000.0
55 Lac ,Ready to Move,New Property,Unfurnished,East,Main Road,Freehold,5500000.0,930.0,3.0,2.0,1.0,0.0,nagpur,5913.978494623656
85 Lac ,Ready to Move,New Property,Unfurnished,North,Main Road,Freehold,8500000.0,1550.0,2.0,3.0,3.0,0.0,nagpur,5483.870967741936
1 Cr ,Ready to Move,New Property,Unfurnished,North,Main Road,Freehold,10000000.0,1700.0,3.0,3.0,3.0,0.0,nagpur,5882.35294117647
50 Lac ,Ready to Move,Resale,,,,,5000000.0,1050.0,2.0,2.0,0.0,0.0,nagpur,4761.9047619047615
32 Lac ,Ready to Move,Resale,Unfurnished,West,,Freehold,3200000.0,650.0,3.0,2.0,1.0,0.0,nagpur,4923.076923076923
49 Lac ,Ready to Move,Resale,Unfurnished,East,"Garden/Park, Pool, Main Road",,4900000.0,1362.0,2.0,3.0,2.0,1.0,nagpur,3597.650513950073
30 Lac ,Ready to Move,Resale,Unfurnished,,,,3000000.0,730.0,2.0,2.0,3.0,0.0,nagpur,4109.58904109589
35 Lac ,Ready to Move,,Semi-Furnished,,,,3500000.0,750.0,2.0,2.0,0.0,0.0,nagpur,4666.666666666667
40 Lac ,Ready to Move,Resale,Semi-Furnished,,,,4000000.0,550.0,3.0,2.0,0.0,0.0,nagpur,7272.727272727273
50 Lac ,Ready to Move,Resale,Furnished,,,,5000000.0,800.0,0.0,2.0,0.0,0.0,nagpur,6250.0
35 Lac ,Ready to Move,Resale,Semi-Furnished,,,,3500000.0,700.0,0.0,1.0,0.0,0.0,nagpur,5000.0
1.25 Cr ,Ready to Move,New Property,Unfurnished,North,Main Road,Freehold,12500000.0,1700.0,2.0,3.0,3.0,0.0,nagpur,7352.941176470588
60 Lac ,Ready to Move,New Property,Unfurnished,North,Main Road,Freehold,6000000.0,1225.0,4.0,2.0,2.0,0.0,nagpur,4897.959183673469
75 Lac ,Ready to Move,New Property,Unfurnished,East,Main Road,Freehold,7500000.0,1475.0,2.0,3.0,3.0,0.0,nagpur,5084.745762711865
50 Lac ,Ready to Move,Resale,Semi-Furnished,,,,5000000.0,1280.0,3.0,2.0,0.0,0.0,nagpur,3906.25
1.05 Cr ,Ready to Move,Resale,Unfurnished,East,Garden/Park,Freehold,10500000.0,1600.0,4.0,2.0,3.0,0.0,nagpur,6562.5
42 Lac ,Ready to Move,Resale,Unfurnished,,,,4200000.0,1139.0,1.0,2.0,0.0,0.0,nagpur,3687.4451273046534
57.1 Lac ,Ready to Move,New Property,Semi-Furnished,East,"Main Road, Garden/Park, Pool",Freehold,5710000.0,955.0,3.0,3.0,2.0,1.0,nagpur,5979.057591623036
48 Lac ,Ready to Move,Resale,Semi-Furnished,,,,4800000.0,750.0,2.0,1.0,0.0,0.0,nagpur,6400.0
36 Lac ,Ready to Move,New Property,Unfurnished,East,Garden/Park,Freehold,3600000.0,750.0,4.0,2.0,2.0,1.0,nagpur,4800.0
57.9 Lac ,Ready to Move,New Property,Semi-Furnished,,Main Road,Freehold,5790000.0,623.0,5.0,2.0,1.0,1.0,nagpur,9293.73996789727
40 Lac ,Ready to Move,Resale,Unfurnished,,Main Road,,4000000.0,400.0,1.0,1.0,0.0,0.0,nagpur,10000.0
38 Lac ,Ready to Move,Resale,Unfurnished,West,Garden/Park,Freehold,3800000.0,700.0,1.0,2.0,2.0,0.0,nagpur,5428.571428571428
61 Lac ,Ready to Move,New Property,Semi-Furnished,East,Main Road,Freehold,6100000.0,1000.0,0.0,2.0,2.0,1.0,nagpur,6100.0
59.8 Lac ,Ready to Move,New Property,Semi-Furnished,,Main Road,Freehold,5980000.0,690.0,4.0,2.0,1.0,1.0,nagpur,8666.666666666666
25 Lac ,Ready to Move,Resale,Unfurnished,East,"Garden/Park, Main Road",Freehold,2500000.0,750.0,2.0,1.0,1.0,1.0,nagpur,3333.3333333333335
87 Lac ,Ready to Move,Resale,Unfurnished,East,,Freehold,8700000.0,998.0,4.0,3.0,2.0,0.0,nagpur,8717.43486973948
1.60 Cr ,Ready to Move,Resale,Unfurnished,,Main Road,Freehold,16000000.0,1700.0,7.0,3.0,2.0,0.0,nagpur,9411.764705882353
1.10 Cr ,Ready to Move,Resale,Unfurnished,East,Garden/Park,Co-operative Society,11000000.0,1000.0,3.0,3.0,1.0,1.0,nagpur,11000.0
1.30 Cr ,Ready to Move,Resale,Unfurnished,,,,13000000.0,1400.0,2.0,3.0,2.0,0.0,nagpur,9285.714285714286
35 Lac ,Ready to Move,Resale,Unfurnished,,,,3500000.0,914.0,2.0,2.0,2.0,0.0,nagpur,3829.3216630196935
60 Lac ,Ready to Move,Resale,Unfurnished,,,,6000000.0,1300.0,5.0,3.0,3.0,0.0,nagpur,4615.384615384615
55 Lac ,Ready to Move,Resale,Semi-Furnished,North,Main Road,Freehold,5500000.0,600.0,1.0,2.0,0.0,1.0,nagpur,9166.666666666666
62 Lac ,Ready to Move,Resale,Unfurnished,North,Main Road,Freehold,6200000.0,1500.0,2.0,3.0,3.0,0.0,nagpur,4133.333333333333
26.5 Lac ,Ready to Move,Resale,Unfurnished,East,Garden/Park,Freehold,2650000.0,600.0,2.0,2.0,2.0,1.0,nagpur,4416.666666666667
36 Lac ,Ready to Move,New Property,Semi-Furnished,East,"Garden/Park, Main Road",Freehold,3600000.0,1048.0,4.0,2.0,3.0,1.0,nagpur,3435.114503816794
60.1 Lac ,Ready to Move,New Property,Semi-Furnished,,Main Road,Freehold,6010000.0,693.0,4.0,2.0,1.0,1.0,nagpur,8672.438672438673
1.07 Cr ,Ready to Move,Resale,Semi-Furnished,East,"Garden/Park, Main Road",Freehold,10700000.0,1561.0,13.0,3.0,3.0,0.0,nagpur,6854.580397181294
45 Lac ,Ready to Move,New Property,Unfurnished,East,Main Road,Freehold,4500000.0,790.0,3.0,2.0,3.0,0.0,nagpur,5696.202531645569
60 Lac ,Ready to Move,Resale,Furnished,West,Main Road,Freehold,6000000.0,950.0,2.0,2.0,1.0,1.0,nagpur,6315.789473684211
55 Lac ,Ready to Move,Resale,Semi-Furnished,,,,5500000.0,900.0,1.0,2.0,0.0,0.0,nagpur,6111.111111111111
45 Lac ,Ready to Move,Resale,Semi-Furnished,,,,4500000.0,1150.0,3.0,2.0,0.0,0.0,nagpur,3913.0434782608695
48 Lac ,Ready to Move,Resale,Unfurnished,North,Main Road,Freehold,4800000.0,1050.0,5.0,2.0,1.0,0.0,nagpur,4571.428571428572
1.40 Cr ,Ready to Move,New Property,Unfurnished,East,Main Road,Freehold,14000000.0,1350.0,1.0,3.0,3.0,1.0,nagpur,10370.37037037037
55 Lac ,Ready to Move,Resale,Semi-Furnished,East,Main Road,Freehold,5500000.0,801.0,2.0,2.0,2.0,1.0,nagpur,6866.4169787765295
2.25 Cr ,Ready to Move,New Property,Furnished,East,Main Road,Freehold,22500000.0,1800.0,0.0,4.0,4.0,1.0,nagpur,12500.0
28 Lac ,Ready to Move,Resale,Unfurnished,,,,2800000.0,850.0,1.0,2.0,1.0,0.0,nagpur,3294.1176470588234
47 Lac ,Ready to Move,Resale,Unfurnished,East,"Garden/Park, Main Road",Freehold,4700000.0,800.0,4.0,2.0,2.0,1.0,nagpur,5875.0
30 Lac ,Ready to Move,,Unfurnished,,,,3000000.0,860.0,2.0,2.0,0.0,0.0,nagpur,3488.3720930232557
65 Lac ,Ready to Move,New Property,Unfurnished,East,Main Road,Freehold,6500000.0,860.0,2.0,2.0,2.0,1.0,nagpur,7558.139534883721
82 Lac ,Ready to Move,Resale,Furnished,,,,8200000.0,1350.0,3.0,3.0,0.0,0.0,nagpur,6074.074074074074
46 Lac ,Ready to Move,New Property,Semi-Furnished,,,,4600000.0,850.0,2.0,2.0,2.0,0.0,nagpur,5411.764705882353
30 Lac ,Ready to Move,Resale,,,,,3000000.0,600.0,2.0,2.0,0.0,0.0,nagpur,5000.0
62 Lac ,Ready to Move,Resale,,,,,6200000.0,1200.0,1.0,2.0,0.0,0.0,nagpur,5166.666666666667
55 Lac ,Ready to Move,Resale,Semi-Furnished,,,,5500000.0,710.0,2.0,2.0,0.0,0.0,nagpur,7746.478873239436
50 Lac ,Ready to Move,New Property,Semi-Furnished,East,Main Road,Freehold,5000000.0,700.0,2.0,2.0,2.0,1.0,nagpur,7142.857142857143
1.10 Cr ,Ready to Move,Resale,Unfurnished,East,Garden/Park,Freehold,11000000.0,1600.0,8.0,3.0,2.0,1.0,nagpur,6875.0
31 Lac ,Ready to Move,Resale,Unfurnished,West,"Garden/Park, Main Road",Freehold,3100000.0,700.0,3.0,2.0,1.0,0.0,nagpur,4428.571428571428
45 Lac ,Ready to Move,Resale,Semi-Furnished,East,,Freehold,4500000.0,750.0,3.0,2.0,3.0,0.0,nagpur,6000.0
70 Lac ,Ready to Move,Resale,Semi-Furnished,,,,7000000.0,1500.0,1.0,2.0,2.0,0.0,nagpur,4666.666666666667
40 Lac ,Ready to Move,Resale,Semi-Furnished,,,Freehold,4000000.0,990.0,3.0,2.0,3.0,0.0,nagpur,4040.40404040404
1.20 Cr ,Ready to Move,Resale,Semi-Furnished,,,,12000000.0,1537.0,1.0,3.0,2.0,0.0,nagpur,7807.417046193884
1.25 Cr ,Ready to Move,Resale,Unfurnished,East,Main Road,Leasehold,12500000.0,1100.0,1.0,3.0,3.0,0.0,nagpur,11363.636363636364
70 Lac ,Ready to Move,Resale,Furnished,,,,7000000.0,1310.0,4.0,2.0,2.0,1.0,nagpur,5343.511450381679
30 Lac ,Ready to Move,Resale,Semi-Furnished,,,,3000000.0,850.0,2.0,2.0,0.0,0.0,nagpur,3529.4117647058824
75 Lac ,Ready to Move,Resale,Semi-Furnished,East,Main Road,Freehold,7500000.0,1100.0,3.0,2.0,2.0,1.0,nagpur,6818.181818181818
62 Lac ,Ready to Move,Resale,Unfurnished,East,Garden/Park,Freehold,6200000.0,800.0,4.0,2.0,2.0,0.0,nagpur,7750.0
80 Lac ,Ready to Move,Resale,Semi-Furnished,North,Main Road,Freehold,8000000.0,1000.0,0.0,2.0,2.0,1.0,nagpur,8000.0
70 Lac ,Ready to Move,New Property,Semi-Furnished,West,"Garden/Park, Main Road",Freehold,7000000.0,1100.0,2.0,3.0,3.0,0.0,nagpur,6363.636363636364
65 Lac ,Ready to Move,Resale,Unfurnished,,,,6500000.0,1430.0,3.0,3.0,2.0,0.0,nagpur,4545.454545454545
42 Lac ,Ready to Move,Resale,Semi-Furnished,West,"Garden/Park, Main Road",Freehold,4200000.0,700.0,2.0,2.0,2.0,1.0,nagpur,6000.0
55 Lac ,Ready to Move,Resale,Semi-Furnished,,,,5500000.0,680.0,0.0,2.0,0.0,0.0,nagpur,8088.235294117647
16 Lac ,Ready to Move,Resale,Unfurnished,,,Freehold,1600000.0,380.0,3.0,1.0,1.0,0.0,nagpur,4210.526315789473
58 Lac ,Ready to Move,Resale,Unfurnished,North,Main Road,Co-operative Society,5800000.0,825.0,3.0,2.0,2.0,0.0,nagpur,7030.30303030303
42 Lac ,Ready to Move,Resale,Semi-Furnished,East,Main Road,Freehold,4200000.0,790.0,1.0,2.0,2.0,1.0,nagpur,5316.455696202532
56.5 Lac ,Ready to Move,Resale,Unfurnished,,,,5650000.0,1402.0,4.0,2.0,1.0,0.0,nagpur,4029.9572039942936
47 Lac ,Ready to Move,Resale,Unfurnished,,,,4700000.0,1225.0,5.0,2.0,3.0,0.0,nagpur,3836.734693877551
1.15 Cr ,Ready to Move,Resale,Unfurnished,East,,Freehold,11500000.0,1400.0,5.0,3.0,2.0,1.0,nagpur,8214.285714285714
39 Lac ,Ready to Move,Resale,Semi-Furnished,East,Main Road,Freehold,3900000.0,700.0,1.0,2.0,1.0,101.0,nagpur,5571.428571428572
1.20 Cr ,Ready to Move,New Property,Unfurnished,East,"Garden/Park, Main Road",Freehold,12000000.0,1460.0,3.0,3.0,3.0,1.0,nagpur,8219.17808219178
90 Lac ,Ready to Move,Resale,Unfurnished,,,,9000000.0,1600.0,3.0,2.0,0.0,0.0,nagpur,5625.0
60 Lac ,Ready to Move,Resale,Unfurnished,,,,6000000.0,700.0,5.0,2.0,0.0,0.0,nagpur,8571.42857142857
37.7 Lac ,Ready to Move,Resale,Unfurnished,,,,3770000.0000000005,1000.0,1.0,3.0,0.0,0.0,nagpur,3770.0000000000005
45 Lac ,Ready to Move,Resale,Semi-Furnished,West,Main Road,Freehold,4500000.0,650.0,3.0,2.0,2.0,1.0,nagpur,6923.076923076923
48 Lac ,Ready to Move,Resale,Furnished,,,,4800000.0,550.0,4.0,2.0,4.0,0.0,nagpur,8727.272727272728
1.40 Cr ,Ready to Move,Resale,Semi-Furnished,,,,14000000.0,1200.0,2.0,3.0,2.0,0.0,nagpur,11666.666666666666
48.6 Lac ,Ready to Move,New Property,Unfurnished,North,"Garden/Park, Main Road",Freehold,4860000.0,1389.0,1.0,3.0,1.0,0.0,nagpur,3498.9200863930887
58 Lac ,Ready to Move,Resale,Unfurnished,,,,5800000.0,900.0,4.0,2.0,3.0,0.0,nagpur,6444.444444444444
38 Lac ,Ready to Move,Resale,Unfurnished,,,,3800000.0,700.0,3.0,1.0,2.0,1.0,nagpur,5428.571428571428
95 Lac ,Ready to Move,Resale,Unfurnished,,,,9500000.0,1450.0,3.0,3.0,0.0,0.0,nagpur,6551.724137931034
34 Lac ,Ready to Move,Resale,Semi-Furnished,,,,3400000.0,1000.0,4.0,2.0,0.0,0.0,nagpur,3400.0
55 Lac ,Ready to Move,Resale,Furnished,,,,5500000.0,950.0,2.0,2.0,0.0,0.0,nagpur,5789.473684210527
55 Lac ,Ready to Move,Resale,Unfurnished,East,Garden/Park,Freehold,5500000.0,860.0,2.0,2.0,2.0,0.0,nagpur,6395.3488372093025
30 Lac ,Ready to Move,Resale,Semi-Furnished,,,,3000000.0,800.0,2.0,2.0,1.0,0.0,nagpur,3750.0
49.9 Lac ,Ready to Move,New Property,Semi-Furnished,,Main Road,,4990000.0,950.0,1.0,2.0,3.0,0.0,nagpur,5252.631578947368
28 Lac ,Ready to Move,Resale,Unfurnished,,,,2800000.0,860.0,4.0,2.0,2.0,1.0,nagpur,3255.813953488372
30 Lac ,Ready to Move,Resale,,,,,3000000.0,995.0,,2.0,0.0,0.0,nagpur,3015.075376884422
54 Lac ,Ready to Move,Resale,Unfurnished,,,,5400000.0,1395.0,2.0,2.0,2.0,0.0,nagpur,3870.967741935484
40 Lac ,Ready to Move,New Property,Unfurnished,East,,Freehold,4000000.0,800.0,4.0,2.0,3.0,0.0,nagpur,5000.0
47 Lac ,Ready to Move,Resale,Unfurnished,East,,,4700000.0,1150.0,3.0,2.0,1.0,0.0,nagpur,4086.9565217391305
41 Lac ,Ready to Move,Resale,Semi-Furnished,,,,4100000.0,924.0,3.0,2.0,2.0,0.0,nagpur,4437.229437229437
95 Lac ,Ready to Move,Resale,Semi-Furnished,,,,9500000.0,1500.0,2.0,1.0,0.0,0.0,nagpur,6333.333333333333
1.34 Cr ,Ready to Move,Resale,Unfurnished,,,,13400000.0,2225.0,2.0,4.0,1.0,0.0,nagpur,6022.471910112359
36 Lac ,Ready to Move,New Property,Unfurnished,East,Main Road,Freehold,3600000.0,750.0,4.0,2.0,3.0,0.0,nagpur,4800.0
50 Lac ,Ready to Move,Resale,Unfurnished,,Main Road,Freehold,5000000.0,1150.0,3.0,2.0,1.0,0.0,nagpur,4347.826086956522
45 Lac ,Ready to Move,Resale,Unfurnished,,Main Road,Freehold,4500000.0,900.0,1.0,2.0,3.0,0.0,nagpur,5000.0
55 Lac ,Ready to Move,Resale,Semi-Furnished,,,,5500000.0,1264.0,1.0,2.0,0.0,0.0,nagpur,4351.265822784811
16 Lac ,Ready to Move,Resale,Unfurnished,,,,1600000.0,292.0,1.0,1.0,1.0,0.0,nagpur,5479.45205479452
35 Lac ,Ready to Move,Resale,Semi-Furnished,North,Main Road,Freehold,3500000.0,1100.0,2.0,2.0,3.0,0.0,nagpur,3181.818181818182
24 Lac ,Ready to Move,Resale,Unfurnished,,"Garden/Park, Main Road",Co-operative Society,2400000.0,625.0,1.0,2.0,1.0,0.0,nagpur,3840.0
55 Lac ,Ready to Move,Resale,Unfurnished,East,Garden/Park,Freehold,5500000.0,1250.0,6.0,2.0,3.0,1.0,nagpur,4400.0
56.1 Lac ,Ready to Move,New Property,Unfurnished,East,"Garden/Park, Pool, Main Road",Freehold,5610000.0,943.0,2.0,2.0,2.0,0.0,nagpur,5949.098621420997
51 Lac ,Ready to Move,Resale,Semi-Furnished,,,,5100000.0,900.0,1.0,3.0,2.0,0.0,nagpur,5666.666666666667
45 Lac ,Ready to Move,New Property,Unfurnished,East,Main Road,Freehold,4500000.0,850.0,4.0,2.0,3.0,0.0,nagpur,5294.117647058823
2.81 Cr ,Ready to Move,New Property,Unfurnished,East,"Garden/Park, Main Road",Leasehold,28100000.0,760.0,20.0,2.0,1.0,1.0,mumbai,36973.68421052631
1.65 Cr ,Ready to Move,Resale,Unfurnished,West,Garden/Park,Co-operative Society,16500000.0,620.0,8.0,2.0,0.0,0.0,mumbai,26612.90322580645
1.40 Cr ,Ready to Move,Resale,Unfurnished,,,,14000000.0,573.0,5.0,2.0,0.0,0.0,mumbai,24432.80977312391
85 Lac ,Ready to Move,New Property,Semi-Furnished,North - East,Main Road,Freehold,8500000.0,650.0,13.0,2.0,3.0,1.0,mumbai,13076.923076923076
3.75 Cr ,Ready to Move,Resale,Unfurnished,,,,37500000.0,1325.0,8.0,2.0,0.0,0.0,mumbai,28301.88679245283
3.75 Cr ,Ready to Move,Resale,Semi-Furnished,,,,37500000.0,1150.0,10.0,2.0,0.0,0.0,mumbai,32608.695652173912
1.15 Cr ,Ready to Move,Resale,Semi-Furnished,,,,11500000.0,1300.0,13.0,3.0,0.0,0.0,mumbai,8846.153846153846
1.15 Cr ,Ready to Move,Resale,Unfurnished,,,,11500000.0,410.0,17.0,1.0,1.0,0.0,mumbai,28048.780487804877
95 Lac ,Ready to Move,Resale,Unfurnished,East,Main Road,Co-operative Society,9500000.0,430.0,7.0,1.0,0.0,0.0,mumbai,22093.023255813954
1.91 Cr ,Ready to Move,New Property,Semi-Furnished,East,"Garden/Park, Main Road",Freehold,19100000.0,700.0,4.0,2.0,3.0,1.0,mumbai,27285.714285714286
1.10 Cr ,Ready to Move,New Property,Unfurnished,East,Main Road,Freehold,11000000.0,650.0,8.0,2.0,1.0,1.0,mumbai,16923.076923076922
96 Lac ,Ready to Move,Resale,Unfurnished,East,Main Road,Freehold,9600000.0,476.0,1.0,1.0,0.0,1.0,mumbai,20168.067226890755
5.75 Cr ,Ready to Move,Resale,Unfurnished,North - East,"Garden/Park, Main Road",Freehold,57500000.0,1382.0,17.0,3.0,3.0,2.0,mumbai,41606.367583212734
2.15 Cr ,Ready to Move,Resale,Semi-Furnished,East,Garden/Park,Co-operative Society,21500000.0,750.0,7.0,2.0,1.0,1.0,mumbai,28666.666666666668
3.15 Cr ,Ready to Move,New Property,Semi-Furnished,East,Garden/Park,Leasehold,31500000.0,870.0,9.0,2.0,2.0,2.0,mumbai,36206.89655172414
4.18 Cr ,Ready to Move,Resale,Furnished,North,"Garden/Park, Pool",Leasehold,41800000.0,1350.0,35.0,3.0,3.0,2.0,mumbai,30962.962962962964
3.15 Cr ,Ready to Move,New Property,Unfurnished,East,"Garden/Park, Pool, Main Road",Freehold,31500000.0,777.0,,2.0,1.0,1.0,mumbai,40540.54054054054
1.24 Cr ,Ready to Move,Resale,Semi-Furnished,East,Main Road,Co-operative Society,12400000.0,527.0,6.0,2.0,0.0,0.0,mumbai,23529.41176470588
85 Lac ,Ready to Move,Resale,Furnished,East,"Garden/Park, Pool, Main Road",Freehold,8500000.0,330.0,20.0,2.0,0.0,0.0,mumbai,25757.575757575756
1.35 Cr ,Ready to Move,Resale,,,,,13500000.0,700.0,3.0,2.0,0.0,0.0,mumbai,19285.714285714286
2.15 Cr ,Ready to Move,Resale,Unfurnished,,,,21500000.0,1100.0,3.0,2.0,0.0,0.0,mumbai,19545.454545454544
2.25 Cr ,Ready to Move,Resale,Furnished,,,,22500000.0,1050.0,4.0,2.0,0.0,0.0,mumbai,21428.571428571428
3.50 Cr ,Ready to Move,Resale,Furnished,,,,35000000.0,1509.0,3.0,3.0,0.0,0.0,mumbai,23194.168323392976
3.90 Cr ,Ready to Move,Resale,Furnished,,,,39000000.0,1444.0,5.0,4.0,0.0,0.0,mumbai,27008.31024930748
1.70 Cr ,Ready to Move,Resale,Unfurnished,East,"Garden/Park, Main Road",Co-operative Society,17000000.0,630.0,3.0,2.0,0.0,1.0,mumbai,26984.126984126986
1.69 Cr ,Ready to Move,Resale,Unfurnished,West,"Garden/Park, Pool, Main Road",Freehold,16900000.0,613.0,,2.0,0.0,1.0,mumbai,27569.331158238172
80 Lac ,Ready to Move,Resale,Semi-Furnished,,,,8000000.0,400.0,4.0,1.0,0.0,0.0,mumbai,20000.0
4.65 Cr ,Ready to Move,Resale,Unfurnished,East,Garden/Park,Leasehold,46500000.0,1280.0,6.0,4.0,0.0,1.0,mumbai,36328.125
8.99 Cr ,Ready to Move,Resale,Unfurnished,East,"Garden/Park, Pool",Freehold,89900000.0,2500.0,25.0,4.0,2.0,3.0,mumbai,35960.0
1.36 Cr ,Ready to Move,Resale,Semi-Furnished,East,Garden/Park,Co-operative Society,13600000.000000002,430.0,5.0,2.0,0.0,1.0,mumbai,31627.90697674419
1.25 Cr ,Ready to Move,New Property,Semi-Furnished,East,"Garden/Park, Main Road",Freehold,12500000.0,410.0,9.0,2.0,3.0,0.0,mumbai,30487.80487804878
1.55 Cr ,Ready to Move,Resale,,,,,15500000.0,735.0,1.0,2.0,0.0,0.0,mumbai,21088.43537414966
26 Lac ,Ready to Move,Resale,Unfurnished,North - East,Garden/Park,Power Of Attorney,2600000.0,308.0,4.0,1.0,3.0,0.0,mumbai,8441.558441558442
5 Cr ,Ready to Move,Resale,Semi-Furnished,North - East,Garden/Park,Freehold,50000000.0,1500.0,4.0,3.0,0.0,0.0,mumbai,33333.333333333336
1.08 Cr ,Ready to Move,New Property,Unfurnished,East,"Garden/Park, Main Road",Freehold,10800000.0,340.0,5.0,1.0,0.0,1.0,mumbai,31764.70588235294
3.25 Cr ,Ready to Move,New Property,Unfurnished,South -West,Garden/Park,Freehold,32500000.0,1052.0,10.0,3.0,0.0,1.0,mumbai,30893.536121673005
53 Lac ,Ready to Move,Resale,Unfurnished,East,Garden/Park,Co-operative Society,5300000.0,220.0,4.0,1.0,0.0,0.0,mumbai,24090.909090909092
4.40 Cr ,Ready to Move,Resale,Semi-Furnished,North - East,Garden/Park,Co-operative Society,44000000.0,1030.0,10.0,2.0,0.0,1.0,mumbai,42718.446601941745
90 Lac ,Ready to Move,Resale,Semi-Furnished,East,"Garden/Park, Main Road",Freehold,9000000.0,700.0,2.0,2.0,0.0,0.0,mumbai,12857.142857142857
95 Lac ,Ready to Move,Resale,Unfurnished,North - East,"Garden/Park, Main Road",Freehold,9500000.0,650.0,3.0,2.0,3.0,1.0,mumbai,14615.384615384615
1 Cr ,Ready to Move,New Property,Semi-Furnished,East,"Garden/Park, Pool, Main Road",Freehold,10000000.0,805.0,11.0,2.0,4.0,1.0,mumbai,12422.360248447205
1.60 Cr ,Ready to Move,Resale,Semi-Furnished,,,,16000000.0,1092.0,8.0,2.0,0.0,0.0,mumbai,14652.014652014652
1.80 Cr ,Ready to Move,Resale,Furnished,,,,18000000.0,1092.0,8.0,2.0,0.0,0.0,mumbai,16483.516483516483
1.10 Cr ,Ready to Move,Resale,Semi-Furnished,,,,11000000.0,720.0,6.0,2.0,0.0,0.0,mumbai,15277.777777777777
1.15 Cr ,Ready to Move,Resale,Semi-Furnished,,,,11500000.0,750.0,3.0,2.0,0.0,0.0,mumbai,15333.333333333334
4.30 Cr ,Ready to Move,Resale,Unfurnished,East,"Garden/Park, Main Road",Freehold,43000000.0,1165.0,14.0,3.0,1.0,2.0,mumbai,36909.87124463519
1.40 Cr ,Ready to Move,Resale,Semi-Furnished,,,Co-operative Society,14000000.0,650.0,6.0,2.0,0.0,0.0,mumbai,21538.46153846154
69 Lac ,Ready to Move,Resale,Unfurnished,North - East,Garden/Park,Co-operative Society,6900000.0,320.0,5.0,1.0,0.0,0.0,mumbai,21562.5
1.55 Cr ,Ready to Move,Resale,Unfurnished,,,,15500000.0,1120.0,10.0,2.0,0.0,0.0,mumbai,13839.285714285714
6.80 Cr ,Ready to Move,Resale,Unfurnished,East,"Garden/Park, Pool, Main Road",Freehold,68000000.0,2418.0,25.0,6.0,6.0,0.0,mumbai,28122.415219189414
1.70 Cr ,Ready to Move,Resale,Unfurnished,East,,Freehold,17000000.0,650.0,4.0,2.0,1.0,0.0,mumbai,26153.846153846152
1.50 Cr ,Ready to Move,New Property,Unfurnished,East,"Garden/Park, Main Road",Leasehold,15000000.0,585.0,,2.0,0.0,1.0,mumbai,25641.02564102564
2.80 Cr ,Ready to Move,Resale,Semi-Furnished,North - West,,Co-operative Society,28000000.0,825.0,6.0,2.0,3.0,1.0,mumbai,33939.393939393936
5.85 Cr ,Ready to Move,Resale,Unfurnished,East,Main Road,Co-operative Society,58500000.0,1850.0,9.0,5.0,5.0,2.0,mumbai,31621.62162162162
6.90 Cr ,Ready to Move,Resale,Unfurnished,North,"Garden/Park, Main Road",Co-operative Society,69000000.0,1985.0,11.0,6.0,6.0,2.0,mumbai,34760.70528967254
1.28 Cr ,Ready to Move,New Property,Semi-Furnished,East,"Garden/Park, Pool, Main Road",Freehold,12800000.0,1080.0,17.0,3.0,5.0,1.0,mumbai,11851.851851851852
2.10 Cr ,Ready to Move,Resale,Semi-Furnished,,,Freehold,21000000.0,927.0,20.0,2.0,0.0,0.0,mumbai,22653.721682847896
1.20 Cr ,Ready to Move,Resale,Furnished,,,,12000000.0,550.0,0.0,1.0,0.0,0.0,mumbai,21818.18181818182
2.60 Cr ,Ready to Move,Resale,Semi-Furnished,,,,26000000.0,800.0,10.0,3.0,2.0,10.0,mumbai,32500.0
35 Lac ,Ready to Move,Resale,Unfurnished,,,,3500000.0,390.0,9.0,1.0,2.0,0.0,mumbai,8974.358974358975
46 Lac ,Ready to Move,Resale,Semi-Furnished,East,,,4600000.0,182.0,4.0,1.0,0.0,0.0,mumbai,25274.725274725275
1.80 Cr ,Ready to Move,Resale,Semi-Furnished,,,,18000000.0,1300.0,1.0,2.0,1.0,1.0,mumbai,13846.153846153846
1.05 Cr ,Ready to Move,Resale,Unfurnished,West,Main Road,Freehold,10500000.0,400.0,20.0,1.0,0.0,0.0,mumbai,26250.0
74 Lac ,Ready to Move,New Property,Unfurnished,East,"Garden/Park, Main Road",Co-operative Society,7400000.0,694.0,4.0,2.0,2.0,0.0,mumbai,10662.824207492795
1.27 Cr ,Ready to Move,Resale,Semi-Furnished,North - West,,Co-operative Society,12700000.0,440.0,3.0,2.0,0.0,1.0,mumbai,28863.636363636364
1.05 Cr ,Ready to Move,Resale,Unfurnished,East,Garden/Park,Co-operative Society,10500000.0,475.0,5.0,2.0,0.0,1.0,mumbai,22105.263157894737
93 Lac ,Ready to Move,Resale,Semi-Furnished,,"Garden/Park, Main Road",Freehold,9300000.0,728.0,9.0,2.0,1.0,0.0,mumbai,12774.725274725275
3.65 Cr ,Ready to Move,Resale,Unfurnished,North - East,"Garden/Park, Main Road",Leasehold,36500000.0,1091.0,40.0,3.0,1.0,2.0,mumbai,33455.545371219065
75 Lac ,Ready to Move,New Property,Unfurnished,,,,7500000.0,278.0,9.0,1.0,0.0,0.0,mumbai,26978.41726618705
56 Lac ,Ready to Move,New Property,Unfurnished,East,"Garden/Park, Main Road",Freehold,5600000.0,570.0,5.0,3.0,3.0,1.0,mumbai,9824.561403508771
49.9 Lac ,Ready to Move,New Property,Unfurnished,East,"Garden/Park, Main Road",Freehold,4990000.0,410.0,5.0,3.0,3.0,1.0,mumbai,12170.731707317073
1.85 Cr ,Ready to Move,Resale,Semi-Furnished,,,,18500000.0,750.0,3.0,2.0,0.0,0.0,mumbai,24666.666666666668
1.99 Cr ,Ready to Move,Resale,Semi-Furnished,,,,19900000.0,1190.0,2.0,2.0,0.0,0.0,mumbai,16722.689075630253
1.07 Cr ,Ready to Move,Resale,Unfurnished,East,Garden/Park,Co-operative Society,10700000.0,475.0,10.0,2.0,0.0,1.0,mumbai,22526.315789473683
80 Lac ,Ready to Move,Resale,Unfurnished,East,Garden/Park,Co-operative Society,8000000.0,305.0,5.0,1.0,0.0,1.0,mumbai,26229.508196721312
95 Lac ,Ready to Move,Resale,Semi-Furnished,East,"Garden/Park, Main Road",Freehold,9500000.0,400.0,5.0,2.0,0.0,0.0,mumbai,23750.0
2.65 Cr ,Ready to Move,Resale,Unfurnished,East,Main Road,Co-operative Society,26500000.0,845.0,8.0,3.0,0.0,1.0,mumbai,31360.94674556213
1.25 Cr ,Ready to Move,Resale,Unfurnished,East,Garden/Park,Freehold,12500000.0,486.0,11.0,1.0,1.0,0.0,mumbai,25720.1646090535
1.20 Cr ,Ready to Move,Resale,Unfurnished,,Garden/Park,Freehold,12000000.0,780.0,13.0,2.0,0.0,2.0,mumbai,15384.615384615385
5.25 Cr ,Ready to Move,Resale,Unfurnished,,Main Road,,52500000.0,1500.0,12.0,3.0,0.0,0.0,mumbai,35000.0
8.85 Cr ,Ready to Move,New Property,Unfurnished,West,"Garden/Park, Main Road",Freehold,88500000.0,2100.0,18.0,4.0,4.0,0.0,mumbai,42142.857142857145
85 Lac ,Ready to Move,Resale,Unfurnished,,,,8500000.0,611.0,2.0,1.0,0.0,0.0,mumbai,13911.620294599017
3 Cr ,Ready to Move,Resale,Furnished,North,"Garden/Park, Main Road",Co-operative Society,30000000.0,800.0,2.0,2.0,1.0,0.0,mumbai,37500.0
5.55 Cr ,Ready to Move,Resale,Unfurnished,North - West,Main Road,Co-operative Society,55500000.0,1600.0,7.0,4.0,3.0,0.0,mumbai,34687.5
42.5 Lac ,Ready to Move,Resale,Unfurnished,,,,4250000.0,800.0,2.0,1.0,0.0,0.0,mumbai,5312.5
4 Cr ,Ready to Move,Resale,Furnished,East,Main Road,Freehold,40000000.0,980.0,1.0,3.0,0.0,2.0,mumbai,40816.32653061225
5.75 Cr ,Ready to Move,Resale,Unfurnished,East,Main Road,Freehold,57500000.0,1400.0,4.0,3.0,0.0,3.0,mumbai,41071.42857142857
1.84 Cr ,Ready to Move,Resale,Semi-Furnished,East,Garden/Park,Co-operative Society,18400000.0,593.0,6.0,2.0,0.0,1.0,mumbai,31028.66779089376
1.90 Cr ,Ready to Move,New Property,Unfurnished,East,"Garden/Park, Main Road",Co-operative Society,19000000.0,762.0,12.0,2.0,0.0,1.0,mumbai,24934.383202099736
2.50 Cr ,Ready to Move,New Property,Unfurnished,East,"Garden/Park, Main Road",Co-operative Society,25000000.0,962.0,15.0,3.0,0.0,1.0,mumbai,25987.525987525987
1.99 Cr ,Ready to Move,New Property,Unfurnished,East,Main Road,Freehold,19900000.0,690.0,7.0,2.0,0.0,1.0,mumbai,28840.579710144928
3.90 Cr ,Ready to Move,Resale,Unfurnished,North - East,Garden/Park,Freehold,39000000.0,1200.0,11.0,2.0,3.0,0.0,mumbai,32500.0
2 Cr ,Ready to Move,Resale,Unfurnished,North,Main Road,Freehold,20000000.0,800.0,4.0,2.0,1.0,1.0,mumbai,25000.0
8.50 Cr ,Ready to Move,New Property,Furnished,West,"Garden/Park, Pool, Main Road",Freehold,85000000.0,2100.0,16.0,5.0,6.0,0.0,mumbai,40476.19047619047
85 Lac ,Ready to Move,Resale,Furnished,,,,8500000.0,540.0,5.0,1.0,0.0,0.0,mumbai,15740.74074074074
1.40 Cr ,Ready to Move,Resale,Furnished,,,,14000000.0,580.0,1.0,1.0,0.0,0.0,mumbai,24137.931034482757
3.13 Cr ,Ready to Move,New Property,Semi-Furnished,,,,31300000.0,1722.0,28.0,3.0,0.0,0.0,mumbai,18176.538908246224
3.95 Cr ,Ready to Move,Resale,Unfurnished,,,,39500000.0,2240.0,28.0,3.0,0.0,0.0,mumbai,17633.928571428572
3.99 Cr ,Ready to Move,New Property,Unfurnished,,,,39900000.0,1980.0,28.0,3.0,0.0,0.0,mumbai,20151.515151515152
4 Cr ,Ready to Move,Resale,Unfurnished,,,,40000000.0,2240.0,28.0,3.0,0.0,0.0,mumbai,17857.14285714286
1.08 Cr ,Ready to Move,Resale,Semi-Furnished,,,,10800000.0,1000.0,6.0,2.0,0.0,0.0,mumbai,10800.0
1.10 Cr ,Ready to Move,Resale,Unfurnished,,,,11000000.0,550.0,5.0,1.0,0.0,0.0,mumbai,20000.0
30.6 Lac ,Ready to Move,Resale,Unfurnished,West,Garden/Park,Freehold,3060000.0,435.0,8.0,2.0,1.0,1.0,mumbai,7034.482758620689
67 Lac ,Ready to Move,Resale,Semi-Furnished,,,,6700000.0,500.0,4.0,1.0,0.0,0.0,mumbai,13400.0
2.50 Cr ,Ready to Move,Resale,Unfurnished,East,Main Road,Co-operative Society,25000000.0,736.0,5.0,2.0,3.0,1.0,mumbai,33967.391304347824
2.90 Cr ,Ready to Move,Resale,Unfurnished,North - East,"Garden/Park, Main Road",Co-operative Society,29000000.0,1050.0,19.0,3.0,0.0,1.0,mumbai,27619.04761904762
1.85 Cr ,Ready to Move,Resale,Unfurnished,South -West,,Co-operative Society,18500000.0,650.0,8.0,2.0,3.0,0.0,mumbai,28461.53846153846
1.38 Cr ,Ready to Move,Resale,Semi-Furnished,East,Main Road,Freehold,13799999.999999998,533.0,6.0,2.0,1.0,1.0,mumbai,25891.18198874296
4.10 Cr ,Ready to Move,Resale,Unfurnished,North,Garden/Park,Freehold,41000000.0,1100.0,26.0,3.0,0.0,1.0,mumbai,37272.72727272727
5.50 Cr ,Ready to Move,Resale,Unfurnished,East,"Garden/Park, Pool, Main Road",Freehold,55000000.0,1352.0,17.0,4.0,1.0,1.0,mumbai,40680.47337278107
2.57 Cr ,Ready to Move,New Property,Unfurnished,East,"Pool, Main Road",Freehold,25700000.0,866.0,10.0,2.0,2.0,0.0,mumbai,29676.674364896073
3.50 Cr ,Ready to Move,Resale,Furnished,West,Garden/Park,Freehold,35000000.0,1300.0,12.0,3.0,0.0,1.0,mumbai,26923.076923076922
1.25 Cr ,Ready to Move,Resale,Unfurnished,East,Main Road,Freehold,12500000.0,500.0,4.0,2.0,0.0,0.0,mumbai,25000.0
1.15 Cr ,Ready to Move,Resale,Unfurnished,East,,Freehold,11500000.0,437.0,16.0,2.0,1.0,0.0,mumbai,26315.78947368421
4.75 Cr ,Ready to Move,Resale,Unfurnished,,,,47500000.0,2050.0,3.0,3.0,0.0,0.0,mumbai,23170.731707317074
4.80 Cr ,Ready to Move,Resale,Unfurnished,,,,48000000.0,2054.0,11.0,4.0,0.0,0.0,mumbai,23369.036027263875
57.5 Lac ,Ready to Move,Resale,Furnished,,,,5750000.0,482.0,0.0,1.0,3.0,0.0,mumbai,11929.460580912862
3.20 Cr ,Ready to Move,Resale,Unfurnished,East,"Garden/Park, Pool, Main Road",Freehold,32000000.0,927.0,22.0,2.0,1.0,2.0,mumbai,34519.95685005394
1.25 Cr ,Ready to Move,Resale,Furnished,East,,Co-operative Society,12500000.0,418.0,,2.0,0.0,1.0,mumbai,29904.306220095692
7 Cr ,Ready to Move,Resale,Unfurnished,West,Main Road,Co-operative Society,70000000.0,1790.0,14.0,3.0,0.0,1.0,mumbai,39106.14525139665
41 Lac ,Ready to Move,Resale,Semi-Furnished,East,,Freehold,4100000.0,500.0,,2.0,1.0,1.0,mumbai,8200.0
2.10 Cr ,Ready to Move,Resale,Unfurnished,West,"Garden/Park, Pool, Main Road",Freehold,21000000.0,1600.0,8.0,2.0,1.0,1.0,mumbai,13125.0
4.91 Cr ,Ready to Move,Resale,Unfurnished,,,,49100000.0,2050.0,9.0,3.0,0.0,0.0,mumbai,23951.219512195123
4.91 Cr ,Ready to Move,Resale,Unfurnished,,,,49100000.0,2050.0,21.0,3.0,0.0,0.0,mumbai,23951.219512195123
1.25 Cr ,Ready to Move,New Property,Unfurnished,West,"Pool, Main Road",Freehold,12500000.0,410.0,20.0,1.0,0.0,1.0,mumbai,30487.80487804878
45 Lac ,Ready to Move,Resale,Semi-Furnished,,,,4500000.0,300.0,1.0,1.0,0.0,0.0,mumbai,15000.0
1.05 Cr ,Ready to Move,Resale,Unfurnished,East,"Garden/Park, Main Road",Co-operative Society,10500000.0,730.0,11.0,2.0,0.0,0.0,mumbai,14383.561643835616
1.85 Cr ,Ready to Move,New Property,Unfurnished,East,"Garden/Park, Pool",Freehold,18500000.0,700.0,15.0,2.0,0.0,1.0,mumbai,26428.571428571428
75 Lac ,Ready to Move,Resale,Unfurnished,,Garden/Park,Co-operative Society,7500000.0,270.0,0.0,1.0,0.0,1.0,mumbai,27777.777777777777
3.35 Cr ,Ready to Move,Resale,Unfurnished,East,"Garden/Park, Pool, Main Road",Freehold,33500000.0,994.0,23.0,2.0,1.0,2.0,mumbai,33702.21327967807
99 Lac ,Ready to Move,New Property,Unfurnished,North - East,"Garden/Park, Main Road",Freehold,9900000.0,440.0,12.0,2.0,1.0,1.0,mumbai,22500.0
1 Cr ,Ready to Move,Resale,Unfurnished,South,Main Road,Freehold,10000000.0,590.0,20.0,1.0,0.0,0.0,mumbai,16949.15254237288
2.45 Cr ,Ready to Move,Resale,Semi-Furnished,East,"Pool, Garden/Park, Main Road",Co-operative Society,24500000.0,900.0,6.0,2.0,0.0,0.0,mumbai,27222.222222222223
1.88 Cr ,Ready to Move,New Property,Unfurnished,East,"Garden/Park, Main Road",Co-operative Society,18800000.0,698.0,6.0,2.0,0.0,1.0,mumbai,26934.097421203438
35 Lac ,Ready to Move,Resale,Furnished,,Main Road,Freehold,3500000.0,250.0,0.0,1.0,0.0,0.0,mumbai,14000.0
1.15 Cr ,Ready to Move,New Property,Semi-Furnished,East,Main Road,Freehold,11500000.0,623.0,10.0,2.0,0.0,1.0,mumbai,18459.069020866773
1.17 Cr ,Ready to Move,New Property,Unfurnished,East,"Garden/Park, Main Road",Freehold,11700000.0,559.0,16.0,2.0,0.0,1.0,mumbai,20930.232558139534
1.20 Cr ,Ready to Move,Resale,Unfurnished,North - East,"Garden/Park, Pool",Freehold,12000000.0,650.0,6.0,2.0,0.0,0.0,mumbai,18461.53846153846
2.60 Cr ,Ready to Move,Resale,Semi-Furnished,South,"Pool, Garden/Park",Freehold,26000000.0,700.0,5.0,2.0,0.0,0.0,mumbai,37142.857142857145
4.13 Cr ,Ready to Move,Resale,Unfurnished,East,Garden/Park,Freehold,41300000.0,1200.0,8.0,3.0,0.0,2.0,mumbai,34416.666666666664
4.50 Cr ,Ready to Move,Resale,Unfurnished,South,Main Road,Freehold,45000000.0,1300.0,11.0,3.0,0.0,1.0,mumbai,34615.38461538462
2.49 Cr ,Ready to Move,Resale,Unfurnished,South - East,Main Road,Freehold,24900000.000000004,750.0,11.0,2.0,1.0,1.0,mumbai,33200.00000000001
1.65 Cr ,Ready to Move,New Property,Unfurnished,East,"Garden/Park, Main Road",Freehold,16500000.0,712.0,7.0,2.0,0.0,1.0,mumbai,23174.157303370786
2.44 Cr ,Ready to Move,Resale,Unfurnished,North - East,Garden/Park,Co-operative Society,24400000.0,600.0,-1.0,2.0,0.0,1.0,mumbai,40666.666666666664
1.38 Cr ,Ready to Move,Resale,Semi-Furnished,North - East,Pool,Freehold,13799999.999999998,665.0,4.0,2.0,0.0,1.0,mumbai,20751.87969924812
36 Lac ,Ready to Move,New Property,Furnished,East,Garden/Park,Freehold,3600000.0,359.0,13.0,1.0,3.0,1.0,mumbai,10027.855153203343
1.95 Cr ,Ready to Move,New Property,Unfurnished,East,"Garden/Park, Main Road",Co-operative Society,19500000.0,724.0,6.0,2.0,0.0,1.0,mumbai,26933.701657458565
2.11 Cr ,Ready to Move,Resale,Unfurnished,North,Main Road,Co-operative Society,21100000.0,669.0,6.0,2.0,0.0,0.0,mumbai,31539.611360239163
63 Lac ,Ready to Move,,Unfurnished,,,,6300000.0,350.0,1.0,1.0,0.0,0.0,mumbai,18000.0
33 Lac ,Ready to Move,New Property,Unfurnished,East,"Garden/Park, Main Road",Freehold,3300000.0,390.0,5.0,1.0,1.0,1.0,mumbai,8461.538461538461
43 Lac ,Ready to Move,Resale,Unfurnished,,Garden/Park,,4300000.0,868.0,5.0,2.0,0.0,0.0,mumbai,4953.917050691244
60 Lac ,Ready to Move,Resale,Furnished,,,,6000000.0,225.0,2.0,1.0,0.0,0.0,mumbai,26666.666666666668
3.50 Cr ,Ready to Move,Resale,Unfurnished,East,"Garden/Park, Main Road",Freehold,35000000.0,850.0,2.0,4.0,1.0,0.0,mumbai,41176.470588235294
4.10 Cr ,Ready to Move,Resale,Unfurnished,East,"Garden/Park, Main Road",Freehold,41000000.0,1154.0,8.0,2.0,1.0,1.0,mumbai,35528.59618717504
1.80 Cr ,Ready to Move,Resale,Unfurnished,East,Main Road,Freehold,18000000.0,700.0,7.0,2.0,0.0,1.0,mumbai,25714.285714285714
2.10 Cr ,Ready to Move,Resale,Semi-Furnished,North,Garden/Park,Co-operative Society,21000000.0,650.0,2.0,2.0,0.0,1.0,mumbai,32307.69230769231
65 Lac ,Ready to Move,Resale,Semi-Furnished,East,"Pool, Garden/Park, Main Road",,6500000.0,625.0,8.0,2.0,0.0,0.0,mumbai,10400.0
1.90 Cr ,Ready to Move,New Property,Unfurnished,East,"Garden/Park, Main Road",Freehold,19000000.0,650.0,12.0,2.0,0.0,1.0,mumbai,29230.76923076923
1.50 Cr ,Ready to Move,Resale,Semi-Furnished,East,"Pool, Garden/Park, Main Road",Co-operative Society,15000000.0,500.0,11.0,2.0,0.0,1.0,mumbai,30000.0
1 Cr ,Ready to Move,New Property,Semi-Furnished,,,,10000000.0,560.0,20.0,2.0,0.0,0.0,mumbai,17857.14285714286
63.2 Lac ,Ready to Move,New Property,Unfurnished,,,,6320000.0,335.0,12.0,2.0,0.0,0.0,mumbai,18865.671641791047
2.50 Cr ,Ready to Move,New Property,Semi-Furnished,,,,25000000.0,1260.0,20.0,2.0,0.0,0.0,mumbai,19841.26984126984
2.68 Cr ,Ready to Move,Resale,Semi-Furnished,,,,26800000.0,1350.0,12.0,2.0,0.0,0.0,mumbai,19851.85185185185
1.78 Cr ,Ready to Move,Resale,Semi-Furnished,East,Garden/Park,Freehold,17800000.0,730.0,7.0,2.0,0.0,1.0,mumbai,24383.561643835616
70 Lac ,Ready to Move,Resale,Furnished,East,Main Road,Co-operative Society,7000000.0,325.0,6.0,1.0,0.0,0.0,mumbai,21538.46153846154
97 Lac ,Ready to Move,Resale,Furnished,,,,9700000.0,390.0,2.0,1.0,0.0,0.0,mumbai,24871.79487179487
80 Lac ,Ready to Move,Resale,Unfurnished,East,"Garden/Park, Pool, Main Road",Freehold,8000000.0,330.0,0.0,1.0,0.0,1.0,mumbai,24242.424242424244
85 Lac ,Ready to Move,Resale,Unfurnished,,,,8500000.0,451.0,12.0,2.0,2.0,0.0,mumbai,18847.0066518847
1.08 Cr ,Ready to Move,Resale,Unfurnished,East,Garden/Park,Freehold,10800000.0,625.0,10.0,2.0,4.0,1.0,mumbai,17280.0
70 Lac ,Ready to Move,Resale,Unfurnished,East,Main Road,Co-operative Society,7000000.0,269.0,4.0,1.0,2.0,0.0,mumbai,26022.304832713755
1.65 Cr ,,Resale,Semi-Furnished,East,"Garden/Park, Pool",Co-operative Society,16500000.0,651.0,4.0,2.0,1.0,1.0,mumbai,25345.622119815667
1.32 Cr ,Ready to Move,Resale,Unfurnished,East,Main Road,Freehold,13200000.0,650.0,5.0,2.0,0.0,0.0,mumbai,20307.69230769231
1.80 Cr ,Ready to Move,Resale,Semi-Furnished,East,"Garden/Park, Main Road",Freehold,18000000.0,752.0,12.0,2.0,0.0,1.0,mumbai,23936.17021276596
88 Lac ,Ready to Move,Resale,Semi-Furnished,East,"Garden/Park, Pool, Main Road",Freehold,8800000.0,400.0,7.0,1.0,0.0,0.0,mumbai,22000.0
1.15 Cr ,Ready to Move,Resale,Semi-Furnished,South - East,"Garden/Park, Main Road",Co-operative Society,11500000.0,460.0,5.0,2.0,2.0,1.0,mumbai,25000.0
1.10 Cr ,Ready to Move,Resale,Unfurnished,East,Main Road,Co-operative Society,11000000.0,415.0,5.0,2.0,0.0,0.0,mumbai,26506.024096385543
55 Lac ,Ready to Move,Resale,Semi-Furnished,East,"Garden/Park, Main Road",Co-operative Society,5500000.0,640.0,2.0,2.0,0.0,1.0,mumbai,8593.75
2 Cr ,Ready to Move,New Property,Unfurnished,,,,20000000.0,1000.0,4.0,2.0,0.0,0.0,mumbai,20000.0
2.05 Cr ,Ready to Move,Resale,Unfurnished,,,,20500000.0,1000.0,6.0,2.0,0.0,0.0,mumbai,20500.0
2.05 Cr ,Ready to Move,Resale,Unfurnished,,,,20500000.0,1100.0,5.0,2.0,0.0,0.0,mumbai,18636.363636363636
2.50 Cr ,Ready to Move,Resale,Furnished,,,,25000000.0,620.0,5.0,2.0,2.0,0.0,mumbai,40322.58064516129
1.15 Cr ,Ready to Move,New Property,Unfurnished,West,"Garden/Park, Main Road",Freehold,11500000.0,440.0,1.0,2.0,0.0,1.0,mumbai,26136.363636363636
1.80 Cr ,Ready to Move,Resale,Semi-Furnished,West,Main Road,Freehold,18000000.0,700.0,4.0,2.0,0.0,1.0,mumbai,25714.285714285714
1.40 Cr ,Ready to Move,Resale,Unfurnished,,,,14000000.0,450.0,3.0,2.0,0.0,0.0,mumbai,31111.11111111111
6.15 Cr ,Ready to Move,New Property,Unfurnished,North,Main Road,Freehold,61500000.0,1604.0,30.0,4.0,0.0,2.0,mumbai,38341.64588528678
1.80 Cr ,Ready to Move,Resale,Semi-Furnished,West,Main Road,Freehold,18000000.0,710.0,5.0,2.0,0.0,0.0,mumbai,25352.11267605634
2.05 Cr ,Ready to Move,Resale,Unfurnished,East,"Garden/Park, Pool, Main Road",Freehold,20500000.0,742.0,5.0,2.0,0.0,1.0,mumbai,27628.03234501348
3.30 Cr ,Ready to Move,New Property,Semi-Furnished,,,,33000000.0,777.0,5.0,2.0,0.0,1.0,mumbai,42471.04247104247
1.30 Cr ,Ready to Move,Resale,Unfurnished,East,,Freehold,13000000.0,435.0,1.0,2.0,0.0,1.0,mumbai,29885.05747126437
3.80 Cr ,Ready to Move,Resale,Unfurnished,East,"Garden/Park, Pool, Main Road",Freehold,38000000.0,1075.0,18.0,2.0,1.0,1.0,mumbai,35348.83720930233
4.31 Cr ,Ready to Move,Resale,Unfurnished,North - East,"Garden/Park, Pool, Main Road",Freehold,43099999.99999999,1303.0,17.0,3.0,0.0,2.0,mumbai,33077.51343054489
1.35 Cr ,Ready to Move,Resale,Semi-Furnished,North,Garden/Park,Freehold,13500000.0,600.0,3.0,2.0,0.0,1.0,mumbai,22500.0
2.75 Cr ,Ready to Move,Resale,Unfurnished,North,"Garden/Park, Pool, Main Road",Freehold,27500000.0,800.0,2.0,2.0,0.0,1.0,mumbai,34375.0
86 Lac ,Ready to Move,Resale,Semi-Furnished,,,,8600000.0,657.0,6.0,2.0,2.0,0.0,mumbai,13089.80213089802
1.10 Cr ,Ready to Move,Resale,Unfurnished,East,"Garden/Park, Pool, Main Road",Freehold,11000000.0,425.0,5.0,2.0,0.0,1.0,mumbai,25882.352941176472
2.53 Cr ,Ready to Move,New Property,Unfurnished,East,Main Road,Freehold,25299999.999999996,650.0,,3.0,0.0,1.0,mumbai,38923.076923076915
2.96 Cr ,Ready to Move,New Property,Unfurnished,East,Main Road,Freehold,29600000.0,760.0,,3.0,0.0,1.0,mumbai,38947.36842105263
1.75 Cr ,Ready to Move,Resale,Unfurnished,East,Garden/Park,Freehold,17500000.0,661.0,8.0,2.0,0.0,1.0,mumbai,26475.0378214826
36 Cr ,Ready to Move,Resale,Unfurnished,East,"Pool, Garden/Park, Main Road",Freehold,360000000.0,10000.0,30.0,9.0,10.0,4.0,mumbai,36000.0
36.80 Cr ,Ready to Move,Resale,Unfurnished,East,"Pool, Garden/Park, Main Road",Freehold,368000000.0,15000.0,63.0,8.0,10.0,6.0,mumbai,24533.333333333332
8.50 Cr ,Ready to Move,Resale,Unfurnished,West,Garden/Park,Freehold,85000000.0,2100.0,38.0,3.0,3.0,2.0,mumbai,40476.19047619047
3.31 Cr ,Ready to Move,New Property,Unfurnished,West,Main Road,Freehold,33100000.0,850.0,,4.0,0.0,1.0,mumbai,38941.17647058824
1.50 Cr ,Ready to Move,Resale,Semi-Furnished,North - East,Main Road,Freehold,15000000.0,762.0,26.0,2.0,3.0,1.0,mumbai,19685.03937007874
95 Lac ,Ready to Move,Resale,Semi-Furnished,North - West,Garden/Park,Freehold,9500000.0,495.0,21.0,2.0,2.0,1.0,mumbai,19191.91919191919
1.79 Cr ,Ready to Move,Resale,Unfurnished,East,"Garden/Park, Main Road",Co-operative Society,17900000.0,750.0,4.0,2.0,0.0,0.0,mumbai,23866.666666666668
1.28 Cr ,Ready to Move,Resale,Semi-Furnished,North - East,Garden/Park,Freehold,12800000.0,630.0,6.0,2.0,2.0,1.0,mumbai,20317.460317460318
92 Lac ,Ready to Move,Resale,Unfurnished,East,"Garden/Park, Main Road",Co-operative Society,9200000.0,750.0,12.0,2.0,0.0,2.0,mumbai,12266.666666666666
41 Lac ,Ready to Move,Resale,Semi-Furnished,,,,4100000.0,584.0,2.0,2.0,1.0,0.0,mumbai,7020.54794520548
1.60 Cr ,Ready to Move,New Property,Unfurnished,West,,Freehold,16000000.0,720.0,7.0,2.0,1.0,0.0,mumbai,22222.222222222223
3.75 Cr ,Ready to Move,New Property,Unfurnished,East,Garden/Park,Freehold,37500000.0,900.0,7.0,2.0,1.0,2.0,mumbai,41666.666666666664
36 Cr ,Ready to Move,Resale,Unfurnished,East,"Pool, Garden/Park, Main Road",Freehold,360000000.0,12000.0,28.0,10.0,10.0,6.0,mumbai,30000.0
40 Cr ,Ready to Move,Resale,Unfurnished,East,"Pool, Garden/Park, Main Road",Freehold,400000000.0,10000.0,60.0,8.0,10.0,3.0,mumbai,40000.0
80 Lac ,Ready to Move,Resale,Semi-Furnished,East,,Co-operative Society,8000000.0,300.0,6.0,1.0,0.0,0.0,mumbai,26666.666666666668
2.10 Cr ,Ready to Move,Resale,Furnished,East,"Garden/Park, Pool, Main Road",Freehold,21000000.0,1250.0,6.0,2.0,0.0,1.0,mumbai,16800.0
1.80 Cr ,Ready to Move,New Property,Unfurnished,East,Main Road,Freehold,18000000.0,631.0,17.0,2.0,0.0,123.0,mumbai,28526.148969889065
45 Lac ,Ready to Move,Resale,Semi-Furnished,East,,Co-operative Society,4500000.0,361.0,3.0,2.0,0.0,0.0,mumbai,12465.373961218836
3.25 Cr ,Ready to Move,Resale,Furnished,East,Garden/Park,Freehold,32500000.0,1005.0,18.0,2.0,2.0,2.0,mumbai,32338.308457711442
1.75 Cr ,Ready to Move,Resale,Furnished,North,Garden/Park,Freehold,17500000.0,680.0,19.0,2.0,0.0,1.0,mumbai,25735.29411764706
68 Lac ,Ready to Move,Resale,Unfurnished,,,,6800000.0,350.0,8.0,1.0,0.0,0.0,mumbai,19428.571428571428
65 Lac ,Ready to Move,Resale,Semi-Furnished,,,,6500000.0,350.0,3.0,1.0,0.0,0.0,mumbai,18571.428571428572
50 Lac ,Ready to Move,Resale,Semi-Furnished,,,,5000000.0,682.0,3.0,1.0,0.0,0.0,mumbai,7331.378299120234
6.50 Cr ,Ready to Move,Resale,Unfurnished,East,Garden/Park,Freehold,65000000.0,1900.0,10.0,3.0,1.0,1.0,mumbai,34210.52631578947
2.85 Cr ,Ready to Move,Resale,Furnished,East,Main Road,Freehold,28500000.0,1172.0,13.0,3.0,4.0,1.0,mumbai,24317.40614334471
3.75 Cr ,Ready to Move,Resale,Unfurnished,West,"Garden/Park, Pool, Main Road",Freehold,37500000.0,900.0,27.0,2.0,1.0,1.0,mumbai,41666.666666666664
2.10 Cr ,Ready to Move,Resale,Unfurnished,,,,21000000.0,667.0,17.0,2.0,0.0,0.0,mumbai,31484.257871064467
56 Lac ,Ready to Move,Resale,,,,,5600000.0,580.0,1.0,1.0,0.0,0.0,mumbai,9655.172413793103
85 Lac ,Ready to Move,New Property,Unfurnished,East,"Garden/Park, Main Road",Freehold,8500000.0,425.0,10.0,2.0,0.0,1.0,mumbai,20000.0
1.71 Cr ,Ready to Move,Resale,Furnished,North,Garden/Park,Freehold,17100000.0,600.0,19.0,2.0,0.0,1.0,mumbai,28500.0
1.40 Cr ,Ready to Move,Resale,Unfurnished,East,"Garden/Park, Main Road",Co-operative Society,14000000.0,658.0,5.0,2.0,3.0,1.0,mumbai,21276.59574468085
92 Lac ,Ready to Move,Resale,Unfurnished,East,,,9200000.0,350.0,0.0,1.0,0.0,0.0,mumbai,26285.714285714286
2.60 Cr ,Ready to Move,New Property,Semi-Furnished,North - West,"Garden/Park, Main Road",Co-operative Society,26000000.0,985.0,20.0,3.0,0.0,1.0,mumbai,26395.939086294416
75 Lac ,Ready to Move,Resale,Unfurnished,,,,7500000.0,560.0,3.0,1.0,1.0,0.0,mumbai,13392.857142857143
1.86 Cr ,Ready to Move,New Property,Unfurnished,East,"Garden/Park, Main Road",Freehold,18600000.0,716.0,21.0,2.0,1.0,2.0,mumbai,25977.653631284917
2.34 Cr ,Ready to Move,New Property,Unfurnished,East,"Garden/Park, Main Road",Freehold,23400000.0,842.0,6.0,3.0,0.0,1.0,mumbai,27790.973871733968
2.35 Cr ,Ready to Move,Resale,Unfurnished,East,Main Road,Freehold,23500000.0,770.0,11.0,2.0,0.0,1.0,mumbai,30519.48051948052
2.75 Cr ,Ready to Move,Resale,Semi-Furnished,North - East,Garden/Park,Freehold,27500000.0,935.0,20.0,2.0,1.0,1.0,mumbai,29411.764705882353
2.50 Cr ,Ready to Move,New Property,Unfurnished,North - East,"Garden/Park, Pool, Main Road",Freehold,25000000.0,933.0,8.0,3.0,0.0,1.0,mumbai,26795.284030010716
1.37 Cr ,Ready to Move,New Property,Unfurnished,East,"Garden/Park, Main Road",Freehold,13700000.000000002,488.0,9.0,1.0,0.0,1.0,mumbai,28073.770491803283
1.65 Cr ,Ready to Move,New Property,Unfurnished,,Main Road,,16500000.0,812.0,13.0,2.0,1.0,0.0,mumbai,20320.197044334975
98 Lac ,Ready to Move,Resale,,,,,9800000.0,450.0,3.0,1.0,0.0,0.0,mumbai,21777.777777777777
85 Lac ,Ready to Move,Resale,,,,,8500000.0,610.0,8.0,2.0,0.0,0.0,mumbai,13934.426229508197
1.30 Cr ,Ready to Move,Resale,Furnished,East,,Freehold,13000000.0,408.0,5.0,2.0,0.0,0.0,mumbai,31862.745098039217
1.50 Cr ,Ready to Move,Resale,Furnished,,,,15000000.0,465.0,6.0,2.0,3.0,0.0,mumbai,32258.064516129034
2.50 Cr ,Ready to Move,Resale,Furnished,,,,25000000.0,700.0,1.0,1.0,0.0,0.0,mumbai,35714.28571428572
75 Lac ,Ready to Move,Resale,Unfurnished,North - East,Main Road,Co-operative Society,7500000.0,850.0,2.0,2.0,4.0,0.0,mumbai,8823.529411764706
35 Lac ,Ready to Move,Resale,Unfurnished,,,,3500000.0,150.0,,1.0,0.0,0.0,mumbai,23333.333333333332
5.25 Cr ,Ready to Move,Resale,Unfurnished,North - East,,Freehold,52500000.0,1475.0,11.0,3.0,0.0,1.0,mumbai,35593.220338983054
1.79 Cr ,Ready to Move,Resale,Unfurnished,East,"Garden/Park, Pool, Main Road",Freehold,17900000.0,710.0,14.0,2.0,0.0,1.0,mumbai,25211.267605633802
1.45 Cr ,Ready to Move,Resale,Unfurnished,South,"Garden/Park, Main Road",Freehold,14500000.0,850.0,12.0,2.0,2.0,0.0,mumbai,17058.823529411766
2.50 Cr ,Ready to Move,Resale,Furnished,North,Main Road,Freehold,25000000.0,1595.0,19.0,3.0,0.0,1.0,mumbai,15673.98119122257
3.24 Cr ,Ready to Move,New Property,Unfurnished,,,Freehold,32400000.000000004,1200.0,,3.0,0.0,2.0,mumbai,27000.000000000004
1.12 Cr ,Ready to Move,New Property,Unfurnished,,,Freehold,11200000.000000002,1250.0,,3.0,0.0,2.0,mumbai,8960.000000000002
3 Cr ,Ready to Move,Resale,Semi-Furnished,,,Freehold,30000000.0,700.0,,2.0,0.0,1.0,mumbai,42857.142857142855
3.25 Cr ,Ready to Move,Resale,Semi-Furnished,East,"Garden/Park, Main Road",Freehold,32500000.0,850.0,4.0,2.0,3.0,0.0,mumbai,38235.294117647056
1.54 Cr ,Ready to Move,Resale,Furnished,South - East,Garden/Park,Freehold,15400000.0,650.0,4.0,2.0,0.0,0.0,mumbai,23692.30769230769
2.89 Cr ,Ready to Move,New Property,Semi-Furnished,East,"Pool, Garden/Park, Main Road",Co-operative Society,28900000.0,1150.0,16.0,3.0,1.0,0.0,mumbai,25130.434782608696
2.20 Cr ,Ready to Move,Resale,Semi-Furnished,North - West,Garden/Park,Co-operative Society,22000000.0,802.0,18.0,2.0,0.0,1.0,mumbai,27431.42144638404
1.90 Cr ,Ready to Move,Resale,Unfurnished,North - West,Garden/Park,Freehold,19000000.0,753.0,37.0,2.0,0.0,1.0,mumbai,25232.403718459496
6.25 Cr ,Ready to Move,Resale,Unfurnished,East,Garden/Park,Freehold,62500000.0,1580.0,20.0,4.0,0.0,4.0,mumbai,39556.962025316454
1.32 Cr ,Ready to Move,Resale,Unfurnished,South -West,Main Road,Co-operative Society,13200000.0,495.0,,2.0,3.0,0.0,mumbai,26666.666666666668
59 Lac ,Ready to Move,Resale,Unfurnished,East,,Power Of Attorney,5900000.0,225.0,7.0,1.0,0.0,0.0,mumbai,26222.222222222223
2.81 Cr ,Ready to Move,New Property,Unfurnished,East,"Garden/Park, Pool",Freehold,28100000.0,912.0,11.0,3.0,3.0,1.0,mumbai,30811.40350877193
6.11 Cr ,Ready to Move,Resale,Semi-Furnished,East,"Garden/Park, Pool, Main Road",Freehold,61100000.0,2000.0,,5.0,1.0,3.0,mumbai,30550.0
1.45 Cr ,Ready to Move,New Property,Unfurnished,North - East,"Garden/Park, Pool",Freehold,14500000.0,680.0,23.0,2.0,4.0,1.0,mumbai,21323.529411764706
1.55 Cr ,Ready to Move,Resale,Semi-Furnished,North,"Garden/Park, Main Road",Co-operative Society,15500000.0,750.0,4.0,2.0,5.0,1.0,mumbai,20666.666666666668
1.10 Cr ,Ready to Move,Resale,Unfurnished,North - West,,Freehold,11000000.0,750.0,16.0,2.0,4.0,0.0,mumbai,14666.666666666666
5.50 Cr ,Ready to Move,New Property,Unfurnished,North - East,"Garden/Park, Main Road",Freehold,55000000.0,2000.0,15.0,4.0,1.0,4.0,mumbai,27500.0
6 Cr ,Ready to Move,New Property,Semi-Furnished,East,"Garden/Park, Pool, Main Road",Freehold,60000000.0,1655.0,,4.0,4.0,2.0,mumbai,36253.776435045314
40 Lac ,Ready to Move,Resale,Unfurnished,North - East,,Co-operative Society,4000000.0,250.0,0.0,1.0,0.0,0.0,mumbai,16000.0
1.65 Cr ,Ready to Move,Resale,Unfurnished,,,,16500000.0,1040.0,7.0,2.0,0.0,0.0,mumbai,15865.384615384615
1.05 Cr ,Ready to Move,Resale,Unfurnished,North,Main Road,Freehold,10500000.0,334.0,1.0,1.0,0.0,1.0,mumbai,31437.125748502993
5.60 Cr ,Ready to Move,Resale,Semi-Furnished,East,Garden/Park,Co-operative Society,56000000.0,1400.0,14.0,4.0,6.0,0.0,mumbai,40000.0
2.35 Cr ,Ready to Move,Resale,Semi-Furnished,North - East,Main Road,Freehold,23500000.0,888.0,,2.0,0.0,1.0,mumbai,26463.963963963964
5 Cr ,Ready to Move,Resale,Semi-Furnished,East,,Freehold,50000000.0,1500.0,4.0,4.0,0.0,2.0,mumbai,33333.333333333336
1.60 Cr ,Ready to Move,New Property,Unfurnished,North - East,"Garden/Park, Pool, Main Road",Freehold,16000000.0,800.0,5.0,2.0,2.0,1.0,mumbai,20000.0
2.35 Cr ,Ready to Move,Resale,Unfurnished,East,Main Road,Freehold,23500000.0,725.0,18.0,2.0,0.0,1.0,mumbai,32413.793103448275
2.80 Cr ,Ready to Move,Resale,Furnished,North - East,"Garden/Park, Main Road",Co-operative Society,28000000.0,800.0,5.0,2.0,0.0,1.0,mumbai,35000.0
1.12 Cr ,Ready to Move,Resale,Unfurnished,North,"Pool, Garden/Park, Main Road",Leasehold,11200000.000000002,450.0,4.0,1.0,0.0,0.0,mumbai,24888.888888888894
1.75 Cr ,Ready to Move,Resale,Unfurnished,North,Garden/Park,Freehold,17500000.0,470.0,,2.0,1.0,1.0,mumbai,37234.04255319149
3.20 Cr ,Ready to Move,Resale,Semi-Furnished,,,,32000000.0,1250.0,7.0,2.0,0.0,0.0,mumbai,25600.0
55 Lac ,Ready to Move,Resale,Furnished,,,,5500000.0,760.0,3.0,2.0,0.0,0.0,mumbai,7236.8421052631575
4.32 Cr ,Ready to Move,Resale,Semi-Furnished,East,"Garden/Park, Pool, Main Road",Freehold,43200000.0,1321.0,,4.0,2.0,2.0,mumbai,32702.49810749432
23 Lac ,Ready to Move,Resale,Semi-Furnished,,Main Road,Leasehold,2300000.0,500.0,7.0,1.0,1.0,0.0,mumbai,4600.0
1.05 Cr ,Ready to Move,Resale,Unfurnished,North,Garden/Park,Freehold,10500000.0,425.0,2.0,2.0,1.0,0.0,mumbai,24705.882352941175
52 Lac ,Ready to Move,Resale,Semi-Furnished,West,Main Road,Freehold,5200000.0,700.0,7.0,2.0,3.0,0.0,mumbai,7428.571428571428
68 Lac ,Ready to Move,Resale,Unfurnished,East,,Co-operative Society,6800000.0,380.0,7.0,1.0,2.0,0.0,mumbai,17894.736842105263
3.15 Cr ,Ready to Move,Resale,Semi-Furnished,,,,31500000.0,765.0,6.0,2.0,0.0,0.0,mumbai,41176.470588235294
3.20 Cr ,Ready to Move,Resale,Semi-Furnished,,,,32000000.0,830.0,6.0,2.0,0.0,0.0,mumbai,38554.21686746988
3.25 Cr ,Ready to Move,Resale,Semi-Furnished,,,,32500000.0,1150.0,8.0,2.0,0.0,0.0,mumbai,28260.869565217392
3.25 Cr ,Ready to Move,Resale,Unfurnished,,,,32500000.0,1200.0,6.0,2.0,0.0,0.0,mumbai,27083.333333333332
3.35 Cr ,Ready to Move,Resale,Semi-Furnished,,,,33500000.0,1250.0,6.0,2.0,0.0,0.0,mumbai,26800.0
4 Cr ,Ready to Move,Resale,Unfurnished,East,Garden/Park,Freehold,40000000.0,1275.0,1.0,4.0,1.0,0.0,mumbai,31372.549019607843
1.06 Cr ,Ready to Move,Resale,Semi-Furnished,East,Garden/Park,Co-operative Society,10600000.0,423.0,9.0,2.0,0.0,0.0,mumbai,25059.101654846334
55 Lac ,Ready to Move,Resale,,,,,5500000.0,650.0,4.0,1.0,0.0,0.0,mumbai,8461.538461538461
82 Lac ,Ready to Move,Resale,,,,,8200000.0,685.0,0.0,2.0,0.0,0.0,mumbai,11970.802919708029
75 Lac ,Ready to Move,Resale,Semi-Furnished,West,,Co-operative Society,7500000.0,350.0,1.0,2.0,0.0,0.0,mumbai,21428.571428571428
89 Lac ,Ready to Move,Resale,Furnished,,,,8900000.0,385.0,7.0,1.0,0.0,0.0,mumbai,23116.883116883117
80 Lac ,Ready to Move,Resale,Unfurnished,,,Co-operative Society,8000000.0,352.0,7.0,1.0,0.0,0.0,mumbai,22727.272727272728
3.40 Cr ,Ready to Move,Resale,Unfurnished,East,Main Road,Freehold,34000000.0,1185.0,8.0,3.0,1.0,1.0,mumbai,28691.983122362868
1.80 Cr ,Ready to Move,Resale,Semi-Furnished,,,,18000000.0,700.0,0.0,2.0,0.0,1.0,mumbai,25714.285714285714
80 Lac ,Ready to Move,Resale,Semi-Furnished,,,,8000000.0,225.0,4.0,1.0,0.0,0.0,mumbai,35555.555555555555
2.10 Cr ,Ready to Move,Resale,Furnished,North,"Garden/Park, Main Road",Co-operative Society,21000000.0,850.0,1.0,2.0,0.0,1.0,mumbai,24705.882352941175
2.10 Cr ,Ready to Move,Resale,Unfurnished,East,Garden/Park,Co-operative Society,21000000.0,780.0,5.0,2.0,1.0,1.0,mumbai,26923.076923076922
1.20 Cr ,Ready to Move,Resale,Semi-Furnished,East,Garden/Park,Co-operative Society,12000000.0,650.0,14.0,2.0,0.0,1.0,mumbai,18461.53846153846
1.40 Cr ,Ready to Move,New Property,Unfurnished,East,Main Road,Freehold,14000000.0,840.0,12.0,2.0,1.0,1.0,mumbai,16666.666666666668
30 Lac ,Ready to Move,Resale,Semi-Furnished,,,,3000000.0,350.0,5.0,1.0,0.0,0.0,mumbai,8571.42857142857
1.10 Cr ,Ready to Move,New Property,Semi-Furnished,East,Main Road,Co-operative Society,11000000.0,500.0,13.0,2.0,0.0,1.0,mumbai,22000.0
4.54 Cr ,Ready to Move,Resale,Unfurnished,East,"Pool, Garden/Park, Main Road",Freehold,45400000.0,1763.0,23.0,5.0,0.0,4.0,mumbai,25751.559841179806
3.40 Cr ,Ready to Move,Resale,Semi-Furnished,North,"Garden/Park, Pool, Main Road",Co-operative Society,34000000.0,1156.0,33.0,3.0,3.0,2.0,mumbai,29411.764705882353
3.75 Cr ,Ready to Move,Resale,Unfurnished,East,"Garden/Park, Pool, Main Road",Freehold,37500000.0,1075.0,10.0,2.0,1.0,1.0,mumbai,34883.72093023256
2.10 Cr ,Ready to Move,Resale,Semi-Furnished,East,Garden/Park,Co-operative Society,21000000.0,750.0,10.0,2.0,1.0,1.0,mumbai,28000.0
78 Lac ,Ready to Move,Resale,Furnished,East,"Garden/Park, Pool, Main Road",Freehold,7800000.0,308.0,12.0,1.0,0.0,0.0,mumbai,25324.675324675325
2 Cr ,Ready to Move,New Property,Semi-Furnished,East,"Garden/Park, Main Road",Co-operative Society,20000000.0,648.0,18.0,2.0,0.0,1.0,mumbai,30864.197530864196
1.85 Cr ,Ready to Move,Resale,Semi-Furnished,East,Main Road,Freehold,18500000.0,742.0,21.0,2.0,0.0,1.0,mumbai,24932.614555256063
42 Lac ,Ready to Move,Resale,Unfurnished,North,,Freehold,4200000.0,480.0,3.0,1.0,0.0,0.0,mumbai,8750.0
1.25 Cr ,,Resale,Semi-Furnished,East,Garden/Park,Co-operative Society,12500000.0,700.0,2.0,1.0,0.0,1.0,mumbai,17857.14285714286
28 Lac ,Ready to Move,Resale,Semi-Furnished,East,Main Road,Freehold,2800000.0,450.0,,2.0,0.0,0.0,mumbai,6222.222222222223
1.52 Cr ,Ready to Move,Resale,Semi-Furnished,West,"Garden/Park, Pool, Main Road",Freehold,15200000.0,554.0,7.0,2.0,2.0,1.0,mumbai,27436.82310469314
1.90 Cr ,Ready to Move,Resale,Semi-Furnished,North - East,"Garden/Park, Pool, Main Road",,19000000.0,746.0,5.0,3.0,0.0,0.0,mumbai,25469.16890080429
1.98 Cr ,Ready to Move,New Property,Unfurnished,East,"Pool, Garden/Park, Main Road",Freehold,19800000.0,761.0,15.0,2.0,1.0,0.0,mumbai,26018.396846254927
1 Cr ,Ready to Move,New Property,Semi-Furnished,East,"Garden/Park, Pool, Main Road",Freehold,10000000.0,805.0,2.0,2.0,2.0,1.0,mumbai,12422.360248447205
2.25 Cr ,Ready to Move,Resale,Semi-Furnished,East,"Garden/Park, Main Road",Co-operative Society,22500000.0,650.0,9.0,2.0,1.0,1.0,mumbai,34615.38461538462
38 Lac ,Ready to Move,Resale,Unfurnished,,,,3800000.0,650.0,2.0,2.0,0.0,0.0,mumbai,5846.153846153846
85 Lac ,Ready to Move,Resale,Unfurnished,East,"Garden/Park, Main Road",Freehold,8500000.0,700.0,4.0,2.0,2.0,0.0,mumbai,12142.857142857143
1.45 Cr ,Ready to Move,Resale,Unfurnished,East,"Garden/Park, Main Road, Pool",Freehold,14500000.0,685.0,5.0,2.0,0.0,1.0,mumbai,21167.883211678833
3.45 Cr ,Ready to Move,New Property,Semi-Furnished,North - East,Garden/Park,Freehold,34500000.0,1700.0,17.0,3.0,0.0,2.0,mumbai,20294.117647058825
2.80 Cr ,Ready to Move,Resale,Semi-Furnished,North - East,Garden/Park,Freehold,28000000.0,1350.0,8.0,3.0,0.0,2.0,mumbai,20740.74074074074
3.25 Cr ,Ready to Move,Other,Furnished,,,,32500000.0,1000.0,3.0,3.0,0.0,0.0,mumbai,32500.0
2.65 Cr ,Ready to Move,Resale,Unfurnished,North,"Garden/Park, Pool",Freehold,26500000.0,720.0,7.0,2.0,0.0,1.0,mumbai,36805.555555555555
50 Lac ,Ready to Move,Resale,Furnished,,,,5000000.0,500.0,2.0,1.0,0.0,0.0,mumbai,10000.0
1.77 Cr ,Ready to Move,Resale,Semi-Furnished,North - East,Garden/Park,Freehold,17700000.0,480.0,12.0,1.0,1.0,1.0,mumbai,36875.0
40 Lac ,Ready to Move,Resale,Semi-Furnished,North,Main Road,Freehold,4000000.0,430.0,5.0,2.0,2.0,505.0,mumbai,9302.32558139535
5.30 Cr ,Ready to Move,Resale,Semi-Furnished,West,Main Road,Freehold,53000000.0,1500.0,15.0,3.0,5.0,0.0,mumbai,35333.333333333336
1.50 Cr ,Ready to Move,Resale,Furnished,West,Main Road,Co-operative Society,15000000.0,420.0,2.0,1.0,0.0,0.0,mumbai,35714.28571428572
2.50 Cr ,Ready to Move,Resale,Furnished,,,,25000000.0,925.0,5.0,2.0,0.0,0.0,mumbai,27027.027027027027
2.80 Cr ,Ready to Move,New Property,Unfurnished,East,Main Road,Freehold,28000000.0,1008.0,10.0,3.0,0.0,1.0,mumbai,27777.777777777777
7.50 Cr ,Ready to Move,New Property,Semi-Furnished,North - West,Main Road,Freehold,75000000.0,2150.0,20.0,6.0,4.0,0.0,mumbai,34883.72093023256
3.30 Cr ,Ready to Move,New Property,Unfurnished,East,"Garden/Park, Main Road",Freehold,33000000.0,1000.0,12.0,3.0,0.0,1.0,mumbai,33000.0
4 Cr ,Ready to Move,Resale,Furnished,North,Main Road,Co-operative Society,40000000.0,1368.0,2.0,4.0,1.0,0.0,mumbai,29239.766081871345
3.25 Cr ,Ready to Move,Resale,Semi-Furnished,,,,32500000.0,1200.0,4.0,3.0,0.0,0.0,mumbai,27083.333333333332
92.5 Lac ,Ready to Move,New Property,Semi-Furnished,East,"Garden/Park, Main Road",Freehold,9250000.0,690.0,10.0,2.0,4.0,1.0,mumbai,13405.797101449276
85 Lac ,Ready to Move,New Property,Unfurnished,East,Main Road,Freehold,8500000.0,350.0,19.0,1.0,0.0,1.0,mumbai,24285.714285714286
3.25 Cr ,Ready to Move,Resale,Semi-Furnished,East,Garden/Park,Co-operative Society,32500000.0,950.0,2.0,2.0,1.0,1.0,mumbai,34210.52631578947
3.75 Cr ,Ready to Move,Resale,Unfurnished,East,"Garden/Park, Main Road",Freehold,37500000.0,1100.0,15.0,3.0,3.0,0.0,mumbai,34090.90909090909
1.65 Cr ,Ready to Move,Resale,Semi-Furnished,,Garden/Park,Freehold,16500000.0,600.0,1.0,2.0,0.0,0.0,mumbai,27500.0
2 Cr ,Ready to Move,Resale,Semi-Furnished,East,"Pool, Garden/Park, Main Road",Co-operative Society,20000000.0,735.0,15.0,2.0,2.0,1.0,mumbai,27210.884353741498
3 Cr ,Ready to Move,Resale,Unfurnished,East,"Garden/Park, Pool",Co-operative Society,30000000.0,730.0,2.0,2.0,0.0,1.0,mumbai,41095.890410958906
35 Lac ,Ready to Move,Resale,Unfurnished,East,"Garden/Park, Main Road",,3500000.0,380.0,4.0,1.0,0.0,0.0,mumbai,9210.526315789473
3.54 Cr ,Ready to Move,New Property,Semi-Furnished,East,"Garden/Park, Pool, Main Road",Freehold,35400000.0,955.0,,2.0,3.0,1.0,mumbai,37068.062827225134
2.20 Cr ,Ready to Move,Resale,Unfurnished,West,,Co-operative Society,22000000.0,775.0,4.0,2.0,0.0,1.0,mumbai,28387.09677419355
3 Cr ,Ready to Move,Resale,Unfurnished,East,Garden/Park,Co-operative Society,30000000.0,750.0,10.0,2.0,1.0,0.0,mumbai,40000.0
2.15 Cr ,Ready to Move,New Property,Unfurnished,North - West,"Garden/Park, Main Road",Freehold,21500000.0,828.0,7.0,2.0,1.0,1.0,mumbai,25966.183574879225
65 Lac ,Ready to Move,Resale,Semi-Furnished,,,,6500000.0,225.0,14.0,1.0,0.0,0.0,mumbai,28888.88888888889
2.05 Cr ,Ready to Move,Resale,Unfurnished,West,,Co-operative Society,20500000.0,700.0,5.0,2.0,1.0,1.0,mumbai,29285.714285714286
2.70 Cr ,Ready to Move,Resale,Semi-Furnished,West,"Garden/Park, Main Road",Co-operative Society,27000000.0,960.0,1.0,3.0,1.0,0.0,mumbai,28125.0
2.60 Cr ,Ready to Move,Resale,Unfurnished,,,,26000000.0,720.0,0.0,2.0,0.0,0.0,mumbai,36111.11111111111
1.65 Cr ,Ready to Move,Resale,Semi-Furnished,East,"Garden/Park, Main Road",Freehold,16500000.0,648.0,3.0,2.0,0.0,1.0,mumbai,25462.962962962964
1.85 Cr ,Ready to Move,Resale,Unfurnished,East,,Co-operative Society,18500000.0,800.0,2.0,3.0,0.0,1.0,mumbai,23125.0
80 Lac ,Ready to Move,Resale,Semi-Furnished,,Garden/Park,,8000000.0,371.0,18.0,2.0,0.0,0.0,mumbai,21563.342318059298
3.10 Cr ,Ready to Move,New Property,Unfurnished,North,"Garden/Park, Pool, Main Road",Freehold,31000000.0,1088.0,21.0,3.0,3.0,2.0,mumbai,28492.647058823528
3.50 Cr ,Ready to Move,Resale,,,,,35000000.0,845.0,1.0,3.0,0.0,0.0,mumbai,41420.11834319527
87 Lac ,Ready to Move,New Property,Unfurnished,East,Garden/Park,Freehold,8700000.0,680.0,14.0,2.0,4.0,1.0,mumbai,12794.117647058823
37 Lac ,Ready to Move,Resale,Furnished,East,"Garden/Park, Main Road",Freehold,3700000.0,480.0,2.0,2.0,1.0,0.0,mumbai,7708.333333333333
1.15 Cr ,Ready to Move,Resale,Semi-Furnished,East,,Co-operative Society,11500000.0,420.0,7.0,1.0,1.0,1.0,mumbai,27380.95238095238
1.25 Cr ,Ready to Move,Resale,,East,"Garden/Park, Main Road",Co-operative Society,12500000.0,525.0,12.0,2.0,3.0,0.0,mumbai,23809.52380952381
1.65 Cr ,Ready to Move,Resale,Unfurnished,West,Garden/Park,Freehold,16500000.0,690.0,7.0,2.0,0.0,0.0,mumbai,23913.043478260868
1.94 Cr ,Ready to Move,Resale,Semi-Furnished,West,Main Road,Co-operative Society,19400000.0,663.0,3.0,2.0,0.0,1.0,mumbai,29260.935143288083
92 Lac ,Ready to Move,New Property,Semi-Furnished,North - East,"Garden/Park, Pool, Main Road",Freehold,9200000.0,673.0,15.0,2.0,0.0,1.0,mumbai,13670.133729569094
3.75 Cr ,Ready to Move,Resale,Unfurnished,North,"Garden/Park, Main Road",Freehold,37500000.0,1050.0,39.0,2.0,1.0,1.0,mumbai,35714.28571428572
2.10 Cr ,Ready to Move,Resale,Unfurnished,East,Main Road,Co-operative Society,21000000.0,700.0,7.0,2.0,3.0,1.0,mumbai,30000.0
2.35 Cr ,Ready to Move,Resale,Unfurnished,North - East,Garden/Park,Co-operative Society,23500000.0,615.0,5.0,2.0,0.0,0.0,mumbai,38211.382113821135
3.70 Cr ,Ready to Move,Resale,Unfurnished,East,"Garden/Park, Main Road",Freehold,37000000.0,1250.0,9.0,3.0,0.0,1.0,mumbai,29600.0
1.30 Cr ,Ready to Move,Resale,Unfurnished,East,Main Road,Freehold,13000000.0,365.0,2.0,2.0,0.0,0.0,mumbai,35616.438356164384
1.90 Cr ,Ready to Move,New Property,Unfurnished,East,Garden/Park,Freehold,19000000.0,750.0,9.0,2.0,0.0,1.0,mumbai,25333.333333333332
3.35 Cr ,Ready to Move,Resale,Furnished,North,Garden/Park,Freehold,33500000.0,1100.0,16.0,3.0,1.0,1.0,mumbai,30454.545454545456
3 Cr ,Ready to Move,Resale,Unfurnished,East,Main Road,Co-operative Society,30000000.0,888.0,14.0,2.0,1.0,1.0,mumbai,33783.78378378379
2.30 Cr ,Ready to Move,Resale,Semi-Furnished,North - East,Garden/Park,Freehold,23000000.0,750.0,18.0,2.0,0.0,2.0,mumbai,30666.666666666668
2.05 Cr ,Ready to Move,Resale,Semi-Furnished,North - East,Garden/Park,Freehold,20500000.0,750.0,13.0,2.0,0.0,2.0,mumbai,27333.333333333332
3.30 Cr ,Ready to Move,Resale,Furnished,East,Garden/Park,Co-operative Society,33000000.0,777.0,29.0,2.0,0.0,1.0,mumbai,42471.04247104247
80 Lac ,Ready to Move,Resale,Semi-Furnished,,,,8000000.0,596.0,0.0,2.0,0.0,0.0,mumbai,13422.818791946309
1.15 Cr ,Ready to Move,New Property,Furnished,North - East,"Garden/Park, Main Road",Freehold,11500000.0,435.0,9.0,2.0,0.0,1.0,mumbai,26436.7816091954
3.50 Cr ,Ready to Move,Resale,Unfurnished,West,"Pool, Garden/Park",Co-operative Society,35000000.0,1300.0,5.0,3.0,2.0,1.0,mumbai,26923.076923076922
7.35 Cr ,Ready to Move,New Property,Semi-Furnished,East,Main Road,Freehold,73500000.0,2005.0,10.0,4.0,4.0,2.0,mumbai,36658.35411471322
1.65 Cr ,Ready to Move,New Property,Unfurnished,East,Main Road,Co-operative Society,16500000.0,681.0,12.0,2.0,0.0,0.0,mumbai,24229.074889867843
1.90 Cr ,Ready to Move,Resale,Unfurnished,East,Garden/Park,Co-operative Society,19000000.0,650.0,4.0,2.0,1.0,1.0,mumbai,29230.76923076923
1.35 Cr ,Ready to Move,Resale,Furnished,,Garden/Park,Freehold,13500000.0,660.0,3.0,2.0,0.0,1.0,mumbai,20454.545454545456
2.10 Cr ,Ready to Move,Resale,Furnished,,,,21000000.0,752.0,10.0,2.0,0.0,0.0,mumbai,27925.531914893618
1.80 Cr ,Ready to Move,Resale,Unfurnished,East,Main Road,Co-operative Society,18000000.0,627.0,9.0,2.0,0.0,1.0,mumbai,28708.133971291867
49 Lac ,Ready to Move,Resale,Unfurnished,,,,4900000.0,880.0,6.0,2.0,1.0,0.0,mumbai,5568.181818181818
2.25 Cr ,Ready to Move,Resale,Semi-Furnished,East,Garden/Park,Freehold,22500000.0,1008.0,15.0,3.0,1.0,2.0,mumbai,22321.428571428572
2.25 Cr ,Ready to Move,Resale,Unfurnished,East,Main Road,Co-operative Society,22500000.0,671.0,16.0,2.0,0.0,1.0,mumbai,33532.04172876304
1.60 Cr ,Ready to Move,Resale,Unfurnished,East,Garden/Park,Freehold,16000000.0,558.0,7.0,2.0,0.0,1.0,mumbai,28673.83512544803
1.30 Cr ,Ready to Move,Resale,Unfurnished,,,,13000000.0,495.0,2.0,1.0,0.0,0.0,mumbai,26262.62626262626
36 Lac ,Ready to Move,Resale,Semi-Furnished,East,"Garden/Park, Main Road",Freehold,3600000.0,380.0,8.0,2.0,2.0,1.0,mumbai,9473.684210526315
1.29 Cr ,Ready to Move,New Property,Furnished,East,"Garden/Park, Pool, Main Road",Co-operative Society,12900000.0,471.0,15.0,2.0,0.0,1.0,mumbai,27388.535031847136
2.30 Cr ,Ready to Move,Resale,Semi-Furnished,North,Main Road,Co-operative Society,23000000.0,750.0,10.0,2.0,0.0,1.0,mumbai,30666.666666666668
70 Lac ,Ready to Move,Resale,Unfurnished,South -West,Main Road,Freehold,7000000.0,614.0,2.0,2.0,2.0,1.0,mumbai,11400.651465798046
95 Lac ,Ready to Move,Resale,Furnished,East,Garden/Park,Freehold,9500000.0,419.0,6.0,2.0,3.0,0.0,mumbai,22673.031026252982
1.68 Cr ,Ready to Move,Resale,Semi-Furnished,West,Main Road,Co-operative Society,16800000.0,665.0,7.0,2.0,1.0,1.0,mumbai,25263.157894736843
40 Lac ,Ready to Move,Resale,Semi-Furnished,East,"Garden/Park, Main Road",Freehold,4000000.0,750.0,1.0,2.0,2.0,0.0,mumbai,5333.333333333333
3.40 Cr ,Ready to Move,Resale,Furnished,,,,34000000.0,1640.0,8.0,3.0,0.0,0.0,mumbai,20731.70731707317
3.75 Cr ,Ready to Move,New Property,Unfurnished,East,"Garden/Park, Pool, Main Road",Freehold,37500000.0,1045.0,17.0,3.0,0.0,2.0,mumbai,35885.167464114835
86 Lac ,Ready to Move,Resale,Furnished,East,Main Road,Co-operative Society,8600000.0,421.0,7.0,2.0,0.0,1.0,mumbai,20427.55344418052
1.45 Cr ,Ready to Move,Resale,Unfurnished,East,Main Road,Freehold,14500000.0,389.0,-1.0,2.0,0.0,0.0,mumbai,37275.06426735219
40 Lac ,Ready to Move,Resale,Unfurnished,,,,4000000.0,1000.0,7.0,2.0,0.0,0.0,mumbai,4000.0
3.25 Cr ,Ready to Move,Resale,Semi-Furnished,,Garden/Park,Freehold,32500000.0,850.0,7.0,1.0,1.0,0.0,mumbai,38235.294117647056
2.20 Cr ,Ready to Move,Resale,Unfurnished,North,"Garden/Park, Pool, Main Road",Co-operative Society,22000000.0,750.0,12.0,3.0,0.0,1.0,mumbai,29333.333333333332
1.40 Cr ,Ready to Move,New Property,Semi-Furnished,East,"Garden/Park, Pool, Main Road",Freehold,14000000.0,378.0,11.0,2.0,0.0,1.0,mumbai,37037.03703703704
1.61 Cr ,Ready to Move,Resale,Unfurnished,,,,16100000.000000002,860.0,2.0,2.0,0.0,0.0,mumbai,18720.93023255814
1.75 Cr ,Ready to Move,Resale,Semi-Furnished,,Main Road,,17500000.0,1000.0,5.0,2.0,1.0,0.0,mumbai,17500.0
1 Cr ,Ready to Move,Other,Semi-Furnished,East,,Freehold,10000000.0,650.0,1.0,1.0,0.0,0.0,mumbai,15384.615384615385
4.25 Cr ,Ready to Move,Resale,Semi-Furnished,East,"Pool, Garden/Park, Main Road",Freehold,42500000.0,1100.0,,3.0,1.0,2.0,mumbai,38636.36363636364
90 Lac ,Ready to Move,Resale,Unfurnished,,Main Road,Co-operative Society,9000000.0,500.0,3.0,1.0,0.0,0.0,mumbai,18000.0
3 Cr ,Ready to Move,Resale,Semi-Furnished,North,"Garden/Park, Main Road, Pool",Freehold,30000000.0,1230.0,29.0,4.0,0.0,2.0,mumbai,24390.243902439026
2.36 Cr ,Ready to Move,New Property,Semi-Furnished,East,"Garden/Park, Pool, Main Road",Freehold,23600000.0,1002.0,30.0,3.0,3.0,1.0,mumbai,23552.894211576848
7.50 Cr ,Ready to Move,Resale,Semi-Furnished,North,"Garden/Park, Pool, Main Road",Freehold,75000000.0,2220.0,8.0,1.0,1.0,2.0,mumbai,33783.78378378379
1.30 Cr ,Ready to Move,Resale,Unfurnished,,,,13000000.0,500.0,,2.0,2.0,0.0,mumbai,26000.0
4.20 Cr ,Ready to Move,New Property,Semi-Furnished,,,,42000000.0,1610.0,10.0,4.0,2.0,0.0,mumbai,26086.956521739132
1.15 Cr ,Ready to Move,Resale,Unfurnished,North,Main Road,Freehold,11500000.0,450.0,,2.0,0.0,0.0,mumbai,25555.555555555555
1.05 Cr ,Ready to Move,Resale,Semi-Furnished,North - East,Main Road,Freehold,10500000.0,417.0,8.0,2.0,0.0,1.0,mumbai,25179.856115107912
88 Lac ,Ready to Move,Resale,Unfurnished,West,Main Road,Co-operative Society,8800000.0,369.0,5.0,2.0,0.0,0.0,mumbai,23848.238482384822
4.50 Cr ,Ready to Move,Resale,Unfurnished,South -West,Main Road,Freehold,45000000.0,1078.0,7.0,4.0,0.0,2.0,mumbai,41743.97031539889
1.80 Cr ,Ready to Move,Resale,Unfurnished,East,Main Road,Freehold,18000000.0,720.0,1.0,2.0,0.0,1.0,mumbai,25000.0
40 Lac ,Ready to Move,Resale,Unfurnished,North - East,Garden/Park,Freehold,4000000.0,466.0,7.0,2.0,3.0,1.0,mumbai,8583.690987124464
3 Cr ,Ready to Move,New Property,Furnished,,Garden/Park,Leasehold,30000000.0,990.0,14.0,2.0,3.0,0.0,mumbai,30303.030303030304
50 Lac ,Ready to Move,Resale,Furnished,North,"Garden/Park, Main Road",Freehold,5000000.0,535.0,,2.0,3.0,0.0,mumbai,9345.794392523365
1.56 Cr ,Ready to Move,New Property,Unfurnished,East,Main Road,Freehold,15600000.0,624.0,8.0,2.0,0.0,1.0,mumbai,25000.0
2.50 Cr ,Ready to Move,Resale,Furnished,North,"Pool, Garden/Park, Main Road",Freehold,25000000.0,750.0,5.0,2.0,1.0,0.0,mumbai,33333.333333333336
89 Lac ,Ready to Move,New Property,Unfurnished,East,Main Road,Freehold,8900000.0,408.0,8.0,2.0,0.0,1.0,mumbai,21813.725490196077
2.50 Cr ,Ready to Move,Resale,Semi-Furnished,East,Garden/Park,Freehold,25000000.0,780.0,15.0,2.0,0.0,1.0,mumbai,32051.28205128205
1.85 Cr ,Ready to Move,Resale,Furnished,East,Garden/Park,Co-operative Society,18500000.0,985.0,3.0,2.0,1.0,1.0,mumbai,18781.725888324872
2.70 Cr ,Ready to Move,Resale,Unfurnished,East,"Garden/Park, Main Road",,27000000.0,1000.0,7.0,3.0,4.0,0.0,mumbai,27000.0
1.07 Cr ,Ready to Move,Resale,Semi-Furnished,East,Main Road,Co-operative Society,10700000.0,500.0,1.0,2.0,3.0,1.0,mumbai,21400.0
1.50 Cr ,Ready to Move,Resale,Semi-Furnished,East,Main Road,Freehold,15000000.0,690.0,3.0,2.0,0.0,0.0,mumbai,21739.130434782608
72 Lac ,Ready to Move,Resale,Unfurnished,East,"Garden/Park, Pool",Freehold,7200000.0,455.0,12.0,2.0,1.0,1.0,mumbai,15824.175824175823
1.40 Cr ,Ready to Move,Resale,Unfurnished,East,Main Road,Freehold,14000000.0,509.0,7.0,2.0,0.0,0.0,mumbai,27504.911591355598
8.50 Cr ,Ready to Move,New Property,Furnished,East,Main Road,Freehold,85000000.0,2950.0,1.0,7.0,1.0,3.0,mumbai,28813.5593220339
47 Lac ,Ready to Move,Resale,Semi-Furnished,North - East,Garden/Park,Freehold,4700000.0,425.0,3.0,2.0,2.0,1.0,mumbai,11058.823529411764
60 Lac ,Ready to Move,Resale,Unfurnished,East,"Garden/Park, Main Road",Co-operative Society,6000000.0,300.0,3.0,1.0,0.0,0.0,mumbai,20000.0
3.10 Cr ,Ready to Move,Resale,Unfurnished,,,Co-operative Society,31000000.0,990.0,3.0,3.0,1.0,0.0,mumbai,31313.131313131315
1.11 Cr ,Ready to Move,Resale,Unfurnished,East,"Garden/Park, Main Road",Co-operative Society,11100000.000000002,600.0,4.0,2.0,2.0,0.0,mumbai,18500.000000000004
1.20 Cr ,Ready to Move,Resale,Semi-Furnished,East,Garden/Park,Freehold,12000000.0,430.0,11.0,2.0,0.0,0.0,mumbai,27906.976744186046
55 Lac ,Ready to Move,Resale,Semi-Furnished,,,,5500000.0,385.0,3.0,1.0,0.0,0.0,mumbai,14285.714285714286
60 Lac ,Ready to Move,New Property,Unfurnished,North - East,"Garden/Park, Main Road",Freehold,6000000.0,615.0,2.0,2.0,1.0,1.0,mumbai,9756.09756097561
2.25 Cr ,Ready to Move,Resale,Semi-Furnished,East,Garden/Park,Co-operative Society,22500000.0,710.0,4.0,2.0,3.0,1.0,mumbai,31690.140845070422
3.25 Cr ,Ready to Move,New Property,Unfurnished,South - East,"Garden/Park, Main Road",Freehold,32500000.0,1048.0,16.0,3.0,1.0,2.0,mumbai,31011.450381679388
1.70 Cr ,Ready to Move,Resale,Furnished,East,Main Road,Freehold,17000000.0,700.0,3.0,2.0,0.0,0.0,mumbai,24285.714285714286
4 Cr ,Ready to Move,Resale,Furnished,,,,40000000.0,1457.0,5.0,3.0,0.0,0.0,mumbai,27453.671928620453
5.75 Cr ,Ready to Move,Resale,Furnished,East,Garden/Park,Co-operative Society,57500000.0,1580.0,4.0,5.0,2.0,2.0,mumbai,36392.40506329114
68 Lac ,Ready to Move,Resale,Unfurnished,,"Garden/Park, Main Road",,6800000.0,272.0,21.0,1.0,0.0,0.0,mumbai,25000.0
40 Lac ,Ready to Move,Resale,Furnished,,,,4000000.0,175.0,0.0,1.0,0.0,0.0,mumbai,22857.14285714286
1.60 Cr ,Ready to Move,Resale,Furnished,East,Main Road,Co-operative Society,16000000.0,400.0,1.0,2.0,0.0,0.0,mumbai,40000.0
1.82 Cr ,Ready to Move,Resale,Semi-Furnished,North - East,"Pool, Garden/Park",Freehold,18200000.0,650.0,18.0,2.0,0.0,1.0,mumbai,28000.0
3.25 Cr ,Ready to Move,Resale,Unfurnished,East,"Pool, Garden/Park, Main Road",Leasehold,32500000.0,1255.0,34.0,3.0,2.0,0.0,mumbai,25896.414342629483
65 Lac ,Ready to Move,Resale,Semi-Furnished,,,,6500000.0,742.0,6.0,1.0,0.0,0.0,mumbai,8760.10781671159
3.20 Cr ,Ready to Move,Resale,Unfurnished,East,,Freehold,32000000.0,1000.0,6.0,3.0,2.0,1.0,mumbai,32000.0
3.40 Cr ,Ready to Move,Resale,Unfurnished,East,"Garden/Park, Main Road",Co-operative Society,34000000.0,840.0,4.0,2.0,2.0,1.0,mumbai,40476.19047619047
8.04 Cr ,Ready to Move,New Property,Unfurnished,East,"Pool, Garden/Park, Main Road",Freehold,80399999.99999999,2000.0,16.0,4.0,4.0,2.0,mumbai,40199.99999999999
3.48 Cr ,Ready to Move,New Property,Semi-Furnished,East,"Garden/Park, Pool, Main Road",Freehold,34800000.0,864.0,30.0,2.0,0.0,0.0,mumbai,40277.77777777778
2.75 Cr ,Ready to Move,Resale,Semi-Furnished,South,"Garden/Park, Main Road",Freehold,27500000.0,773.0,4.0,2.0,0.0,0.0,mumbai,35575.67917205692
88 Lac ,Ready to Move,Resale,Semi-Furnished,East,,Freehold,8800000.0,416.0,7.0,1.0,0.0,1.0,mumbai,21153.846153846152
2.25 Cr ,Ready to Move,Resale,Semi-Furnished,East,Main Road,Co-operative Society,22500000.0,1000.0,5.0,3.0,1.0,1.0,mumbai,22500.0
3.15 Cr ,Ready to Move,Resale,Semi-Furnished,East,"Garden/Park, Main Road",Freehold,31500000.0,745.0,5.0,2.0,3.0,1.0,mumbai,42281.87919463087
99 Lac ,Ready to Move,New Property,Unfurnished,East,"Garden/Park, Main Road",Freehold,9900000.0,333.0,10.0,1.0,0.0,0.0,mumbai,29729.72972972973
1.03 Cr ,Ready to Move,Resale,,North - East,Main Road,Co-operative Society,10300000.0,450.0,2.0,2.0,0.0,1.0,mumbai,22888.88888888889
90 Lac ,Ready to Move,Resale,Semi-Furnished,North - East,Main Road,Co-operative Society,9000000.0,499.0,15.0,2.0,0.0,1.0,mumbai,18036.072144288577
3.22 Cr ,Ready to Move,Resale,Unfurnished,East,"Garden/Park, Pool",Freehold,32200000.000000004,1359.0,16.0,3.0,1.0,0.0,mumbai,23693.892568064755
1.25 Cr ,Ready to Move,Resale,Unfurnished,South -West,Garden/Park,Freehold,12500000.0,650.0,2.0,2.0,4.0,0.0,mumbai,19230.76923076923
6.06 Cr ,Ready to Move,New Property,Semi-Furnished,North,"Garden/Park, Main Road",Co-operative Society,60599999.99999999,1681.0,,5.0,2.0,1.0,mumbai,36049.970255800115
36.5 Lac ,Ready to Move,Resale,Semi-Furnished,North - East,Garden/Park,Co-operative Society,3650000.0,486.0,10.0,2.0,1.0,0.0,mumbai,7510.288065843622
47 Lac ,Ready to Move,New Property,Semi-Furnished,East,"Garden/Park, Main Road",Freehold,4700000.0,492.0,7.0,2.0,2.0,1.0,mumbai,9552.845528455284
1.60 Cr ,Ready to Move,Resale,Furnished,,,,16000000.0,900.0,7.0,2.0,0.0,0.0,mumbai,17777.777777777777
1.68 Cr ,Ready to Move,Resale,Semi-Furnished,North,Main Road,Freehold,16800000.0,760.0,10.0,2.0,2.0,1.0,mumbai,22105.263157894737
1.50 Cr ,Ready to Move,Resale,Semi-Furnished,,,,15000000.0,548.9639999999999,21.0,2.0,0.0,0.0,mumbai,27324.19612215009
1.90 Cr ,Ready to Move,Resale,Semi-Furnished,East,Garden/Park,Co-operative Society,19000000.0,710.0,5.0,2.0,2.0,1.0,mumbai,26760.563380281692
7 Cr ,Ready to Move,Resale,Semi-Furnished,North - West,Garden/Park,Freehold,70000000.0,2320.0,7.0,1.0,1.0,2.0,mumbai,30172.41379310345
2.15 Cr ,Ready to Move,New Property,Unfurnished,East,Garden/Park,Freehold,21500000.0,637.0,15.0,2.0,0.0,0.0,mumbai,33751.96232339089
3.18 Cr ,Ready to Move,Resale,Unfurnished,,Garden/Park,Freehold,31800000.0,1100.0,10.0,3.0,2.0,0.0,mumbai,28909.090909090908
1.33 Cr ,Ready to Move,Resale,Unfurnished,East,"Garden/Park, Main Road",Freehold,13300000.0,495.0,4.0,2.0,1.0,0.0,mumbai,26868.68686868687
69.9 Lac ,Ready to Move,New Property,Unfurnished,East,"Garden/Park, Main Road",Freehold,6990000.000000001,323.0,8.0,2.0,0.0,1.0,mumbai,21640.866873065017
3 Cr ,Ready to Move,Resale,Semi-Furnished,East,Garden/Park,Freehold,30000000.0,1068.0,7.0,2.0,1.0,2.0,mumbai,28089.887640449437
2.85 Cr ,Ready to Move,Resale,Unfurnished,East,"Garden/Park, Main Road",Freehold,28500000.0,1000.0,15.0,2.0,1.0,1.0,mumbai,28500.0
1.50 Cr ,Ready to Move,New Property,Semi-Furnished,,,,15000000.0,850.0,6.0,2.0,0.0,0.0,mumbai,17647.058823529413
1.79 Cr ,Ready to Move,Resale,Unfurnished,,,,17900000.0,1250.0,14.0,2.0,0.0,0.0,mumbai,14320.0
1.80 Cr ,Ready to Move,Resale,Unfurnished,,,,18000000.0,1100.0,10.0,2.0,0.0,0.0,mumbai,16363.636363636364
1.85 Cr ,Ready to Move,Resale,Furnished,,,,18500000.0,1250.0,3.0,2.0,0.0,0.0,mumbai,14800.0
2.85 Cr ,Ready to Move,Resale,Semi-Furnished,East,Main Road,Co-operative Society,28500000.0,912.0,25.0,2.0,2.0,1.0,mumbai,31250.0
2.40 Cr ,Ready to Move,Resale,Unfurnished,East,Main Road,Freehold,24000000.0,982.0,25.0,2.0,2.0,1.0,mumbai,24439.918533604887
3 Cr ,Ready to Move,New Property,Unfurnished,West,"Pool, Garden/Park",Freehold,30000000.0,864.0,18.0,2.0,0.0,1.0,mumbai,34722.22222222222
2.90 Cr ,Ready to Move,Resale,Unfurnished,West,Main Road,Freehold,29000000.0,1131.0,29.0,3.0,3.0,1.0,mumbai,25641.02564102564
1.16 Cr ,Ready to Move,New Property,Unfurnished,East,"Garden/Park, Main Road",Freehold,11600000.0,561.0,20.0,2.0,0.0,0.0,mumbai,20677.36185383244
36 Cr ,Ready to Move,Resale,Unfurnished,East,"Pool, Garden/Park, Main Road",Freehold,360000000.0,15000.0,40.0,10.0,0.0,8.0,mumbai,24000.0
1.15 Cr ,Ready to Move,New Property,Unfurnished,East,"Garden/Park, Main Road",Freehold,11500000.0,561.0,16.0,2.0,0.0,1.0,mumbai,20499.108734402853
1.15 Cr ,Ready to Move,New Property,Unfurnished,East,"Garden/Park, Main Road",Freehold,11500000.0,573.0,21.0,2.0,0.0,1.0,mumbai,20069.808027923213
4.06 Cr ,Ready to Move,New Property,Unfurnished,East,Main Road,Freehold,40599999.99999999,1800.0,8.0,4.0,5.0,2.0,mumbai,22555.55555555555
35.6 Lac ,Ready to Move,Resale,Furnished,,,,3560000.0,450.0,,2.0,0.0,0.0,mumbai,7911.111111111111
1.45 Cr ,Ready to Move,Resale,Semi-Furnished,North - West,Garden/Park,Freehold,14500000.0,480.0,3.0,2.0,0.0,0.0,mumbai,30208.333333333332
3.85 Cr ,Ready to Move,Resale,Semi-Furnished,West,Main Road,Co-operative Society,38500000.0,1000.0,15.0,3.0,0.0,1.0,mumbai,38500.0
4.05 Cr ,Ready to Move,New Property,Unfurnished,North,"Garden/Park, Pool, Main Road",Freehold,40500000.0,1118.0,21.0,3.0,0.0,1.0,mumbai,36225.40250447227
8.85 Cr ,Ready to Move,Resale,Unfurnished,East,"Garden/Park, Pool, Main Road",Freehold,88500000.0,2075.0,27.0,5.0,2.0,0.0,mumbai,42650.60240963855
2.95 Cr ,Ready to Move,Resale,Unfurnished,East,Main Road,Freehold,29500000.0,800.0,10.0,2.0,0.0,1.0,mumbai,36875.0
2.15 Cr ,Ready to Move,Resale,Furnished,East,"Garden/Park, Main Road",Power Of Attorney,21500000.0,700.0,5.0,2.0,0.0,1.0,mumbai,30714.285714285714
4.80 Cr ,Ready to Move,Resale,Furnished,North,"Garden/Park, Main Road",Freehold,48000000.0,1150.0,10.0,3.0,0.0,2.0,mumbai,41739.13043478261
80 Lac ,Ready to Move,Resale,Unfurnished,East,,Co-operative Society,8000000.0,350.0,7.0,1.0,1.0,0.0,mumbai,22857.14285714286
7.50 Cr ,Ready to Move,Resale,Semi-Furnished,,Garden/Park,Freehold,75000000.0,1800.0,10.0,4.0,0.0,0.0,mumbai,41666.666666666664
2.99 Cr ,Ready to Move,Resale,Semi-Furnished,East,"Garden/Park, Main Road",Freehold,29900000.000000004,955.0,32.0,2.0,3.0,1.0,mumbai,31308.900523560213
85 Lac ,Ready to Move,Resale,Furnished,,,,8500000.0,420.0,3.0,1.0,0.0,0.0,mumbai,20238.095238095237
2.49 Cr ,Ready to Move,Resale,Unfurnished,East,"Garden/Park, Pool, Main Road",Freehold,24900000.000000004,753.0,5.0,2.0,1.0,1.0,mumbai,33067.72908366534
3.21 Cr ,Ready to Move,Resale,Unfurnished,West,Main Road,Co-operative Society,32100000.0,1050.0,9.0,3.0,2.0,1.0,mumbai,30571.428571428572
1 Cr ,Ready to Move,Resale,Unfurnished,,,,10000000.0,436.0,10.0,2.0,0.0,0.0,mumbai,22935.77981651376
45 Lac ,Ready to Move,Resale,Semi-Furnished,,,,4500000.0,470.0,2.0,1.0,0.0,0.0,mumbai,9574.468085106382
1.80 Cr ,Ready to Move,Resale,Semi-Furnished,East,Garden/Park,Co-operative Society,18000000.0,690.0,8.0,2.0,1.0,1.0,mumbai,26086.956521739132
4.85 Cr ,Ready to Move,Resale,Furnished,East,Garden/Park,Co-operative Society,48500000.0,1375.0,1.0,4.0,1.0,0.0,mumbai,35272.72727272727
1.51 Cr ,Ready to Move,Resale,Semi-Furnished,,Garden/Park,Co-operative Society,15100000.0,620.0,1.0,2.0,3.0,0.0,mumbai,24354.83870967742
3.30 Cr ,Ready to Move,Resale,Unfurnished,East,"Garden/Park, Main Road",Freehold,33000000.0,1463.0,14.0,1.0,0.0,0.0,mumbai,22556.39097744361
3.46 Cr ,Ready to Move,Resale,Unfurnished,North - East,Garden/Park,Freehold,34600000.0,1500.0,10.0,3.0,1.0,1.0,mumbai,23066.666666666668
1.22 Cr ,Ready to Move,Resale,Unfurnished,East,"Garden/Park, Pool, Main Road",Co-operative Society,12200000.0,452.0,6.0,2.0,0.0,1.0,mumbai,26991.150442477876
97 Lac ,Ready to Move,Resale,Unfurnished,North,,Freehold,9700000.0,422.0,4.0,1.0,0.0,0.0,mumbai,22985.781990521325
2.49 Cr ,Ready to Move,New Property,Unfurnished,West,Main Road,Freehold,24900000.000000004,783.0,19.0,2.0,1.0,1.0,mumbai,31800.76628352491
90 Lac ,Ready to Move,Resale,Furnished,,,,9000000.0,385.0,7.0,1.0,0.0,0.0,mumbai,23376.623376623378
38 Lac ,Ready to Move,Resale,Semi-Furnished,,,,3800000.0,750.0,7.0,2.0,3.0,0.0,mumbai,5066.666666666667
3.50 Cr ,Ready to Move,Resale,Unfurnished,East,Main Road,Freehold,35000000.0,1280.0,2.0,3.0,3.0,1.0,mumbai,27343.75
4.81 Cr ,Ready to Move,New Property,Semi-Furnished,East,"Garden/Park, Main Road",Freehold,48099999.99999999,1785.0,12.0,5.0,0.0,3.0,mumbai,26946.77871148459
3.35 Cr ,Ready to Move,Resale,Semi-Furnished,North - East,"Garden/Park, Pool, Main Road",Co-operative Society,33500000.0,1130.0,11.0,3.0,3.0,1.0,mumbai,29646.017699115044
62 Lac ,Ready to Move,Resale,Unfurnished,East,"Garden/Park, Main Road",Freehold,6200000.0,400.0,1.0,2.0,2.0,1.0,mumbai,15500.0
1 Cr ,Ready to Move,Resale,Semi-Furnished,East,Garden/Park,Co-operative Society,10000000.0,425.0,2.0,2.0,0.0,1.0,mumbai,23529.41176470588
1.90 Cr ,Ready to Move,Resale,Furnished,,,,19000000.0,1000.0,3.0,2.0,0.0,0.0,mumbai,19000.0
2 Cr ,Ready to Move,Resale,Semi-Furnished,,,,20000000.0,1050.0,5.0,2.0,0.0,0.0,mumbai,19047.619047619046
2.10 Cr ,Ready to Move,Resale,Unfurnished,,,,21000000.0,850.0,5.0,2.0,0.0,0.0,mumbai,24705.882352941175
2.10 Cr ,Ready to Move,Resale,Semi-Furnished,,,,21000000.0,1050.0,6.0,2.0,0.0,0.0,mumbai,20000.0
2.25 Cr ,Ready to Move,Resale,Unfurnished,,,,22500000.0,1000.0,5.0,2.0,0.0,0.0,mumbai,22500.0
1.79 Cr ,Ready to Move,Resale,Unfurnished,,,,17900000.0,915.0,7.0,2.0,0.0,0.0,mumbai,19562.841530054644
1.80 Cr ,Ready to Move,Resale,Unfurnished,,,,18000000.0,1000.0,7.0,2.0,0.0,0.0,mumbai,18000.0
1.80 Cr ,Ready to Move,Resale,Unfurnished,,,,18000000.0,915.0,7.0,2.0,0.0,0.0,mumbai,19672.131147540982
2 Cr ,Ready to Move,Resale,Furnished,West,Main Road,Freehold,20000000.0,606.0,1.0,2.0,1.0,1.0,mumbai,33003.300330033
98 Lac ,Ready to Move,Resale,Unfurnished,North,"Garden/Park, Main Road",Co-operative Society,9800000.0,675.0,2.0,2.0,1.0,1.0,mumbai,14518.518518518518
44 Lac ,Ready to Move,Resale,Unfurnished,,,,4400000.0,610.0,5.0,2.0,0.0,0.0,mumbai,7213.11475409836
1.15 Cr ,Ready to Move,Resale,Furnished,,,,11500000.0,550.0,0.0,1.0,0.0,0.0,mumbai,20909.090909090908
2.79 Cr ,Ready to Move,Resale,Furnished,East,,Freehold,27900000.0,1350.0,5.0,3.0,0.0,0.0,mumbai,20666.666666666668
2.60 Cr ,Ready to Move,Resale,Unfurnished,East,"Garden/Park, Main Road",Co-operative Society,26000000.0,708.0,5.0,2.0,0.0,1.0,mumbai,36723.16384180791
51 Lac ,Ready to Move,Resale,Semi-Furnished,North,Main Road,Co-operative Society,5100000.0,300.0,7.0,2.0,0.0,1.0,mumbai,17000.0
88 Lac ,Ready to Move,Resale,Unfurnished,East,"Garden/Park, Main Road",Freehold,8800000.0,600.0,3.0,2.0,3.0,1.0,mumbai,14666.666666666666
4.67 Cr ,Ready to Move,New Property,Unfurnished,East,"Garden/Park, Pool, Main Road",Freehold,46700000.0,1128.0,17.0,4.0,1.0,2.0,mumbai,41400.70921985816
2.85 Cr ,Ready to Move,Resale,Unfurnished,East,"Garden/Park, Pool, Main Road",Leasehold,28500000.0,925.0,16.0,2.0,3.0,1.0,mumbai,30810.81081081081
2.90 Cr ,Ready to Move,Resale,Unfurnished,West,"Garden/Park, Pool, Main Road",Leasehold,29000000.0,925.0,30.0,2.0,3.0,1.0,mumbai,31351.35135135135
3.85 Cr ,Ready to Move,Resale,Unfurnished,East,"Garden/Park, Pool, Main Road",Leasehold,38500000.0,1330.0,34.0,4.0,4.0,2.0,mumbai,28947.36842105263
3.50 Cr ,Ready to Move,Resale,Unfurnished,East,"Garden/Park, Pool, Main Road",Leasehold,35000000.0,1100.0,35.0,2.0,4.0,1.0,mumbai,31818.18181818182
1.55 Cr ,Ready to Move,Resale,Unfurnished,South,"Garden/Park, Pool, Main Road",Leasehold,15500000.0,486.0,12.0,1.0,2.0,1.0,mumbai,31893.004115226337
2.25 Cr ,Ready to Move,Resale,Unfurnished,West,,Co-operative Society,22500000.0,882.0,4.0,2.0,0.0,1.0,mumbai,25510.20408163265
2.70 Cr ,Ready to Move,New Property,Unfurnished,South -West,"Garden/Park, Main Road",Freehold,27000000.0,1152.0,7.0,3.0,0.0,1.0,mumbai,23437.5
1.15 Cr ,Ready to Move,New Property,Unfurnished,East,"Garden/Park, Pool, Main Road",Freehold,11500000.0,735.0,10.0,2.0,4.0,0.0,mumbai,15646.258503401361
16 Lac ,Ready to Move,Resale,Unfurnished,,,,1600000.0,430.0,1.0,1.0,0.0,0.0,mumbai,3720.9302325581393
69 Lac ,Ready to Move,Resale,Semi-Furnished,,,,6900000.0,388.0,1.0,2.0,0.0,0.0,mumbai,17783.505154639177
1.25 Cr ,Ready to Move,Resale,Semi-Furnished,East,"Garden/Park, Main Road",Co-operative Society,12500000.0,650.0,4.0,2.0,3.0,1.0,mumbai,19230.76923076923
1.40 Cr ,Ready to Move,Resale,Semi-Furnished,East,,Co-operative Society,14000000.0,575.0,0.0,2.0,0.0,0.0,mumbai,24347.82608695652
2.85 Cr ,Ready to Move,Resale,Semi-Furnished,East,"Garden/Park, Pool, Main Road",Leasehold,28500000.0,955.0,,2.0,2.0,1.0,mumbai,29842.931937172776
6 Cr ,Ready to Move,Resale,Semi-Furnished,West,"Garden/Park, Pool, Main Road",Leasehold,60000000.0,1650.0,,4.0,1.0,2.0,mumbai,36363.63636363636
1.30 Cr ,Ready to Move,New Property,Unfurnished,North - East,"Garden/Park, Pool, Main Road",Freehold,13000000.0,811.0,10.0,3.0,5.0,1.0,mumbai,16029.593094944514
1.35 Cr ,Ready to Move,Resale,Furnished,,,,13500000.0,830.0,5.0,2.0,0.0,0.0,mumbai,16265.060240963856
3.40 Cr ,Ready to Move,New Property,Unfurnished,East,"Garden/Park, Pool, Main Road",Co-operative Society,34000000.0,913.0,3.0,2.0,1.0,1.0,mumbai,37239.86856516977
8 Cr ,Ready to Move,New Property,Unfurnished,,,,80000000.0,3100.0,11.0,4.0,0.0,0.0,mumbai,25806.451612903227
1.30 Cr ,Ready to Move,Resale,Unfurnished,,,,13000000.0,515.0,1.0,2.0,0.0,0.0,mumbai,25242.718446601943
1.75 Cr ,Ready to Move,Resale,Semi-Furnished,East,Garden/Park,Co-operative Society,17500000.0,750.0,4.0,2.0,1.0,1.0,mumbai,23333.333333333332
40 Lac ,Ready to Move,Resale,,,,,4000000.0,555.0,4.0,1.0,1.0,0.0,mumbai,7207.207207207207
65 Lac ,Ready to Move,Resale,Semi-Furnished,,,,6500000.0,1100.0,1.0,2.0,4.0,1.0,mumbai,5909.090909090909
1.70 Cr ,Ready to Move,Resale,Unfurnished,,,Co-operative Society,17000000.0,590.0,4.0,2.0,0.0,1.0,mumbai,28813.5593220339
1.34 Cr ,Ready to Move,New Property,Unfurnished,East,Garden/Park,Freehold,13400000.0,495.0,6.0,2.0,0.0,1.0,mumbai,27070.70707070707
1.46 Cr ,Ready to Move,Resale,Furnished,East,Main Road,Freehold,14600000.0,450.0,4.0,2.0,0.0,1.0,mumbai,32444.444444444445
85 Lac ,Ready to Move,New Property,Unfurnished,North,Main Road,Co-operative Society,8500000.0,354.0,8.0,2.0,0.0,1.0,mumbai,24011.29943502825
2.85 Cr ,Ready to Move,Resale,Furnished,East,"Garden/Park, Main Road",Co-operative Society,28500000.0,1050.0,1.0,3.0,1.0,1.0,mumbai,27142.85714285714
65 Lac ,Ready to Move,New Property,Semi-Furnished,East,"Garden/Park, Main Road",Freehold,6500000.0,480.0,11.0,2.0,3.0,1.0,mumbai,13541.666666666666
99.5 Lac ,Ready to Move,Resale,Unfurnished,East,"Garden/Park, Pool",Freehold,9950000.0,650.0,10.0,2.0,2.0,1.0,mumbai,15307.692307692309
2.75 Cr ,Ready to Move,Resale,Unfurnished,East,Main Road,Co-operative Society,27500000.0,700.0,5.0,2.0,0.0,0.0,mumbai,39285.71428571428
3.85 Cr ,Ready to Move,New Property,Unfurnished,East,Garden/Park,Freehold,38500000.0,1120.0,19.0,4.0,1.0,1.0,mumbai,34375.0
65 Lac ,Ready to Move,Resale,Semi-Furnished,North - East,"Garden/Park, Main Road",Co-operative Society,6500000.0,840.0,1.0,2.0,3.0,1.0,mumbai,7738.0952380952385
2.90 Cr ,Ready to Move,Resale,Unfurnished,East,"Garden/Park, Pool, Main Road",Freehold,29000000.0,750.0,11.0,2.0,1.0,1.0,mumbai,38666.666666666664
95 Lac ,Ready to Move,Resale,Unfurnished,East,Main Road,Freehold,9500000.0,450.0,3.0,2.0,0.0,0.0,mumbai,21111.11111111111
2.25 Cr ,Ready to Move,Resale,Unfurnished,,,Co-operative Society,22500000.0,713.0,4.0,2.0,1.0,0.0,mumbai,31556.80224403927
4 Cr ,Ready to Move,Resale,Unfurnished,East,"Garden/Park, Main Road",Freehold,40000000.0,1201.0,18.0,1.0,1.0,1.0,mumbai,33305.578684429645
96 Lac ,Ready to Move,Resale,Unfurnished,North,"Garden/Park, Main Road",Co-operative Society,9600000.0,440.0,4.0,2.0,0.0,1.0,mumbai,21818.18181818182
1.91 Cr ,Ready to Move,Resale,Unfurnished,East,"Garden/Park, Pool, Main Road",Freehold,19100000.0,640.0,,2.0,1.0,1.0,mumbai,29843.75
3.25 Cr ,Ready to Move,Resale,Semi-Furnished,East,Main Road,Co-operative Society,32500000.0,970.0,6.0,2.0,1.0,1.0,mumbai,33505.154639175256
1.05 Cr ,Ready to Move,Resale,Unfurnished,East,Main Road,Freehold,10500000.0,520.0,1.0,1.0,0.0,1.0,mumbai,20192.30769230769
1.15 Cr ,Ready to Move,New Property,Furnished,East,"Garden/Park, Main Road",Freehold,11500000.0,432.0,3.0,2.0,0.0,1.0,mumbai,26620.37037037037
4 Cr ,Ready to Move,Resale,Furnished,South,,Freehold,40000000.0,1100.0,4.0,3.0,0.0,0.0,mumbai,36363.63636363636
1.75 Cr ,Ready to Move,Resale,Unfurnished,East,Garden/Park,Freehold,17500000.0,720.0,9.0,2.0,2.0,1.0,mumbai,24305.555555555555
1.35 Cr ,Ready to Move,Resale,Semi-Furnished,North - East,Garden/Park,Freehold,13500000.0,435.0,4.0,2.0,0.0,1.0,mumbai,31034.48275862069
85 Lac ,Ready to Move,Resale,Semi-Furnished,East,"Garden/Park, Main Road",Co-operative Society,8500000.0,680.0,6.0,2.0,4.0,1.0,mumbai,12500.0
2.50 Cr ,Ready to Move,New Property,Unfurnished,North - East,Garden/Park,Freehold,25000000.0,1000.0,16.0,3.0,0.0,2.0,mumbai,25000.0
4.01 Cr ,Ready to Move,New Property,Unfurnished,North - East,Garden/Park,Freehold,40100000.0,1450.0,11.0,4.0,0.0,4.0,mumbai,27655.172413793105
1.75 Cr ,Ready to Move,New Property,Unfurnished,North - East,Main Road,Freehold,17500000.0,663.0,15.0,2.0,0.0,1.0,mumbai,26395.173453996984
87 Lac ,Ready to Move,New Property,Furnished,East,Garden/Park,Co-operative Society,8700000.0,373.0,13.0,2.0,0.0,0.0,mumbai,23324.396782841824
2.25 Cr ,Ready to Move,Resale,Unfurnished,,,,22500000.0,653.0,12.0,2.0,0.0,0.0,mumbai,34456.35528330781
2.55 Cr ,Ready to Move,New Property,Unfurnished,North,Main Road,Co-operative Society,25500000.0,696.0,6.0,2.0,0.0,1.0,mumbai,36637.93103448276
1.15 Cr ,Ready to Move,New Property,Unfurnished,North - West,Main Road,Freehold,11500000.0,422.0,10.0,2.0,0.0,0.0,mumbai,27251.18483412322
1.69 Cr ,Ready to Move,New Property,Unfurnished,South,Garden/Park,Freehold,16900000.0,575.0,10.0,2.0,0.0,1.0,mumbai,29391.304347826088
3.07 Cr ,Ready to Move,New Property,Unfurnished,East,"Garden/Park, Pool, Main Road",Freehold,30700000.0,1122.0,20.0,3.0,1.0,2.0,mumbai,27361.853832442066
2.20 Cr ,Ready to Move,Resale,Semi-Furnished,North - East,Garden/Park,Freehold,22000000.0,700.0,22.0,2.0,0.0,1.0,mumbai,31428.571428571428
6.30 Cr ,Ready to Move,Resale,Unfurnished,East,"Garden/Park, Main Road",Freehold,63000000.0,1764.0,28.0,3.0,2.0,2.0,mumbai,35714.28571428572
1.75 Cr ,Ready to Move,Resale,Semi-Furnished,East,Main Road,Freehold,17500000.0,750.0,1.0,2.0,0.0,1.0,mumbai,23333.333333333332
1 Cr ,Ready to Move,Resale,Unfurnished,East,Main Road,Freehold,10000000.0,440.0,6.0,2.0,0.0,1.0,mumbai,22727.272727272728
1.80 Cr ,Ready to Move,Resale,Unfurnished,East,"Garden/Park, Pool, Main Road",Freehold,18000000.0,564.0,17.0,2.0,1.0,0.0,mumbai,31914.893617021276
90 Lac ,Ready to Move,Resale,Unfurnished,East,,Freehold,9000000.0,420.0,5.0,2.0,0.0,0.0,mumbai,21428.571428571428
1.90 Cr ,Ready to Move,New Property,Unfurnished,East,"Garden/Park, Main Road",Freehold,19000000.0,797.0,24.0,2.0,0.0,1.0,mumbai,23839.39774153074
28 Lac ,Ready to Move,Resale,Unfurnished,East,"Garden/Park, Main Road",Freehold,2800000.0,412.0,9.0,2.0,2.0,0.0,mumbai,6796.116504854369
85.3 Lac ,Ready to Move,Resale,Unfurnished,West,"Garden/Park, Main Road",Freehold,8530000.0,700.0,12.0,2.0,3.0,0.0,mumbai,12185.714285714286
85 Lac ,Ready to Move,Resale,Semi-Furnished,East,Garden/Park,Freehold,8500000.0,575.0,9.0,2.0,1.0,1.0,mumbai,14782.608695652174
1.60 Cr ,Ready to Move,Resale,Unfurnished,East,"Garden/Park, Main Road",Freehold,16000000.0,710.0,5.0,2.0,0.0,1.0,mumbai,22535.211267605635
3.50 Cr ,Ready to Move,Resale,Furnished,,,,35000000.0,1600.0,5.0,2.0,0.0,0.0,mumbai,21875.0
57 Lac ,Ready to Move,Resale,Unfurnished,,,,5700000.0,750.0,2.0,1.0,0.0,0.0,mumbai,7600.0
1.65 Cr ,Ready to Move,Resale,Unfurnished,,,,16500000.0,450.0,9.0,2.0,0.0,0.0,mumbai,36666.666666666664
1.50 Cr ,Ready to Move,Resale,Furnished,East,Main Road,Freehold,15000000.0,500.0,3.0,2.0,0.0,1.0,mumbai,30000.0
25 Lac ,Ready to Move,Resale,Unfurnished,,,,2500000.0,390.0,0.0,2.0,0.0,0.0,mumbai,6410.25641025641
1.81 Cr ,Ready to Move,Resale,Semi-Furnished,East,"Garden/Park, Pool, Main Road",Freehold,18100000.0,800.0,,2.0,3.0,1.0,mumbai,22625.0
1.85 Cr ,Ready to Move,Resale,Semi-Furnished,East,"Garden/Park, Pool, Main Road",Freehold,18500000.0,800.0,,3.0,3.0,1.0,mumbai,23125.0
95 Lac ,Ready to Move,Resale,Semi-Furnished,,,,9500000.0,300.0,5.0,1.0,0.0,0.0,mumbai,31666.666666666668
2.40 Cr ,Ready to Move,Resale,Unfurnished,East,Main Road,Co-operative Society,24000000.0,888.0,7.0,2.0,1.0,1.0,mumbai,27027.027027027027
2.65 Cr ,Ready to Move,New Property,Unfurnished,East,"Garden/Park, Main Road",Co-operative Society,26500000.0,760.0,15.0,2.0,0.0,0.0,mumbai,34868.42105263158
6 Cr ,Ready to Move,Resale,Unfurnished,North,"Garden/Park, Pool",Co-operative Society,60000000.0,1900.0,13.0,4.0,0.0,2.0,mumbai,31578.947368421053
1.20 Cr ,Ready to Move,Resale,Semi-Furnished,West,,,12000000.0,730.0,2.0,1.0,0.0,1.0,mumbai,16438.35616438356
45 Lac ,Ready to Move,Resale,Furnished,,,,4500000.0,722.0,0.0,2.0,0.0,0.0,mumbai,6232.686980609418
2.50 Cr ,Ready to Move,Resale,Unfurnished,East,Garden/Park,Freehold,25000000.0,865.0,-1.0,3.0,0.0,0.0,mumbai,28901.73410404624
76 Lac ,Ready to Move,Resale,Unfurnished,North,,Co-operative Society,7600000.0,370.0,2.0,1.0,1.0,0.0,mumbai,20540.54054054054
1.45 Cr ,Ready to Move,Resale,Unfurnished,,,,14500000.0,1000.0,3.0,2.0,0.0,0.0,mumbai,14500.0
1.85 Cr ,Ready to Move,New Property,Furnished,East,Main Road,Freehold,18500000.0,705.0,7.0,3.0,0.0,1.0,mumbai,26241.13475177305
1.53 Cr ,Ready to Move,Resale,Unfurnished,East,Garden/Park,Freehold,15300000.0,800.0,6.0,2.0,0.0,1.0,mumbai,19125.0
3 Cr ,Ready to Move,Resale,Unfurnished,East,"Garden/Park, Main Road",Freehold,30000000.0,1000.0,17.0,2.0,1.0,1.0,mumbai,30000.0
2.25 Cr ,Ready to Move,Resale,Furnished,East,Main Road,Co-operative Society,22500000.0,750.0,9.0,2.0,1.0,1.0,mumbai,30000.0
1.15 Cr ,Ready to Move,New Property,Unfurnished,North - East,"Garden/Park, Pool, Main Road",Freehold,11500000.0,351.0,12.0,2.0,1.0,0.0,mumbai,32763.532763532763
2.65 Cr ,Ready to Move,New Property,Unfurnished,East,"Garden/Park, Pool",Freehold,26500000.0,783.0,22.0,3.0,0.0,1.0,mumbai,33844.18901660281
1.50 Cr ,Ready to Move,Resale,Semi-Furnished,,,,15000000.0,477.0,12.0,1.0,0.0,0.0,mumbai,31446.540880503144
6.35 Cr ,Ready to Move,New Property,Semi-Furnished,East,Main Road,Freehold,63500000.0,2005.0,10.0,4.0,4.0,2.0,mumbai,31670.82294264339
3.30 Cr ,Ready to Move,Resale,Unfurnished,East,"Garden/Park, Main Road",Freehold,33000000.0,1100.0,13.0,3.0,1.0,2.0,mumbai,30000.0
1.25 Cr ,Ready to Move,New Property,Unfurnished,East,"Garden/Park, Main Road",Freehold,12500000.0,669.0,4.0,2.0,1.0,0.0,mumbai,18684.60388639761
2.25 Cr ,Ready to Move,Resale,Semi-Furnished,East,Main Road,Freehold,22500000.0,806.0,-1.0,2.0,3.0,1.0,mumbai,27915.63275434243
1.95 Cr ,Ready to Move,Resale,Semi-Furnished,East,Garden/Park,Freehold,19500000.0,720.0,-1.0,2.0,2.0,1.0,mumbai,27083.333333333332
2.25 Cr ,Ready to Move,Resale,Semi-Furnished,West,"Main Road, Garden/Park, Pool",Freehold,22500000.0,856.0,-1.0,2.0,2.0,0.0,mumbai,26285.046728971964
3.60 Cr ,Ready to Move,Resale,Furnished,North,,,36000000.0,1410.0,13.0,3.0,3.0,0.0,mumbai,25531.91489361702
80 Lac ,Ready to Move,Resale,Semi-Furnished,South,Garden/Park,Freehold,8000000.0,425.0,1.0,1.0,0.0,0.0,mumbai,18823.529411764706
58 Lac ,Ready to Move,Resale,Unfurnished,North,Garden/Park,Co-operative Society,5800000.0,326.0,3.0,2.0,1.0,1.0,mumbai,17791.411042944786
1.20 Cr ,Ready to Move,New Property,Unfurnished,East,Main Road,Freehold,12000000.0,608.0,7.0,2.0,3.0,1.0,mumbai,19736.842105263157
1.81 Cr ,Ready to Move,Resale,Semi-Furnished,East,Garden/Park,Co-operative Society,18100000.0,900.0,5.0,3.0,0.0,0.0,mumbai,20111.11111111111
3.81 Cr ,Ready to Move,Resale,Unfurnished,North - East,Garden/Park,Freehold,38100000.0,1125.0,12.0,3.0,3.0,1.0,mumbai,33866.666666666664
2 Cr ,Ready to Move,Resale,Semi-Furnished,,,,20000000.0,750.0,7.0,2.0,0.0,0.0,mumbai,26666.666666666668
2.15 Cr ,Ready to Move,New Property,Unfurnished,North - West,"Garden/Park, Main Road",Freehold,21500000.0,915.0,6.0,3.0,0.0,1.0,mumbai,23497.26775956284
2.30 Cr ,Ready to Move,Resale,Semi-Furnished,East,Garden/Park,Co-operative Society,23000000.0,725.0,5.0,2.0,1.0,1.0,mumbai,31724.137931034482
7.25 Cr ,Ready to Move,Resale,Semi-Furnished,East,"Garden/Park, Pool, Main Road",Freehold,72500000.0,3311.0,36.0,5.0,5.0,3.0,mumbai,21896.70794321957
3 Cr ,Ready to Move,Resale,Semi-Furnished,,,,30000000.0,1400.0,2.0,2.0,3.0,0.0,mumbai,21428.571428571428
15 Lac ,Ready to Move,Resale,Unfurnished,,,,1500000.0,150.0,0.0,1.0,0.0,0.0,mumbai,10000.0
1.95 Cr ,Ready to Move,Resale,Unfurnished,East,Garden/Park,Freehold,19500000.0,680.0,7.0,2.0,0.0,1.0,mumbai,28676.470588235294
1.10 Cr ,Ready to Move,Resale,Semi-Furnished,North - East,Garden/Park,Freehold,11000000.0,610.0,1.0,2.0,0.0,1.0,mumbai,18032.786885245903
1 Cr ,Ready to Move,Resale,Unfurnished,East,Garden/Park,Co-operative Society,10000000.0,473.0,2.0,2.0,0.0,1.0,mumbai,21141.649048625794
1.90 Cr ,Ready to Move,Resale,Semi-Furnished,East,Garden/Park,Freehold,19000000.0,765.0,21.0,2.0,2.0,1.0,mumbai,24836.601307189543
1.90 Cr ,Ready to Move,Resale,Unfurnished,West,Garden/Park,Leasehold,19000000.0,920.0,,2.0,4.0,1.0,mumbai,20652.17391304348
1.85 Cr ,Ready to Move,Resale,Unfurnished,North,Garden/Park,Co-operative Society,18500000.0,1150.0,,2.0,2.0,1.0,mumbai,16086.95652173913
32 Lac ,Ready to Move,Resale,Unfurnished,East,Garden/Park,Co-operative Society,3200000.0,390.0,8.0,1.0,3.0,0.0,mumbai,8205.128205128205
6.80 Cr ,Ready to Move,New Property,Unfurnished,East,"Garden/Park, Pool, Main Road",Freehold,68000000.0,1642.0,17.0,4.0,1.0,2.0,mumbai,41412.91108404385
59 Lac ,Ready to Move,Resale,Furnished,South -West,Garden/Park,Co-operative Society,5900000.0,550.0,4.0,2.0,4.0,1.0,mumbai,10727.272727272728
4.30 Cr ,Ready to Move,Resale,Semi-Furnished,North - East,Main Road,Freehold,43000000.0,1022.0,4.0,2.0,0.0,0.0,mumbai,42074.36399217221
3.30 Cr ,Ready to Move,Resale,Furnished,North,"Garden/Park, Main Road",Freehold,33000000.0,1050.0,7.0,2.0,0.0,1.0,mumbai,31428.571428571428
1.65 Cr ,Ready to Move,Resale,Semi-Furnished,East,"Garden/Park, Main Road",Freehold,16500000.0,675.0,10.0,2.0,1.0,1.0,mumbai,24444.444444444445
79 Lac ,Ready to Move,Resale,Unfurnished,East,Main Road,Freehold,7900000.0,460.0,5.0,2.0,0.0,1.0,mumbai,17173.91304347826
1.80 Cr ,Ready to Move,Resale,Semi-Furnished,East,Garden/Park,Co-operative Society,18000000.0,630.0,10.0,2.0,0.0,1.0,mumbai,28571.428571428572
75 Lac ,Ready to Move,Resale,Semi-Furnished,,,,7500000.0,220.0,4.0,1.0,0.0,0.0,mumbai,34090.90909090909
1 Cr ,Ready to Move,Resale,Semi-Furnished,,"Garden/Park, Main Road",Co-operative Society,10000000.0,550.0,3.0,1.0,0.0,2.0,mumbai,18181.81818181818
3.05 Cr ,Ready to Move,Resale,Unfurnished,,,,30500000.0,1045.0,11.0,2.0,2.0,0.0,mumbai,29186.602870813396
1.60 Cr ,Ready to Move,Resale,,,,,16000000.0,600.0,,2.0,0.0,0.0,mumbai,26666.666666666668
1.15 Cr ,Ready to Move,Resale,Unfurnished,,,,11500000.0,475.0,12.0,2.0,2.0,0.0,mumbai,24210.526315789473
4.25 Cr ,Ready to Move,Resale,Furnished,East,Main Road,Freehold,42500000.0,1142.0,21.0,3.0,2.0,2.0,mumbai,37215.411558669
1.95 Cr ,Ready to Move,New Property,Unfurnished,North - East,,Freehold,19500000.0,725.0,10.0,2.0,0.0,1.0,mumbai,26896.55172413793
5.60 Cr ,Ready to Move,New Property,Unfurnished,South,Garden/Park,Freehold,56000000.0,2067.0,12.0,4.0,0.0,3.0,mumbai,27092.404450895017
3.11 Cr ,Ready to Move,New Property,Unfurnished,North - East,Garden/Park,Freehold,31100000.0,1550.0,30.0,3.0,0.0,3.0,mumbai,20064.516129032258
1.85 Cr ,Ready to Move,Resale,Semi-Furnished,East,Garden/Park,Co-operative Society,18500000.0,750.0,9.0,2.0,1.0,1.0,mumbai,24666.666666666668
2.25 Cr ,Ready to Move,Resale,Unfurnished,East,Garden/Park,Co-operative Society,22500000.0,780.0,3.0,2.0,0.0,1.0,mumbai,28846.153846153848
1.80 Cr ,Ready to Move,Resale,Furnished,,Garden/Park,Co-operative Society,18000000.0,610.0,6.0,2.0,0.0,1.0,mumbai,29508.196721311477
1.99 Cr ,Ready to Move,New Property,Unfurnished,West,"Garden/Park, Pool",Co-operative Society,19900000.0,838.0,,3.0,0.0,2.0,mumbai,23747.016706443916
1.50 Cr ,Ready to Move,Resale,Unfurnished,,,,15000000.0,842.0,10.0,2.0,2.0,1.0,mumbai,17814.726840855106
7.5 Lac ,Ready to Move,Resale,Semi-Furnished,,,,750000.0,215.0,4.0,1.0,0.0,0.0,mumbai,3488.3720930232557
1.65 Cr ,Ready to Move,Resale,Semi-Furnished,South,Main Road,Freehold,16500000.0,585.0,7.0,2.0,0.0,0.0,mumbai,28205.128205128207
1.80 Cr ,Ready to Move,Resale,Unfurnished,East,Main Road,Freehold,18000000.0,610.0,5.0,2.0,0.0,0.0,mumbai,29508.196721311477
1.35 Cr ,Ready to Move,Resale,Unfurnished,North,"Garden/Park, Main Road",Freehold,13500000.0,471.0,15.0,2.0,0.0,0.0,mumbai,28662.420382165605
1.22 Cr ,Ready to Move,Resale,Semi-Furnished,North - East,Garden/Park,Co-operative Society,12200000.0,503.0,18.0,2.0,0.0,1.0,mumbai,24254.4731610338
6.80 Cr ,Ready to Move,Resale,Semi-Furnished,North - East,"Garden/Park, Pool, Main Road",Freehold,68000000.0,1623.0,,3.0,2.0,2.0,mumbai,41897.720271102895
3.70 Cr ,Ready to Move,Resale,Semi-Furnished,North - East,Garden/Park,Freehold,37000000.0,940.0,16.0,2.0,2.0,2.0,mumbai,39361.70212765958
1.52 Cr ,Ready to Move,New Property,Semi-Furnished,East,Main Road,Freehold,15200000.0,664.0,10.0,2.0,0.0,1.0,mumbai,22891.566265060243
1.40 Cr ,Ready to Move,New Property,Unfurnished,East,Main Road,Co-operative Society,14000000.0,523.0,10.0,2.0,0.0,1.0,mumbai,26768.642447418737
2.25 Cr ,Ready to Move,New Property,Semi-Furnished,East,Garden/Park,Freehold,22500000.0,667.0,6.0,2.0,0.0,1.0,mumbai,33733.13343328336
1.20 Cr ,Ready to Move,New Property,Unfurnished,East,"Garden/Park, Main Road",Freehold,12000000.0,631.0,10.0,2.0,0.0,1.0,mumbai,19017.43264659271
55 Lac ,Ready to Move,Resale,Semi-Furnished,East,,Co-operative Society,5500000.0,535.0,2.0,1.0,1.0,0.0,mumbai,10280.373831775702
2.15 Cr ,Ready to Move,Resale,Unfurnished,,,,21500000.0,1200.0,23.0,2.0,0.0,0.0,mumbai,17916.666666666668
2.20 Cr ,Ready to Move,New Property,Unfurnished,,,,22000000.0,1290.0,13.0,2.0,0.0,0.0,mumbai,17054.263565891473
2.22 Cr ,Ready to Move,Resale,Unfurnished,,,,22200000.000000004,1290.0,24.0,2.0,0.0,0.0,mumbai,17209.302325581397
2.22 Cr ,Ready to Move,Resale,Unfurnished,,,,22200000.000000004,1290.0,16.0,2.0,0.0,0.0,mumbai,17209.302325581397
1.50 Cr ,Ready to Move,New Property,Unfurnished,East,"Garden/Park, Main Road",Freehold,15000000.0,537.0,12.0,2.0,0.0,1.0,mumbai,27932.96089385475
40 Lac ,Ready to Move,Resale,Semi-Furnished,,,,4000000.0,515.0,3.0,1.0,0.0,0.0,mumbai,7766.9902912621355
1 Cr ,Ready to Move,Resale,Unfurnished,,Garden/Park,,10000000.0,385.0,3.0,1.0,0.0,0.0,mumbai,25974.025974025975
4.25 Cr ,Ready to Move,Resale,Furnished,West,Main Road,Freehold,42500000.0,1100.0,1.0,2.0,2.0,1.0,mumbai,38636.36363636364
4 Cr ,Ready to Move,Resale,Semi-Furnished,North - East,Pool,Freehold,40000000.0,1150.0,15.0,3.0,1.0,1.0,mumbai,34782.608695652176
1.55 Cr ,Ready to Move,Resale,Unfurnished,,Main Road,,15500000.0,450.0,3.0,1.0,1.0,0.0,mumbai,34444.444444444445
7.65 Cr ,Ready to Move,New Property,Unfurnished,North - East,Garden/Park,Freehold,76500000.0,3800.0,27.0,7.0,1.0,5.0,mumbai,20131.57894736842
1.40 Cr ,Ready to Move,New Property,Semi-Furnished,East,"Garden/Park, Pool, Main Road",Freehold,14000000.0,378.0,10.0,2.0,0.0,1.0,mumbai,37037.03703703704
2.60 Cr ,Ready to Move,New Property,Semi-Furnished,South - East,"Garden/Park, Main Road",Freehold,26000000.0,832.0,8.0,3.0,1.0,1.0,mumbai,31250.0
2.60 Cr ,Ready to Move,Resale,Unfurnished,East,Main Road,Freehold,26000000.0,1050.0,12.0,3.0,0.0,0.0,mumbai,24761.904761904763
50 Lac ,Ready to Move,Resale,Semi-Furnished,,,,5000000.0,475.0,0.0,1.0,0.0,0.0,mumbai,10526.315789473685
92 Lac ,Ready to Move,Resale,Semi-Furnished,,,Co-operative Society,9200000.0,410.0,3.0,1.0,0.0,0.0,mumbai,22439.024390243903
40 Lac ,Ready to Move,Resale,Unfurnished,,,Co-operative Society,4000000.0,800.0,0.0,1.0,0.0,0.0,mumbai,5000.0
85 Lac ,Ready to Move,Resale,Unfurnished,,,,8500000.0,313.0,11.0,2.0,0.0,0.0,mumbai,27156.549520766774
3 Cr ,Ready to Move,Resale,Semi-Furnished,East,"Garden/Park, Pool",Co-operative Society,30000000.0,900.0,13.0,2.0,0.0,1.0,mumbai,33333.333333333336
10.20 Cr ,Ready to Move,New Property,Unfurnished,,,,102000000.0,3250.0,30.0,4.0,0.0,0.0,mumbai,31384.615384615383
1.36 Cr ,Ready to Move,New Property,Unfurnished,North - East,Main Road,Freehold,13600000.000000002,455.0,12.0,2.0,0.0,1.0,mumbai,29890.109890109896
1.05 Cr ,Ready to Move,Resale,Semi-Furnished,North - East,"Garden/Park, Main Road",Freehold,10500000.0,600.0,8.0,2.0,3.0,1.0,mumbai,17500.0
2.50 Cr ,Ready to Move,Resale,Furnished,East,Main Road,Co-operative Society,25000000.0,815.0,8.0,3.0,2.0,1.0,mumbai,30674.84662576687
1 Cr ,Ready to Move,Resale,Unfurnished,,,,10000000.0,480.0,7.0,1.0,0.0,0.0,mumbai,20833.333333333332
2.20 Cr ,Ready to Move,Resale,Semi-Furnished,East,"Pool, Garden/Park",Leasehold,22000000.0,650.0,21.0,2.0,1.0,0.0,mumbai,33846.153846153844
2.25 Cr ,Ready to Move,Resale,,,Main Road,Leasehold,22500000.0,852.0,6.0,2.0,0.0,0.0,mumbai,26408.450704225354
3.50 Cr ,Ready to Move,New Property,Unfurnished,East,Garden/Park,Leasehold,35000000.0,935.0,4.0,3.0,0.0,1.0,mumbai,37433.1550802139
1.15 Cr ,Ready to Move,Resale,Semi-Furnished,,Main Road,Co-operative Society,11500000.0,662.0,7.0,1.0,0.0,1.0,mumbai,17371.601208459215
6.59 Cr ,Ready to Move,Resale,Unfurnished,North,"Pool, Main Road",Freehold,65900000.0,3300.0,32.0,5.0,5.0,4.0,mumbai,19969.696969696968
7.35 Cr ,Ready to Move,Resale,Unfurnished,East,"Garden/Park, Pool, Main Road",Freehold,73500000.0,4200.0,40.0,6.0,6.0,0.0,mumbai,17500.0
40 Lac ,Ready to Move,Resale,Unfurnished,,,,4000000.0,270.0,1.0,1.0,0.0,0.0,mumbai,14814.814814814816
31 Lac ,Ready to Move,Resale,Semi-Furnished,,,,3100000.0,545.0,5.0,1.0,0.0,0.0,mumbai,5688.073394495413
2 Cr ,Ready to Move,New Property,Unfurnished,East,"Garden/Park, Main Road",Freehold,20000000.0,751.0,9.0,2.0,0.0,1.0,mumbai,26631.158455392808
35 Lac ,Ready to Move,New Property,Unfurnished,East,"Garden/Park, Pool, Main Road",Freehold,3500000.0,361.0,7.0,2.0,3.0,1.0,mumbai,9695.290858725763
1.24 Cr ,Ready to Move,New Property,Unfurnished,East,Main Road,Freehold,12400000.0,412.0,5.0,2.0,0.0,0.0,mumbai,30097.087378640776
3.45 Cr ,Ready to Move,Resale,Semi-Furnished,North,"Garden/Park, Main Road",Freehold,34500000.0,987.0,10.0,2.0,2.0,1.0,mumbai,34954.407294832825
2.15 Cr ,Ready to Move,Resale,Semi-Furnished,North - East,Garden/Park,Freehold,21500000.0,1000.0,12.0,2.0,0.0,1.0,mumbai,21500.0
98 Lac ,Ready to Move,Resale,Unfurnished,East,Main Road,Co-operative Society,9800000.0,480.0,,1.0,0.0,1.0,mumbai,20416.666666666668
1.75 Cr ,Ready to Move,New Property,Semi-Furnished,North - East,"Garden/Park, Main Road",Freehold,17500000.0,685.0,9.0,2.0,0.0,1.0,mumbai,25547.445255474453
1.10 Cr ,Ready to Move,Resale,Semi-Furnished,East,Main Road,Co-operative Society,11000000.0,435.0,5.0,2.0,2.0,1.0,mumbai,25287.35632183908
2.31 Cr ,Ready to Move,Resale,Furnished,East,Main Road,Co-operative Society,23100000.0,850.0,8.0,2.0,0.0,0.0,mumbai,27176.470588235294
65 Lac ,Ready to Move,Resale,Unfurnished,East,Main Road,Co-operative Society,6500000.0,450.0,9.0,1.0,3.0,1.0,mumbai,14444.444444444445
2.38 Cr ,Ready to Move,Resale,Unfurnished,East,"Garden/Park, Main Road",Freehold,23800000.0,773.0,17.0,2.0,1.0,1.0,mumbai,30789.133247089263
1.82 Cr ,Ready to Move,Resale,Unfurnished,East,Garden/Park,Co-operative Society,18200000.0,690.0,2.0,2.0,1.0,1.0,mumbai,26376.8115942029
2 Cr ,Ready to Move,Resale,Unfurnished,,,,20000000.0,700.0,16.0,2.0,0.0,0.0,mumbai,28571.428571428572
1.42 Cr ,Ready to Move,Resale,Semi-Furnished,North,Garden/Park,Co-operative Society,14200000.0,620.0,18.0,2.0,0.0,1.0,mumbai,22903.225806451614
6.11 Cr ,Ready to Move,New Property,Unfurnished,North - East,Garden/Park,Freehold,61100000.0,3200.0,30.0,5.0,1.0,2.0,mumbai,19093.75
7.99 Cr ,Ready to Move,New Property,Unfurnished,North - East,Garden/Park,Freehold,79900000.0,3800.0,27.0,7.0,1.0,5.0,mumbai,21026.315789473683
3.20 Cr ,Ready to Move,Resale,Unfurnished,North,"Garden/Park, Pool, Main Road",Co-operative Society,32000000.0,1202.0,28.0,3.0,0.0,2.0,mumbai,26622.296173044924
76 Lac ,Ready to Move,Resale,Semi-Furnished,East,Garden/Park,Freehold,7600000.0,435.0,12.0,1.0,1.0,1.0,mumbai,17471.264367816093
2.26 Cr ,Ready to Move,Resale,Unfurnished,East,"Garden/Park, Pool, Main Road",Freehold,22599999.999999996,760.0,9.0,2.0,0.0,1.0,mumbai,29736.842105263153
2.25 Cr ,Ready to Move,Resale,Semi-Furnished,North - East,,Co-operative Society,22500000.0,858.0,3.0,2.0,3.0,0.0,mumbai,26223.776223776225
3.55 Cr ,Ready to Move,Resale,Unfurnished,East,"Pool, Garden/Park, Main Road",Leasehold,35500000.0,1240.0,8.0,3.0,1.0,0.0,mumbai,28629.032258064515
4.50 Cr ,Ready to Move,Resale,Semi-Furnished,East,,,45000000.0,1080.0,3.0,3.0,0.0,1.0,mumbai,41666.666666666664
6.25 Cr ,Ready to Move,Resale,Semi-Furnished,,,,62500000.0,1500.0,18.0,5.0,0.0,0.0,mumbai,41666.666666666664
2.25 Cr ,Ready to Move,Resale,Furnished,East,Main Road,Freehold,22500000.0,820.0,9.0,2.0,0.0,1.0,mumbai,27439.024390243903
1.30 Cr ,Ready to Move,New Property,Furnished,North - West,"Garden/Park, Main Road",Freehold,13000000.0,525.0,4.0,2.0,1.0,0.0,mumbai,24761.904761904763
55 Lac ,Ready to Move,Other,Semi-Furnished,,,,5500000.0,315.0,3.0,1.0,0.0,0.0,mumbai,17460.31746031746
1.90 Cr ,Ready to Move,New Property,Semi-Furnished,East,"Garden/Park, Main Road",Freehold,19000000.0,609.0,5.0,2.0,0.0,1.0,mumbai,31198.686371100164
14 Lac ,Ready to Move,Resale,Unfurnished,,,,1400000.0,358.0,1.0,2.0,0.0,0.0,mumbai,3910.6145251396647
1.85 Cr ,Ready to Move,Resale,Furnished,West,"Garden/Park, Main Road",Co-operative Society,18500000.0,845.0,,2.0,2.0,0.0,mumbai,21893.491124260356
2.11 Cr ,Ready to Move,New Property,Unfurnished,North,Garden/Park,Co-operative Society,21100000.0,1065.0,9.0,3.0,0.0,1.0,mumbai,19812.206572769952
25.8 Lac ,Ready to Move,Resale,Unfurnished,East,"Garden/Park, Main Road",Co-operative Society,2580000.0,792.0,3.0,1.0,1.0,1.0,ahmedabad,3257.5757575757575
1.45 Cr ,Ready to Move,New Property,Unfurnished,East,"Garden/Park, Main Road",Freehold,14500000.0,2045.0,-1.0,3.0,1.0,2.0,ahmedabad,7090.464547677261
2 Cr ,Ready to Move,Resale,Furnished,West,"Garden/Park, Pool, Main Road",Freehold,20000000.0,1575.0,11.0,3.0,1.0,2.0,ahmedabad,12698.412698412698
55 Lac ,Ready to Move,Resale,Unfurnished,,,,5500000.0,900.0,3.0,2.0,0.0,0.0,ahmedabad,6111.111111111111
45 Lac ,Ready to Move,Resale,Semi-Furnished,,,,4500000.0,1305.0,9.0,2.0,0.0,0.0,ahmedabad,3448.2758620689656
35 Lac ,Ready to Move,Resale,Unfurnished,,,,3500000.0,900.0,5.0,2.0,0.0,0.0,ahmedabad,3888.8888888888887
88 Lac ,Ready to Move,Resale,Semi-Furnished,,,,8800000.0,1377.0,9.0,2.0,0.0,0.0,ahmedabad,6390.704429920116
25 Lac ,Ready to Move,Resale,Semi-Furnished,East,"Garden/Park, Main Road",Co-operative Society,2500000.0,600.0,5.0,1.0,1.0,1.0,ahmedabad,4166.666666666667
90 Lac ,Ready to Move,Resale,Unfurnished,,,,9000000.0,1650.0,4.0,2.0,0.0,0.0,ahmedabad,5454.545454545455
1 Cr ,Ready to Move,Resale,Unfurnished,,,,10000000.0,1600.0,6.0,3.0,0.0,0.0,ahmedabad,6250.0
93 Lac ,Ready to Move,Resale,Semi-Furnished,,,,9300000.0,1188.0,4.0,3.0,0.0,0.0,ahmedabad,7828.282828282829
93 Lac ,Ready to Move,Resale,Semi-Furnished,,,,9300000.0,1600.0,4.0,3.0,0.0,0.0,ahmedabad,5812.5
55 Lac ,Ready to Move,New Property,Semi-Furnished,East,"Garden/Park, Main Road",Freehold,5500000.0,1170.0,1.0,2.0,1.0,1.0,ahmedabad,4700.854700854701
23 Lac ,Ready to Move,Resale,Unfurnished,,,,2300000.0,654.0,12.0,1.0,0.0,0.0,ahmedabad,3516.8195718654433
85 Lac ,Ready to Move,Resale,Semi-Furnished,,,,8500000.0,1705.0,5.0,3.0,0.0,0.0,ahmedabad,4985.337243401759
90 Lac ,Ready to Move,Resale,Unfurnished,,,,9000000.0,1705.0,5.0,3.0,0.0,0.0,ahmedabad,5278.592375366569
65 Lac ,Ready to Move,Resale,Semi-Furnished,East,Main Road,Co-operative Society,6500000.0,1180.0,,2.0,2.0,1.0,ahmedabad,5508.474576271186
25 Lac ,Ready to Move,Resale,Unfurnished,East,"Garden/Park, Main Road",Co-operative Society,2500000.0,603.0,5.0,1.0,1.0,1.0,ahmedabad,4145.936981757877
28 Lac ,Ready to Move,Resale,Unfurnished,,,,2800000.0,765.0,2.0,1.0,0.0,0.0,ahmedabad,3660.1307189542486
2.30 Cr ,Ready to Move,Resale,Unfurnished,East,Garden/Park,Freehold,23000000.0,2122.0,4.0,4.0,1.0,1.0,ahmedabad,10838.831291234685
1.15 Cr ,Ready to Move,New Property,Unfurnished,East,"Pool, Garden/Park, Main Road",Freehold,11500000.0,1190.0,7.0,3.0,1.0,2.0,ahmedabad,9663.865546218487
51 Lac ,Ready to Move,Resale,Unfurnished,,,,5100000.0,1485.0,2.0,3.0,0.0,0.0,ahmedabad,3434.343434343434
35 Lac ,Ready to Move,Resale,Furnished,East,Main Road,Freehold,3500000.0,721.0,9.0,2.0,1.0,1.0,ahmedabad,4854.368932038835
45 Lac ,Ready to Move,Resale,Unfurnished,East,,Freehold,4500000.0,693.0,1.0,2.0,1.0,1.0,ahmedabad,6493.506493506494
25 Lac ,Ready to Move,Resale,Unfurnished,East,"Garden/Park, Main Road",Co-operative Society,2500000.0,720.0,2.0,1.0,1.0,1.0,ahmedabad,3472.222222222222
27 Lac ,Ready to Move,Resale,Semi-Furnished,,Main Road,Co-operative Society,2700000.0,585.0,3.0,1.0,0.0,0.0,ahmedabad,4615.384615384615
42 Lac ,Ready to Move,Resale,Furnished,North - East,"Garden/Park, Main Road",Freehold,4200000.0,972.0,4.0,1.0,1.0,1.0,ahmedabad,4320.9876543209875
2.15 Cr ,Ready to Move,Resale,Semi-Furnished,East,"Garden/Park, Pool, Main Road",Freehold,21500000.0,3800.0,1.0,4.0,1.0,2.0,ahmedabad,5657.894736842105
25 Lac ,Ready to Move,Resale,Semi-Furnished,East,"Garden/Park, Main Road",Co-operative Society,2500000.0,720.0,7.0,1.0,1.0,1.0,ahmedabad,3472.222222222222
60 Lac ,Ready to Move,Resale,Unfurnished,,,,6000000.0,1450.0,9.0,3.0,0.0,0.0,ahmedabad,4137.931034482759
75 Lac ,Ready to Move,Resale,Furnished,East,"Garden/Park, Pool, Main Road",Freehold,7500000.0,735.0,14.0,2.0,1.0,0.0,ahmedabad,10204.081632653062
27 Lac ,Ready to Move,Resale,Unfurnished,East,"Garden/Park, Main Road",Co-operative Society,2700000.0,747.0,1.0,1.0,1.0,1.0,ahmedabad,3614.4578313253014
45 Lac ,Ready to Move,Resale,Furnished,,,,4500000.0,1395.0,2.0,2.0,0.0,0.0,ahmedabad,3225.8064516129034
34 Lac ,Ready to Move,Resale,Semi-Furnished,,,,3400000.0,720.0,1.0,1.0,0.0,0.0,ahmedabad,4722.222222222223
20 Lac ,Ready to Move,Resale,Unfurnished,North,Main Road,Freehold,2000000.0,585.0,3.0,1.0,1.0,0.0,ahmedabad,3418.803418803419
61 Lac ,Ready to Move,Resale,Furnished,,,,6100000.0,1728.0,1.0,3.0,0.0,0.0,ahmedabad,3530.0925925925926
48 Lac ,Ready to Move,Resale,Semi-Furnished,,,,4800000.0,1180.0,5.0,2.0,0.0,0.0,ahmedabad,4067.7966101694915
26 Lac ,Ready to Move,Resale,Unfurnished,,"Garden/Park, Pool, Main Road",,2600000.0,630.0,,2.0,1.0,0.0,ahmedabad,4126.984126984127
5.50 Cr ,Ready to Move,Resale,Furnished,East,"Garden/Park, Main Road",Freehold,55000000.0,3850.0,10.0,5.0,2.0,3.0,ahmedabad,14285.714285714286
42 Lac ,Ready to Move,Resale,Unfurnished,East,Main Road,Freehold,4200000.0,765.0,4.0,1.0,2.0,0.0,ahmedabad,5490.196078431372
55 Lac ,Ready to Move,New Property,Unfurnished,East,"Garden/Park, Pool, Main Road",Freehold,5500000.0,720.0,5.0,2.0,1.0,1.0,ahmedabad,7638.888888888889
80 Lac ,Ready to Move,Resale,Semi-Furnished,East,"Garden/Park, Pool, Main Road",Freehold,8000000.0,860.0,4.0,3.0,3.0,1.0,ahmedabad,9302.32558139535
76 Lac ,Ready to Move,Resale,Unfurnished,South -West,"Garden/Park, Main Road",,7600000.0,1550.0,11.0,3.0,1.0,0.0,ahmedabad,4903.225806451613
57 Lac ,Ready to Move,Resale,Semi-Furnished,East,,Freehold,5700000.0,1050.0,1.0,2.0,2.0,1.0,ahmedabad,5428.571428571428
45 Lac ,Ready to Move,Resale,Furnished,,,,4500000.0,1500.0,7.0,2.0,0.0,0.0,ahmedabad,3000.0
1.10 Cr ,Ready to Move,Resale,Unfurnished,North - East,"Garden/Park, Main Road",Co-operative Society,11000000.0,1660.0,9.0,3.0,2.0,0.0,ahmedabad,6626.506024096386
1.71 Cr ,Ready to Move,Resale,Unfurnished,East,"Pool, Garden/Park, Main Road",Leasehold,17100000.0,3700.0,5.0,4.0,4.0,0.0,ahmedabad,4621.621621621622
1.25 Cr ,Ready to Move,Resale,Semi-Furnished,,Garden/Park,,12500000.0,1087.0,16.0,3.0,1.0,0.0,ahmedabad,11499.540018399264
81 Lac ,Ready to Move,Resale,Furnished,North,"Pool, Garden/Park",Freehold,8100000.0,1188.0,1.0,2.0,0.0,0.0,ahmedabad,6818.181818181818
90 Lac ,Ready to Move,Resale,Unfurnished,East,Garden/Park,Freehold,9000000.0,1260.0,2.0,2.0,1.0,0.0,ahmedabad,7142.857142857143
1.20 Cr ,Ready to Move,Resale,Furnished,North,Garden/Park,Freehold,12000000.0,1041.0,1.0,3.0,0.0,2.0,ahmedabad,11527.377521613833
58 Lac ,Ready to Move,Resale,Unfurnished,East,Garden/Park,Leasehold,5800000.0,892.0,5.0,3.0,2.0,1.0,ahmedabad,6502.242152466368
48 Lac ,Ready to Move,Resale,Furnished,,,,4800000.0,720.0,2.0,3.0,0.0,0.0,ahmedabad,6666.666666666667
57 Lac ,Ready to Move,New Property,Unfurnished,East,"Garden/Park, Main Road",Freehold,5700000.0,1440.0,3.0,3.0,2.0,0.0,ahmedabad,3958.3333333333335
90 Lac ,Ready to Move,Resale,Semi-Furnished,,,,9000000.0,1665.0,3.0,3.0,0.0,0.0,ahmedabad,5405.405405405405
34 Lac ,Ready to Move,Resale,Semi-Furnished,North,"Garden/Park, Main Road",Co-operative Society,3400000.0,810.0,2.0,1.0,1.0,0.0,ahmedabad,4197.530864197531
45 Lac ,Ready to Move,Resale,Furnished,,,Freehold,4500000.0,1080.0,2.0,2.0,1.0,1.0,ahmedabad,4166.666666666667
30 Lac ,Ready to Move,Resale,Unfurnished,,Main Road,,3000000.0,540.0,4.0,2.0,1.0,0.0,ahmedabad,5555.555555555556
42 Lac ,Ready to Move,Resale,Unfurnished,East,,,4200000.0,1150.0,4.0,2.0,1.0,0.0,ahmedabad,3652.1739130434785
50 Lac ,Ready to Move,Resale,Unfurnished,East,"Pool, Garden/Park, Main Road",Freehold,5000000.0,670.0,5.0,2.0,0.0,0.0,ahmedabad,7462.686567164179
65 Lac ,Ready to Move,Resale,Furnished,North - East,Garden/Park,Freehold,6500000.0,857.0,5.0,2.0,1.0,1.0,ahmedabad,7584.597432905484
65.4 Lac ,Ready to Move,New Property,Unfurnished,,,,6540000.000000001,1746.0,-1.0,3.0,0.0,0.0,ahmedabad,3745.7044673539526
68 Lac ,Ready to Move,Resale,Unfurnished,,,,6800000.0,1746.0,6.0,3.0,0.0,0.0,ahmedabad,3894.6162657502864
68 Lac ,Ready to Move,Resale,Furnished,,,,6800000.0,618.0,1.0,2.0,2.0,0.0,ahmedabad,11003.236245954693
77 Lac ,Ready to Move,Resale,Furnished,West,"Garden/Park, Pool",Freehold,7700000.0,850.0,4.0,3.0,1.0,0.0,ahmedabad,9058.823529411764
1.44 Cr ,Ready to Move,Resale,Unfurnished,North,Main Road,Freehold,14400000.0,1679.0,9.0,4.0,1.0,1.0,ahmedabad,8576.533650982728
65 Lac ,Ready to Move,Resale,Semi-Furnished,East,Main Road,,6500000.0,990.0,4.0,1.0,1.0,1.0,ahmedabad,6565.656565656565
2.20 Cr ,Ready to Move,New Property,Unfurnished,East,"Garden/Park, Pool, Main Road",Freehold,22000000.0,1615.0,4.0,4.0,2.0,2.0,ahmedabad,13622.291021671826
45 Lac ,Ready to Move,Resale,Furnished,East,Main Road,Freehold,4500000.0,900.0,2.0,2.0,1.0,1.0,ahmedabad,5000.0
1.20 Cr ,Ready to Move,Resale,Furnished,,,,12000000.0,1872.0,3.0,3.0,0.0,0.0,ahmedabad,6410.25641025641
25 Lac ,Ready to Move,Resale,Unfurnished,,,,2500000.0,666.0,1.0,2.0,0.0,0.0,ahmedabad,3753.7537537537537
40 Lac ,Ready to Move,Resale,Semi-Furnished,,,,4000000.0,1200.0,4.0,2.0,0.0,0.0,ahmedabad,3333.3333333333335
25 Lac ,Ready to Move,Resale,Unfurnished,,,,2500000.0,595.0,4.0,1.0,0.0,0.0,ahmedabad,4201.680672268908
1.70 Cr ,Ready to Move,Resale,Furnished,East,,,17000000.0,2043.0,4.0,4.0,1.0,0.0,ahmedabad,8321.096426823298
56 Lac ,Ready to Move,Resale,Semi-Furnished,East,"Garden/Park, Pool, Main Road",Freehold,5600000.0,708.0,13.0,2.0,1.0,1.0,ahmedabad,7909.604519774011
43.5 Lac ,Ready to Move,Resale,Unfurnished,East,Garden/Park,Co-operative Society,4350000.0,900.0,3.0,2.0,2.0,0.0,ahmedabad,4833.333333333333
53 Lac ,Ready to Move,Resale,Furnished,East,"Garden/Park, Main Road",Freehold,5300000.0,1179.0,1.0,2.0,1.0,1.0,ahmedabad,4495.3350296861745
1 Cr ,Ready to Move,Resale,Furnished,,,,10000000.0,1485.0,4.0,3.0,2.0,0.0,ahmedabad,6734.006734006734
55 Lac ,Ready to Move,Resale,Furnished,,,,5500000.0,1095.0,7.0,2.0,0.0,0.0,ahmedabad,5022.83105022831
56 Lac ,Ready to Move,Resale,Unfurnished,East,"Garden/Park, Pool, Main Road",Freehold,5600000.0,1262.0,9.0,2.0,3.0,1.0,ahmedabad,4437.400950871633
2.09 Cr ,Ready to Move,Resale,Unfurnished,West,Main Road,Freehold,20900000.0,2010.0,5.0,4.0,1.0,0.0,ahmedabad,10398.009950248756
1.20 Cr ,Ready to Move,Resale,Furnished,,,,12000000.0,1575.0,3.0,3.0,0.0,0.0,ahmedabad,7619.047619047619
1.25 Cr ,Ready to Move,Resale,Furnished,,,,12500000.0,1665.0,3.0,3.0,0.0,0.0,ahmedabad,7507.507507507507
52 Lac ,Ready to Move,Resale,Unfurnished,South - East,Garden/Park,Freehold,5200000.0,670.0,1.0,2.0,1.0,1.0,ahmedabad,7761.194029850746
1.30 Cr ,Ready to Move,Resale,Unfurnished,,,,13000000.0,2050.0,1.0,3.0,0.0,0.0,ahmedabad,6341.463414634146
1.31 Cr ,Ready to Move,Resale,Unfurnished,,,,13100000.0,2079.0,5.0,3.0,0.0,0.0,ahmedabad,6301.1063011063015
1.35 Cr ,Ready to Move,Resale,Semi-Furnished,,,,13500000.0,2079.0,7.0,3.0,0.0,0.0,ahmedabad,6493.506493506494
1.35 Cr ,Ready to Move,Resale,Semi-Furnished,,,,13500000.0,2050.0,2.0,3.0,0.0,0.0,ahmedabad,6585.365853658536
1.35 Cr ,Ready to Move,Resale,Semi-Furnished,,,,13500000.0,2100.0,5.0,3.0,0.0,0.0,ahmedabad,6428.571428571428
49.9 Lac ,Ready to Move,Resale,Furnished,East,"Garden/Park, Main Road",Freehold,4990000.0,621.0,6.0,2.0,1.0,0.0,ahmedabad,8035.426731078905
1.30 Cr ,Ready to Move,New Property,Furnished,,,,13000000.0,1900.0,1.0,3.0,0.0,0.0,ahmedabad,6842.105263157895
1.37 Cr ,Ready to Move,Resale,Furnished,,,,13700000.000000002,1900.0,3.0,3.0,0.0,0.0,ahmedabad,7210.526315789474
62 Lac ,Ready to Move,Resale,Semi-Furnished,East,"Garden/Park, Main Road",Co-operative Society,6200000.0,850.0,2.0,2.0,1.0,0.0,ahmedabad,7294.117647058823
1.30 Cr ,Ready to Move,Resale,Unfurnished,,,,13000000.0,1250.0,2.0,3.0,1.0,0.0,ahmedabad,10400.0
68 Lac ,Ready to Move,Resale,Furnished,,,,6800000.0,1350.0,2.0,2.0,0.0,0.0,ahmedabad,5037.037037037037
69 Lac ,Ready to Move,Resale,Unfurnished,,,,6900000.0,1305.0,5.0,2.0,0.0,0.0,ahmedabad,5287.35632183908
80 Lac ,Ready to Move,Resale,Semi-Furnished,,,,8000000.0,1485.0,1.0,2.0,0.0,0.0,ahmedabad,5387.2053872053875
80 Lac ,Ready to Move,Resale,Semi-Furnished,,,,8000000.0,1500.0,3.0,3.0,0.0,0.0,ahmedabad,5333.333333333333
43 Lac ,Ready to Move,Resale,Furnished,,,,4300000.0,1206.0,1.0,2.0,2.0,0.0,ahmedabad,3565.5058043117747
55 Lac ,Ready to Move,New Property,Unfurnished,North - East,"Garden/Park, Main Road",Co-operative Society,5500000.0,756.0,8.0,2.0,1.0,1.0,ahmedabad,7275.132275132275
70 Lac ,Ready to Move,Resale,Unfurnished,East,"Garden/Park, Main Road",Freehold,7000000.0,1000.0,6.0,3.0,1.0,0.0,ahmedabad,7000.0
2.02 Cr ,Ready to Move,New Property,Unfurnished,North - East,"Garden/Park, Main Road",Freehold,20200000.0,2973.0,1.0,4.0,1.0,1.0,ahmedabad,6794.4836865119405
1.50 Cr ,Ready to Move,Resale,Semi-Furnished,,"Garden/Park, Main Road",Freehold,15000000.0,1750.0,4.0,3.0,1.0,2.0,ahmedabad,8571.42857142857
1.68 Cr ,Ready to Move,Resale,Semi-Furnished,South -West,"Garden/Park, Main Road",Freehold,16800000.0,1583.0,12.0,3.0,2.0,1.0,ahmedabad,10612.760581174984
72 Lac ,Ready to Move,Resale,Semi-Furnished,,"Garden/Park, Pool, Main Road",Co-operative Society,7200000.0,1260.0,,3.0,2.0,1.0,ahmedabad,5714.285714285715
2.10 Cr ,Ready to Move,Resale,Unfurnished,East,"Garden/Park, Pool",Freehold,21000000.0,2160.0,8.0,4.0,4.0,0.0,ahmedabad,9722.222222222223
55 Lac ,Ready to Move,Resale,Unfurnished,East,"Garden/Park, Main Road",Freehold,5500000.0,1224.0,2.0,2.0,1.0,1.0,ahmedabad,4493.464052287582
1.60 Cr ,Ready to Move,Resale,Furnished,East,"Garden/Park, Main Road",Freehold,16000000.0,1200.0,8.0,3.0,2.0,1.0,ahmedabad,13333.333333333334
1.10 Cr ,Ready to Move,Resale,Unfurnished,,,,11000000.0,1800.0,4.0,3.0,0.0,0.0,ahmedabad,6111.111111111111
1.30 Cr ,Ready to Move,New Property,Unfurnished,North,,Freehold,13000000.0,1860.0,2.0,3.0,1.0,1.0,ahmedabad,6989.247311827957
1.60 Cr ,Ready to Move,Resale,Furnished,West,Main Road,Freehold,16000000.0,2100.0,1.0,3.0,0.0,103.0,ahmedabad,7619.047619047619
1.10 Cr ,Ready to Move,New Property,Unfurnished,,,,11000000.0,1845.0,1.0,3.0,0.0,0.0,ahmedabad,5962.059620596206
28 Lac ,Ready to Move,Resale,Unfurnished,,,,2800000.0,630.0,1.0,1.0,0.0,0.0,ahmedabad,4444.444444444444
5.21 Cr ,Ready to Move,Resale,Furnished,East,"Garden/Park, Pool, Main Road",Freehold,52100000.0,3855.0,7.0,4.0,1.0,1.0,ahmedabad,13514.91569390402
60 Lac ,Ready to Move,Resale,Unfurnished,East,Garden/Park,Co-operative Society,6000000.0,945.0,5.0,2.0,2.0,0.0,ahmedabad,6349.206349206349
1.41 Cr ,Ready to Move,Resale,Furnished,East,,Freehold,14100000.0,1490.0,1.0,3.0,1.0,1.0,ahmedabad,9463.087248322148
55 Lac ,Ready to Move,New Property,Semi-Furnished,East,Garden/Park,Co-operative Society,5500000.0,1800.0,5.0,3.0,2.0,0.0,ahmedabad,3055.5555555555557
45 Lac ,Ready to Move,Resale,Unfurnished,,,,4500000.0,1305.0,13.0,2.0,0.0,0.0,ahmedabad,3448.2758620689656
47 Lac ,Ready to Move,Resale,Unfurnished,,,,4700000.0,1305.0,2.0,2.0,0.0,0.0,ahmedabad,3601.532567049808
99 Lac ,Ready to Move,New Property,Furnished,East,Garden/Park,Freehold,9900000.0,1235.0,2.0,3.0,2.0,1.0,ahmedabad,8016.194331983806
1.15 Cr ,Ready to Move,New Property,Furnished,East,"Garden/Park, Main Road",Freehold,11500000.0,1840.0,12.0,3.0,2.0,1.0,ahmedabad,6250.0
32 Lac ,Ready to Move,Resale,Unfurnished,East,"Garden/Park, Main Road",Co-operative Society,3200000.0,774.0,5.0,1.0,1.0,0.0,ahmedabad,4134.3669250646
78 Lac ,Ready to Move,Resale,,,,,7800000.0,1600.0,1.0,3.0,0.0,0.0,ahmedabad,4875.0
2 Cr ,Ready to Move,Resale,Furnished,East,"Garden/Park, Pool",Freehold,20000000.0,4000.0,11.0,4.0,2.0,0.0,ahmedabad,5000.0
99 Lac ,Ready to Move,Resale,Furnished,North,Main Road,Freehold,9900000.0,1395.0,4.0,3.0,1.0,0.0,ahmedabad,7096.774193548387
5.20 Cr ,Ready to Move,Resale,Unfurnished,,,,52000000.0,6111.0,7.0,6.0,0.0,0.0,ahmedabad,8509.245622647684
5.50 Cr ,Ready to Move,Resale,Unfurnished,,,,55000000.0,6111.0,8.0,6.0,0.0,0.0,ahmedabad,9000.163639338896
2.87 Cr ,Ready to Move,Resale,Unfurnished,,,,28700000.0,6500.0,12.0,5.0,0.0,0.0,ahmedabad,4415.384615384615
5.21 Cr ,Ready to Move,New Property,Furnished,East,"Garden/Park, Pool, Main Road",Freehold,52100000.0,2500.0,13.0,5.0,1.0,4.0,ahmedabad,20840.0
95 Lac ,Ready to Move,Resale,Semi-Furnished,,Garden/Park,,9500000.0,1080.0,4.0,2.0,2.0,0.0,ahmedabad,8796.296296296296
9 Cr ,Ready to Move,Resale,Furnished,,,,90000000.0,6111.0,5.0,5.0,0.0,0.0,ahmedabad,14727.540500736377
48 Lac ,Ready to Move,Resale,Semi-Furnished,East,Garden/Park,Freehold,4800000.0,830.0,2.0,2.0,2.0,0.0,ahmedabad,5783.1325301204815
75 Lac ,Ready to Move,Resale,Unfurnished,North,"Garden/Park, Main Road",Freehold,7500000.0,1530.0,4.0,2.0,2.0,0.0,ahmedabad,4901.9607843137255
70 Lac ,Ready to Move,Resale,Unfurnished,East,"Pool, Garden/Park, Main Road",Freehold,7000000.0,721.0,5.0,2.0,1.0,1.0,ahmedabad,9708.73786407767
28 Lac ,Ready to Move,Resale,Unfurnished,East,"Garden/Park, Main Road",Co-operative Society,2800000.0,792.0,6.0,2.0,1.0,1.0,ahmedabad,3535.3535353535353
1.28 Cr ,Ready to Move,Resale,Unfurnished,North,Main Road,Co-operative Society,12800000.0,1980.0,2.0,3.0,1.0,0.0,ahmedabad,6464.646464646465
90 Lac ,Ready to Move,New Property,Unfurnished,,,,9000000.0,2034.0,0.0,3.0,0.0,0.0,ahmedabad,4424.778761061947
2.12 Cr ,Ready to Move,Resale,Semi-Furnished,,,,21200000.0,3600.0,10.0,5.0,0.0,0.0,ahmedabad,5888.888888888889
72 Lac ,Ready to Move,Resale,Unfurnished,West,Main Road,Freehold,7200000.0,800.0,3.0,2.0,0.0,0.0,ahmedabad,9000.0
58 Lac ,Ready to Move,Resale,Unfurnished,,,Freehold,5800000.0,783.0,9.0,2.0,0.0,1.0,ahmedabad,7407.407407407408
1.40 Cr ,Ready to Move,Resale,Unfurnished,East,Garden/Park,Freehold,14000000.0,1675.0,2.0,3.0,2.0,0.0,ahmedabad,8358.208955223881
40 Lac ,Ready to Move,Resale,Semi-Furnished,,,,4000000.0,945.0,5.0,2.0,3.0,0.0,ahmedabad,4232.804232804233
50 Lac ,Ready to Move,Resale,Furnished,,,,5000000.0,981.0,4.0,2.0,2.0,1.0,ahmedabad,5096.83995922528
1.16 Cr ,Ready to Move,Resale,Unfurnished,East,"Garden/Park, Main Road",Freehold,11600000.0,1404.0,9.0,3.0,1.0,2.0,ahmedabad,8262.108262108262
60 Lac ,,Resale,Furnished,North,Main Road,Co-operative Society,6000000.0,1080.0,1.0,2.0,1.0,12.0,ahmedabad,5555.555555555556
55 Lac ,Ready to Move,Resale,Unfurnished,East,Garden/Park,Freehold,5500000.0,1035.0,5.0,2.0,1.0,0.0,ahmedabad,5314.009661835748
1.58 Cr ,Ready to Move,New Property,Unfurnished,East,Garden/Park,Freehold,15800000.0,1485.0,13.0,4.0,1.0,1.0,ahmedabad,10639.73063973064
1.15 Cr ,Ready to Move,Resale,Furnished,East,"Garden/Park, Main Road",Co-operative Society,11500000.0,2340.0,5.0,2.0,1.0,0.0,ahmedabad,4914.529914529914
68 Lac ,Ready to Move,Resale,Furnished,East,"Garden/Park, Main Road",Freehold,6800000.0,945.0,3.0,2.0,2.0,1.0,ahmedabad,7195.7671957671955
85 Lac ,Ready to Move,Resale,Unfurnished,,,,8500000.0,1600.0,3.0,3.0,1.0,0.0,ahmedabad,5312.5
35 Lac ,Ready to Move,Resale,Semi-Furnished,,,,3500000.0,1000.0,3.0,2.0,0.0,0.0,ahmedabad,3500.0
51 Lac ,Ready to Move,Resale,Unfurnished,East,"Garden/Park, Main Road",Freehold,5100000.0,1064.0,9.0,2.0,1.0,0.0,ahmedabad,4793.233082706767
72 Lac ,Ready to Move,Resale,Semi-Furnished,East,"Garden/Park, Main Road",Freehold,7200000.0,1557.0,3.0,3.0,1.0,0.0,ahmedabad,4624.277456647399
1.30 Cr ,Ready to Move,Resale,Semi-Furnished,East,"Garden/Park, Main Road",Freehold,13000000.0,1350.0,2.0,3.0,1.0,1.0,ahmedabad,9629.62962962963
73 Lac ,Ready to Move,Resale,Semi-Furnished,,,,7300000.0,1000.0,5.0,2.0,0.0,0.0,ahmedabad,7300.0
75 Lac ,Ready to Move,New Property,Furnished,East,Main Road,Co-operative Society,7500000.0,1980.0,0.0,2.0,2.0,0.0,ahmedabad,3787.878787878788
62 Lac ,Ready to Move,Resale,Unfurnished,North - East,,,6200000.0,1100.0,1.0,2.0,2.0,0.0,ahmedabad,5636.363636363636
1.01 Cr ,Ready to Move,New Property,Unfurnished,East,"Garden/Park, Pool, Main Road",Freehold,10100000.0,1150.0,8.0,3.0,1.0,2.0,ahmedabad,8782.608695652174
60 Lac ,Ready to Move,Resale,Furnished,,,,6000000.0,1500.0,1.0,2.0,0.0,0.0,ahmedabad,4000.0
75 Lac ,Ready to Move,Resale,Furnished,,,,7500000.0,1224.0,6.0,2.0,0.0,0.0,ahmedabad,6127.450980392156
72 Lac ,Ready to Move,Resale,Furnished,,,,7200000.0,1350.0,9.0,2.0,0.0,0.0,ahmedabad,5333.333333333333
75 Lac ,Ready to Move,Resale,Furnished,,,,7500000.0,1224.0,5.0,2.0,0.0,0.0,ahmedabad,6127.450980392156
80 Lac ,Ready to Move,Resale,Furnished,,,,8000000.0,1215.0,7.0,3.0,0.0,0.0,ahmedabad,6584.3621399176955
53 Lac ,Ready to Move,Resale,Semi-Furnished,,,,5300000.0,1075.0,3.0,2.0,0.0,0.0,ahmedabad,4930.232558139535
40 Lac ,Ready to Move,Resale,Furnished,,,,4000000.0,1179.0,3.0,2.0,0.0,0.0,ahmedabad,3392.705682782019
67 Lac ,Ready to Move,Resale,Unfurnished,,,,6700000.0,1215.0,8.0,3.0,0.0,0.0,ahmedabad,5514.40329218107
43 Lac ,Ready to Move,Resale,Unfurnished,North - East,"Garden/Park, Main Road",Co-operative Society,4300000.0,900.0,2.0,2.0,0.0,1.0,ahmedabad,4777.777777777777
1.60 Cr ,Ready to Move,Resale,Furnished,,,,16000000.0,1860.0,10.0,3.0,0.0,0.0,ahmedabad,8602.150537634408
50 Lac ,Ready to Move,Resale,Unfurnished,,,,5000000.0,1300.0,6.0,2.0,0.0,0.0,ahmedabad,3846.153846153846
62 Lac ,Ready to Move,Resale,Semi-Furnished,,,,6200000.0,1215.0,3.0,3.0,0.0,0.0,ahmedabad,5102.880658436214
65 Lac ,Ready to Move,Resale,Semi-Furnished,,,,6500000.0,1188.0,3.0,2.0,0.0,0.0,ahmedabad,5471.380471380471
75 Lac ,Ready to Move,Resale,Unfurnished,,,,7500000.0,1467.0,1.0,3.0,0.0,0.0,ahmedabad,5112.474437627812
58 Lac ,Ready to Move,Resale,Furnished,North - East,"Garden/Park, Main Road",Freehold,5800000.0,960.0,4.0,2.0,2.0,2.0,ahmedabad,6041.666666666667
82 Lac ,Ready to Move,Resale,Unfurnished,East,Main Road,Freehold,8200000.0,1175.0,3.0,2.0,1.0,1.0,ahmedabad,6978.723404255319
1 Cr ,Ready to Move,Resale,Unfurnished,,,,10000000.0,999.0,11.0,3.0,0.0,0.0,ahmedabad,10010.01001001001
47 Lac ,Ready to Move,Resale,Unfurnished,,,,4700000.0,1260.0,6.0,2.0,0.0,0.0,ahmedabad,3730.15873015873
50 Lac ,Ready to Move,Resale,Unfurnished,,,,5000000.0,1260.0,7.0,2.0,0.0,0.0,ahmedabad,3968.253968253968
97 Lac ,Ready to Move,Resale,Unfurnished,East,"Garden/Park, Pool, Main Road",Freehold,9700000.0,2211.0,2.0,3.0,3.0,1.0,ahmedabad,4387.15513342379
88 Lac ,Ready to Move,Resale,Furnished,,,,8800000.0,1650.0,6.0,3.0,1.0,0.0,ahmedabad,5333.333333333333
1.30 Cr ,Ready to Move,Resale,Unfurnished,East,"Garden/Park, Pool, Main Road",Freehold,13000000.0,1122.0,9.0,3.0,1.0,1.0,ahmedabad,11586.45276292335
22.5 Lac ,Ready to Move,Resale,Unfurnished,,,,2250000.0,654.0,13.0,1.0,0.0,0.0,ahmedabad,3440.3669724770643
22.8 Lac ,Ready to Move,Resale,Unfurnished,,,,2280000.0,654.0,14.0,1.0,0.0,0.0,ahmedabad,3486.238532110092
90 Lac ,Ready to Move,Resale,Unfurnished,,,,9000000.0,1725.0,5.0,3.0,0.0,0.0,ahmedabad,5217.391304347826
90 Lac ,Ready to Move,Resale,Furnished,East,Garden/Park,Freehold,9000000.0,1286.0,1.0,3.0,2.0,1.0,ahmedabad,6998.444790046657
65 Lac ,Ready to Move,New Property,Unfurnished,East,"Garden/Park, Main Road",Freehold,6500000.0,1004.0,5.0,3.0,1.0,1.0,ahmedabad,6474.103585657371
23 Lac ,Ready to Move,Resale,Unfurnished,East,"Garden/Park, Main Road",Co-operative Society,2300000.0,612.0,2.0,1.0,1.0,1.0,ahmedabad,3758.169934640523
48 Lac ,Ready to Move,Resale,Unfurnished,,,,4800000.0,1500.0,1.0,3.0,0.0,0.0,ahmedabad,3200.0
40 Lac ,Ready to Move,Resale,Unfurnished,East,Garden/Park,Freehold,4000000.0,990.0,1.0,2.0,2.0,0.0,ahmedabad,4040.40404040404
21 Lac ,Ready to Move,Resale,Furnished,North,Main Road,,2100000.0,106.0,4.0,2.0,2.0,0.0,ahmedabad,19811.32075471698
40 Lac ,Ready to Move,Resale,Unfurnished,,,,4000000.0,1188.0,2.0,2.0,0.0,0.0,ahmedabad,3367.003367003367
60 Lac ,Ready to Move,Resale,Unfurnished,East,"Garden/Park, Main Road",Freehold,6000000.0,1076.0,3.0,2.0,1.0,0.0,ahmedabad,5576.208178438662
26 Lac ,Ready to Move,Resale,Unfurnished,East,"Garden/Park, Main Road",Co-operative Society,2600000.0,73.0,7.0,1.0,1.0,1.0,ahmedabad,35616.438356164384
1 Cr ,Ready to Move,Resale,Unfurnished,East,"Garden/Park, Pool, Main Road",Freehold,10000000.0,2211.0,17.0,3.0,3.0,1.0,ahmedabad,4522.840343735867
24.5 Lac ,Ready to Move,Resale,Furnished,East,"Garden/Park, Main Road",,2450000.0,560.0,5.0,1.0,1.0,0.0,ahmedabad,4375.0
45 Lac ,Ready to Move,Resale,Semi-Furnished,North,,Freehold,4500000.0,945.0,3.0,2.0,2.0,0.0,ahmedabad,4761.9047619047615
1 Cr ,Ready to Move,Resale,Semi-Furnished,West,"Garden/Park, Main Road",Freehold,10000000.0,1494.0,1.0,2.0,3.0,0.0,ahmedabad,6693.440428380188
42 Lac ,Ready to Move,Resale,Unfurnished,,,,4200000.0,1170.0,7.0,2.0,0.0,0.0,ahmedabad,3589.74358974359
45 Lac ,Ready to Move,Resale,Furnished,,,,4500000.0,1170.0,7.0,2.0,0.0,0.0,ahmedabad,3846.153846153846
51 Lac ,Ready to Move,Resale,Furnished,,,,5100000.0,1350.0,1.0,2.0,0.0,0.0,ahmedabad,3777.777777777778
1.30 Cr ,Ready to Move,Resale,Furnished,West,,Freehold,13000000.0,1260.0,7.0,3.0,1.0,2.0,ahmedabad,10317.460317460318
64 Lac ,Ready to Move,Other,Furnished,,,,6400000.0,1305.0,9.0,2.0,0.0,0.0,ahmedabad,4904.214559386974
80 Lac ,Ready to Move,Resale,Unfurnished,,,Freehold,8000000.0,1001.0519999999999,5.0,3.0,1.0,0.0,ahmedabad,7991.592844327768
1.20 Cr ,Ready to Move,Resale,Unfurnished,,,,12000000.0,2200.0,8.0,3.0,0.0,0.0,ahmedabad,5454.545454545455
48 Lac ,Ready to Move,New Property,Semi-Furnished,East,"Garden/Park, Main Road",Freehold,4800000.0,688.0,5.0,2.0,0.0,1.0,ahmedabad,6976.7441860465115
58 Lac ,Ready to Move,Resale,Unfurnished,West,"Garden/Park, Main Road",Freehold,5800000.0,820.0,7.0,2.0,2.0,1.0,ahmedabad,7073.170731707317
67 Lac ,Ready to Move,Resale,Unfurnished,,,Freehold,6700000.0,850.0,9.0,3.0,1.0,0.0,ahmedabad,7882.35294117647
58 Lac ,Ready to Move,Resale,Semi-Furnished,,,,5800000.0,1098.0,2.0,2.0,0.0,0.0,ahmedabad,5282.331511839709
58 Lac ,Ready to Move,Resale,Unfurnished,,,,5800000.0,1098.0,2.0,2.0,0.0,0.0,ahmedabad,5282.331511839709
2.25 Cr ,Ready to Move,Resale,Unfurnished,,,,22500000.0,3150.0,1.0,4.0,0.0,0.0,ahmedabad,7142.857142857143
1.18 Cr ,Ready to Move,New Property,Unfurnished,East,"Garden/Park, Pool",Co-operative Society,11800000.0,1654.0,8.0,4.0,4.0,2.0,ahmedabad,7134.22007255139
1.10 Cr ,Ready to Move,Resale,Semi-Furnished,,,,11000000.0,2000.0,0.0,4.0,0.0,0.0,ahmedabad,5500.0
1.52 Cr ,Ready to Move,New Property,Unfurnished,,,,15200000.0,3708.0,5.0,4.0,0.0,0.0,ahmedabad,4099.244875943905
3.40 Cr ,Ready to Move,New Property,Unfurnished,East,Main Road,Freehold,34000000.0,2614.0,3.0,5.0,1.0,3.0,ahmedabad,13006.885998469777
65 Lac ,Ready to Move,Resale,Furnished,,,,6500000.0,1350.0,2.0,2.0,1.0,0.0,ahmedabad,4814.814814814815
53 Lac ,Ready to Move,Resale,Semi-Furnished,West,Garden/Park,Freehold,5300000.0,790.0,11.0,2.0,1.0,1.0,ahmedabad,6708.860759493671
64 Lac ,,Resale,Semi-Furnished,South,Garden/Park,Co-operative Society,6400000.0,765.0,2.0,3.0,1.0,1.0,ahmedabad,8366.013071895424
52 Lac ,Ready to Move,Resale,Unfurnished,East,"Garden/Park, Pool, Main Road",Freehold,5200000.0,906.0,4.0,2.0,2.0,1.0,ahmedabad,5739.514348785872
2.28 Cr ,Ready to Move,New Property,Unfurnished,East,Main Road,Freehold,22799999.999999996,2665.0,6.0,4.0,1.0,2.0,ahmedabad,8555.347091932457
65 Lac ,Ready to Move,New Property,Furnished,East,"Garden/Park, Main Road",Freehold,6500000.0,756.0,1.0,2.0,2.0,0.0,ahmedabad,8597.883597883598
2.25 Cr ,Ready to Move,Resale,Furnished,East,"Garden/Park, Main Road",Co-operative Society,22500000.0,2531.0,2.0,4.0,2.0,2.0,ahmedabad,8889.766890557092
53 Lac ,Ready to Move,Resale,Unfurnished,East,"Garden/Park, Pool, Main Road",Freehold,5300000.0,906.0,4.0,2.0,2.0,1.0,ahmedabad,5849.889624724062
68 Lac ,Ready to Move,Resale,Unfurnished,,"Garden/Park, Pool, Main Road",,6800000.0,768.0,,3.0,1.0,0.0,ahmedabad,8854.166666666666
57.4 Lac ,Ready to Move,New Property,Unfurnished,East,"Garden/Park, Pool, Main Road",Freehold,5740000.0,1435.0,8.0,3.0,1.0,1.0,ahmedabad,4000.0
2.24 Cr ,Ready to Move,Resale,Furnished,East,"Garden/Park, Pool",Freehold,22400000.000000004,2490.0,10.0,6.0,2.0,2.0,ahmedabad,8995.983935742974
61 Lac ,Ready to Move,New Property,Semi-Furnished,North - East,"Main Road, Garden/Park",Freehold,6100000.0,895.0,5.0,2.0,1.0,0.0,ahmedabad,6815.6424581005585
42 Lac ,Ready to Move,Resale,Unfurnished,North,Garden/Park,Freehold,4200000.0,588.0,3.0,2.0,1.0,0.0,ahmedabad,7142.857142857143
50 Lac ,Ready to Move,Resale,Unfurnished,,,,5000000.0,700.0,7.0,2.0,0.0,0.0,ahmedabad,7142.857142857143
58 Lac ,Ready to Move,Resale,Unfurnished,,,,5800000.0,1100.0,4.0,2.0,0.0,0.0,ahmedabad,5272.727272727273
23.5 Lac ,Ready to Move,Resale,Furnished,,,,2350000.0,690.0,4.0,1.0,2.0,0.0,ahmedabad,3405.7971014492755
19.5 Lac ,Ready to Move,Resale,Furnished,,,,1950000.0,650.0,1.0,1.0,1.0,0.0,ahmedabad,3000.0
85 Lac ,Ready to Move,Resale,Furnished,East,Garden/Park,Freehold,8500000.0,1470.0,1.0,1.0,1.0,0.0,ahmedabad,5782.312925170068
58 Lac ,Ready to Move,New Property,Unfurnished,,,,5800000.0,1070.0,2.0,2.0,0.0,0.0,ahmedabad,5420.560747663551
1.75 Cr ,Ready to Move,Resale,Unfurnished,North - East,Garden/Park,Freehold,17500000.0,2460.0,4.0,4.0,2.0,0.0,ahmedabad,7113.821138211382
56.5 Lac ,Ready to Move,Resale,Semi-Furnished,East,"Garden/Park, Main Road",Freehold,5650000.0,751.0,3.0,2.0,1.0,1.0,ahmedabad,7523.302263648468
49 Lac ,Ready to Move,Resale,Unfurnished,East,"Garden/Park, Pool, Main Road",Freehold,4900000.0,877.0,4.0,2.0,1.0,1.0,ahmedabad,5587.229190421893
2.75 Cr ,Ready to Move,Resale,Furnished,East,,Freehold,27500000.0,2006.0,10.0,4.0,2.0,2.0,ahmedabad,13708.873379860419
1.59 Cr ,Ready to Move,New Property,Unfurnished,East,Main Road,Co-operative Society,15900000.0,2415.0,9.0,4.0,1.0,2.0,ahmedabad,6583.850931677019
5.45 Cr ,Ready to Move,New Property,Unfurnished,East,Main Road,Freehold,54500000.0,3100.0,10.0,5.0,1.0,3.0,ahmedabad,17580.645161290322
1.40 Cr ,Ready to Move,Resale,Furnished,,,,14000000.0,2100.0,4.0,3.0,0.0,0.0,ahmedabad,6666.666666666667
1.51 Cr ,Ready to Move,New Property,Furnished,,,,15100000.0,2075.0,1.0,3.0,0.0,0.0,ahmedabad,7277.108433734939
35 Lac ,Ready to Move,Resale,Unfurnished,North - East,"Garden/Park, Main Road",Freehold,3500000.0,500.0,7.0,2.0,1.0,0.0,ahmedabad,7000.0
1.30 Cr ,Ready to Move,New Property,Semi-Furnished,,,Freehold,13000000.0,1200.0,3.0,3.0,1.0,0.0,ahmedabad,10833.333333333334
1.20 Cr ,Ready to Move,Resale,Furnished,East,,Freehold,12000000.0,1100.0,13.0,3.0,2.0,2.0,ahmedabad,10909.09090909091
1.10 Cr ,Ready to Move,Resale,Unfurnished,,"Garden/Park, Main Road",Freehold,11000000.0,1300.0,5.0,3.0,2.0,1.0,ahmedabad,8461.538461538461
75 Lac ,Ready to Move,Resale,Unfurnished,East,Garden/Park,Freehold,7500000.0,1611.0,10.0,2.0,1.0,0.0,ahmedabad,4655.493482309124
3.35 Cr ,Ready to Move,New Property,Unfurnished,North - East,,Freehold,33500000.0,1206.0,11.0,4.0,1.0,1.0,ahmedabad,27777.777777777777
85 Lac ,Ready to Move,Resale,Furnished,East,"Garden/Park, Main Road",,8500000.0,1100.0,3.0,2.0,2.0,0.0,ahmedabad,7727.272727272727
2.80 Cr ,Ready to Move,New Property,Unfurnished,East,"Main Road, Garden/Park, Pool",Freehold,28000000.0,3638.0,9.0,4.0,1.0,2.0,ahmedabad,7696.536558548653
1.50 Cr ,Ready to Move,New Property,Semi-Furnished,East,"Main Road, Garden/Park, Pool",Freehold,15000000.0,1200.0,8.0,3.0,1.0,1.0,ahmedabad,12500.0
29 Lac ,Ready to Move,Resale,Unfurnished,,,,2900000.0,495.0,0.0,1.0,0.0,0.0,ahmedabad,5858.585858585859
31 Lac ,Ready to Move,Resale,Semi-Furnished,,,,3100000.0,765.0,1.0,2.0,2.0,0.0,ahmedabad,4052.2875816993464
1.85 Cr ,Ready to Move,Resale,Unfurnished,East,Garden/Park,Freehold,18500000.0,1800.0,2.0,3.0,1.0,1.0,ahmedabad,10277.777777777777
1.50 Cr ,Ready to Move,Resale,Furnished,East,,Freehold,15000000.0,1227.0,2.0,3.0,3.0,1.0,ahmedabad,12224.938875305623
1.51 Cr ,Ready to Move,Resale,Unfurnished,,,,15100000.0,3151.0,1.0,5.0,0.0,0.0,ahmedabad,4792.129482703904
32 Lac ,Ready to Move,Resale,Unfurnished,East,,Freehold,3200000.0,693.0,11.0,2.0,1.0,0.0,ahmedabad,4617.6046176046175
45 Lac ,Ready to Move,Resale,Unfurnished,,,,4500000.0,1215.0,3.0,2.0,0.0,0.0,ahmedabad,3703.703703703704
45.5 Lac ,Ready to Move,Resale,Unfurnished,,,,4550000.0,1215.0,4.0,2.0,0.0,0.0,ahmedabad,3744.855967078189
46 Lac ,Ready to Move,Resale,Unfurnished,,,,4600000.0,1215.0,4.0,2.0,0.0,0.0,ahmedabad,3786.008230452675
1.51 Cr ,Ready to Move,New Property,Unfurnished,,,,15100000.0,2322.0,2.0,3.0,0.0,0.0,ahmedabad,6503.014642549526
1.95 Cr ,Ready to Move,Resale,Unfurnished,,,,19500000.0,3525.0,3.0,3.0,0.0,0.0,ahmedabad,5531.914893617021
2 Cr ,Ready to Move,Resale,Unfurnished,,,,20000000.0,3492.0,4.0,3.0,0.0,0.0,ahmedabad,5727.37686139748
30 Lac ,Ready to Move,Resale,Semi-Furnished,,,,3000000.0,765.0,2.0,1.0,0.0,0.0,ahmedabad,3921.5686274509803
1.20 Cr ,Ready to Move,Resale,Unfurnished,East,"Garden/Park, Pool",Freehold,12000000.0,1200.0,7.0,3.0,2.0,1.0,ahmedabad,10000.0
57 Lac ,Ready to Move,Resale,Unfurnished,North,"Pool, Garden/Park, Main Road",Freehold,5700000.0,907.0,6.0,2.0,0.0,1.0,ahmedabad,6284.454244762955
2.55 Cr ,Ready to Move,Resale,Unfurnished,East,Main Road,Freehold,25500000.0,3060.0,6.0,4.0,3.0,2.0,ahmedabad,8333.333333333334
1.65 Cr ,Ready to Move,Resale,Unfurnished,East,Garden/Park,Co-operative Society,16500000.0,1600.0,5.0,4.0,2.0,0.0,ahmedabad,10312.5
1.12 Cr ,Ready to Move,Resale,Semi-Furnished,South,"Main Road, Pool, Garden/Park",Freehold,11200000.000000002,900.0,9.0,3.0,0.0,1.0,ahmedabad,12444.444444444447
5.50 Cr ,Ready to Move,Resale,Unfurnished,East,Garden/Park,Freehold,55000000.0,7506.0,12.0,8.0,4.0,0.0,ahmedabad,7327.471356248335
52.2 Lac ,Ready to Move,New Property,Unfurnished,East,Garden/Park,Freehold,5220000.0,693.0,4.0,2.0,1.0,1.0,ahmedabad,7532.467532467533
42 Lac ,Ready to Move,Resale,Unfurnished,,,,4200000.0,1100.0,8.0,2.0,0.0,0.0,ahmedabad,3818.181818181818
55 Lac ,Ready to Move,Resale,Furnished,East,"Garden/Park, Main Road",Freehold,5500000.0,990.0,2.0,2.0,2.0,1.0,ahmedabad,5555.555555555556
46 Lac ,Ready to Move,New Property,Unfurnished,,,,4600000.0,1233.0,1.0,2.0,0.0,0.0,ahmedabad,3730.73803730738
61.2 Lac ,Ready to Move,Resale,Unfurnished,,,,6120000.0,1960.0,1.0,3.0,0.0,0.0,ahmedabad,3122.4489795918366
1.50 Cr ,Ready to Move,Resale,Furnished,,,,15000000.0,2400.0,2.0,3.0,0.0,0.0,ahmedabad,6250.0
1.50 Cr ,Ready to Move,Resale,Furnished,,,,15000000.0,2250.0,2.0,3.0,0.0,0.0,ahmedabad,6666.666666666667
1.56 Cr ,Ready to Move,Resale,Semi-Furnished,,,,15600000.0,2850.0,1.0,3.0,0.0,0.0,ahmedabad,5473.684210526316
1.42 Cr ,Ready to Move,Resale,Unfurnished,,,,14200000.0,3150.0,4.0,4.0,0.0,0.0,ahmedabad,4507.936507936508
1.35 Cr ,Ready to Move,Resale,Unfurnished,,,,13500000.0,2118.0,2.0,3.0,1.0,0.0,ahmedabad,6373.937677053825
1.57 Cr ,Ready to Move,Resale,Unfurnished,,,,15700000.0,3150.0,8.0,5.0,0.0,0.0,ahmedabad,4984.126984126984
50 Lac ,Ready to Move,Resale,Furnished,,,,5000000.0,1215.0,1.0,2.0,0.0,0.0,ahmedabad,4115.22633744856
74 Lac ,Ready to Move,New Property,Furnished,,,,7400000.0,1680.0,5.0,3.0,0.0,0.0,ahmedabad,4404.761904761905
85 Lac ,Ready to Move,Resale,Furnished,,,,8500000.0,900.0,2.0,2.0,2.0,0.0,ahmedabad,9444.444444444445
40 Lac ,Ready to Move,Resale,Semi-Furnished,,,,4000000.0,1035.0,2.0,2.0,0.0,0.0,ahmedabad,3864.7342995169083
58 Lac ,Ready to Move,Resale,Unfurnished,East,Garden/Park,Freehold,5800000.0,1210.0,6.0,2.0,1.0,1.0,ahmedabad,4793.388429752066
51 Lac ,Ready to Move,Resale,Unfurnished,,,,5100000.0,1170.0,7.0,2.0,0.0,0.0,ahmedabad,4358.974358974359
52 Lac ,Ready to Move,Resale,Unfurnished,,,,5200000.0,1179.0,5.0,2.0,0.0,0.0,ahmedabad,4410.517387616625
71.5 Lac ,Ready to Move,Resale,Furnished,,,,7150000.0,1989.0,7.0,3.0,0.0,0.0,ahmedabad,3594.7712418300653
65 Lac ,Ready to Move,New Property,Unfurnished,,,,6500000.0,1530.0,11.0,2.0,0.0,0.0,ahmedabad,4248.366013071895
89 Lac ,Ready to Move,Resale,Unfurnished,East,Garden/Park,Freehold,8900000.0,1729.0,5.0,3.0,2.0,1.0,ahmedabad,5147.484094852516
1.60 Cr ,Ready to Move,Resale,Furnished,East,,Freehold,16000000.0,1380.0,8.0,4.0,2.0,1.0,ahmedabad,11594.202898550724
1 Cr ,Ready to Move,New Property,Furnished,East,Garden/Park,Freehold,10000000.0,969.0,2.0,3.0,1.0,1.0,ahmedabad,10319.917440660474
60 Lac ,Ready to Move,Resale,Semi-Furnished,,,,6000000.0,1395.0,4.0,3.0,0.0,0.0,ahmedabad,4301.075268817204
1.95 Cr ,Ready to Move,Resale,Furnished,West,"Garden/Park, Main Road",Freehold,19500000.0,1350.0,-1.0,2.0,1.0,2.0,ahmedabad,14444.444444444445
60 Lac ,Ready to Move,Resale,Unfurnished,,"Garden/Park, Pool, Main Road",Co-operative Society,6000000.0,1620.0,,2.0,0.0,0.0,ahmedabad,3703.703703703704
1.25 Cr ,Ready to Move,Resale,Unfurnished,East,"Garden/Park, Pool, Main Road",Freehold,12500000.0,1400.0,7.0,3.0,3.0,1.0,ahmedabad,8928.57142857143
68 Lac ,Ready to Move,New Property,Unfurnished,East,"Garden/Park, Main Road",Co-operative Society,6800000.0,1068.0,9.0,3.0,1.0,1.0,ahmedabad,6367.041198501873
1.15 Cr ,Ready to Move,Resale,Unfurnished,,,,11500000.0,2025.0,3.0,3.0,0.0,0.0,ahmedabad,5679.0123456790125
1.15 Cr ,Ready to Move,New Property,Unfurnished,,,,11500000.0,2025.0,3.0,3.0,0.0,0.0,ahmedabad,5679.0123456790125
56 Lac ,Ready to Move,Resale,Unfurnished,,,,5600000.0,1260.0,2.0,2.0,0.0,0.0,ahmedabad,4444.444444444444
62 Lac ,Ready to Move,Resale,Unfurnished,,,,6200000.0,1400.0,6.0,2.0,0.0,0.0,ahmedabad,4428.571428571428
45 Lac ,Ready to Move,Resale,Unfurnished,,,,4500000.0,1125.0,2.0,2.0,0.0,1.0,ahmedabad,4000.0
60 Lac ,Ready to Move,Resale,Unfurnished,North,Garden/Park,Freehold,6000000.0,918.0,1.0,2.0,1.0,0.0,ahmedabad,6535.9477124183
56 Lac ,Ready to Move,Resale,Semi-Furnished,,,,5600000.0,1215.0,1.0,2.0,0.0,0.0,ahmedabad,4609.0534979423865
70 Lac ,Ready to Move,Resale,Unfurnished,,,,7000000.0,1503.0,1.0,3.0,0.0,0.0,ahmedabad,4657.351962741184
75 Lac ,Ready to Move,Resale,Furnished,,,,7500000.0,1500.0,4.0,2.0,0.0,0.0,ahmedabad,5000.0
68 Lac ,Ready to Move,Resale,Unfurnished,East,Garden/Park,,6800000.0,1315.0,11.0,2.0,1.0,0.0,ahmedabad,5171.102661596959
64 Lac ,Ready to Move,New Property,Unfurnished,East,Garden/Park,Freehold,6400000.0,909.0,11.0,3.0,1.0,1.0,ahmedabad,7040.7040704070405
45.2 Lac ,Ready to Move,Resale,Unfurnished,,,,4520000.0,1170.0,3.0,2.0,0.0,0.0,ahmedabad,3863.2478632478633
1.10 Cr ,Ready to Move,Resale,Unfurnished,,,,11000000.0,1890.0,12.0,3.0,0.0,0.0,ahmedabad,5820.10582010582
71 Lac ,Ready to Move,Resale,Unfurnished,,,,7100000.0,1350.0,7.0,2.0,0.0,0.0,ahmedabad,5259.259259259259
73 Lac ,Ready to Move,Resale,Unfurnished,,,,7300000.0,1350.0,7.0,2.0,0.0,0.0,ahmedabad,5407.407407407408
1.60 Cr ,Ready to Move,Resale,Semi-Furnished,East,Main Road,Freehold,16000000.0,2520.0,4.0,4.0,3.0,2.0,ahmedabad,6349.206349206349
50 Lac ,Ready to Move,Resale,Furnished,,,,5000000.0,1143.0,2.0,2.0,1.0,0.0,ahmedabad,4374.4531933508315
72 Lac ,Ready to Move,New Property,Unfurnished,East,,Freehold,7200000.0,950.0,5.0,3.0,1.0,1.0,ahmedabad,7578.9473684210525
80 Lac ,Ready to Move,Resale,Furnished,,,,8000000.0,1500.0,0.0,2.0,0.0,0.0,ahmedabad,5333.333333333333
1.82 Cr ,Ready to Move,Resale,Unfurnished,East,"Garden/Park, Main Road",Freehold,18200000.0,1625.0,6.0,3.0,1.0,1.0,ahmedabad,11200.0
2.29 Cr ,Ready to Move,Resale,Unfurnished,East,Garden/Park,Freehold,22900000.0,2052.0,14.0,4.0,1.0,3.0,ahmedabad,11159.844054580897
18 Lac ,Ready to Move,Resale,Unfurnished,North,"Garden/Park, Main Road",Freehold,1800000.0,179.0,4.0,1.0,1.0,0.0,ahmedabad,10055.86592178771
19 Lac ,Ready to Move,Resale,Unfurnished,,,,1900000.0,630.0,1.0,1.0,1.0,0.0,ahmedabad,3015.873015873016
3.70 Cr ,Ready to Move,New Property,Furnished,East,"Garden/Park, Main Road",Freehold,37000000.0,2532.0,11.0,4.0,1.0,2.0,ahmedabad,14612.954186413903
1.12 Cr ,Ready to Move,New Property,Unfurnished,East,Garden/Park,Freehold,11200000.000000002,1017.0,7.0,3.0,1.0,1.0,ahmedabad,11012.782694198626
1.51 Cr ,Ready to Move,Resale,Furnished,East,"Garden/Park, Main Road",Freehold,15100000.0,2080.0,13.0,3.0,2.0,0.0,ahmedabad,7259.615384615385
54 Lac ,Ready to Move,Resale,Semi-Furnished,East,Garden/Park,Freehold,5400000.0,745.0,8.0,2.0,0.0,1.0,ahmedabad,7248.322147651007
1.30 Cr ,Ready to Move,Resale,Semi-Furnished,,Main Road,Freehold,13000000.0,1890.0,7.0,4.0,3.0,1.0,ahmedabad,6878.306878306878
72 Lac ,Ready to Move,New Property,Semi-Furnished,East,"Pool, Garden/Park, Main Road",Freehold,7200000.0,830.0,8.0,3.0,0.0,0.0,ahmedabad,8674.698795180722
1.25 Cr ,Ready to Move,Resale,Furnished,East,,Freehold,12500000.0,1980.0,8.0,3.0,2.0,1.0,ahmedabad,6313.131313131313
3.25 Cr ,Ready to Move,New Property,Unfurnished,,,,32500000.0,4500.0,3.0,4.0,0.0,0.0,ahmedabad,7222.222222222223
3.44 Cr ,Ready to Move,New Property,Unfurnished,,,,34400000.0,4300.0,1.0,4.0,0.0,0.0,ahmedabad,8000.0
3.44 Cr ,Ready to Move,New Property,Unfurnished,,,,34400000.0,4300.0,0.0,4.0,0.0,0.0,ahmedabad,8000.0
1.35 Cr ,Ready to Move,Resale,Semi-Furnished,,,,13500000.0,1845.0,3.0,3.0,3.0,1.0,ahmedabad,7317.073170731707
3.45 Cr ,Ready to Move,New Property,Unfurnished,,,,34500000.0,4500.0,2.0,4.0,0.0,0.0,ahmedabad,7666.666666666667
85 Lac ,Ready to Move,Resale,Furnished,,,,8500000.0,1665.0,8.0,3.0,0.0,0.0,ahmedabad,5105.105105105105
85 Lac ,Ready to Move,Resale,Furnished,,,,8500000.0,1665.0,7.0,3.0,0.0,0.0,ahmedabad,5105.105105105105
90 Lac ,Ready to Move,Resale,Furnished,,,,9000000.0,1650.0,6.0,3.0,0.0,0.0,ahmedabad,5454.545454545455
90 Lac ,Ready to Move,Resale,Semi-Furnished,,,,9000000.0,1689.0,8.0,3.0,0.0,0.0,ahmedabad,5328.596802841918
57.4 Lac ,Ready to Move,Resale,Unfurnished,East,"Garden/Park, Main Road",Freehold,5740000.0,825.0,7.0,3.0,1.0,1.0,ahmedabad,6957.575757575758
1.30 Cr ,Ready to Move,Resale,Furnished,East,Main Road,Freehold,13000000.0,1800.0,3.0,3.0,1.0,1.0,ahmedabad,7222.222222222223
45 Lac ,Ready to Move,Resale,Unfurnished,,"Garden/Park, Main Road",,4500000.0,900.0,3.0,2.0,2.0,0.0,ahmedabad,5000.0
90 Lac ,Ready to Move,Resale,Unfurnished,,,,9000000.0,1200.0,10.0,3.0,1.0,0.0,ahmedabad,7500.0
1.20 Cr ,Ready to Move,Resale,Furnished,,,,12000000.0,1980.0,3.0,4.0,4.0,0.0,ahmedabad,6060.606060606061
72 Lac ,Ready to Move,New Property,Unfurnished,East,"Garden/Park, Main Road",Freehold,7200000.0,928.0,10.0,3.0,1.0,2.0,ahmedabad,7758.620689655172
60 Lac ,Ready to Move,Resale,Furnished,,,,6000000.0,909.0,4.0,2.0,0.0,0.0,ahmedabad,6600.660066006601
11 Cr ,Ready to Move,Resale,Furnished,North - East,"Garden/Park, Main Road",Freehold,110000000.0,8000.0,12.0,4.0,1.0,0.0,ahmedabad,13750.0
1.40 Cr ,Ready to Move,Resale,Furnished,West,Main Road,Freehold,14000000.0,1350.0,4.0,3.0,3.0,2.0,ahmedabad,10370.37037037037
1.20 Cr ,Ready to Move,New Property,Unfurnished,East,Garden/Park,Freehold,12000000.0,1980.0,-1.0,3.0,1.0,0.0,ahmedabad,6060.606060606061
1.30 Cr ,Ready to Move,Resale,Semi-Furnished,,,,13000000.0,3042.0,6.0,4.0,0.0,0.0,ahmedabad,4273.504273504273
1.50 Cr ,Ready to Move,New Property,Unfurnished,,,,15000000.0,3060.0,4.0,4.0,0.0,0.0,ahmedabad,4901.9607843137255
15.5 Lac ,Ready to Move,Resale,Semi-Furnished,,,,1550000.0,82.0,5.0,1.0,2.0,0.0,ahmedabad,18902.439024390245
23 Lac ,Ready to Move,Resale,Furnished,,,,2300000.0,423.0,3.0,1.0,1.0,0.0,ahmedabad,5437.352245862884
1.50 Cr ,Ready to Move,Resale,Semi-Furnished,East,Main Road,Freehold,15000000.0,2357.0,9.0,3.0,1.0,4.0,ahmedabad,6364.022061943148
29 Lac ,Ready to Move,Resale,Unfurnished,,,Freehold,2900000.0,810.0,1.0,2.0,2.0,0.0,ahmedabad,3580.246913580247
70 Lac ,Ready to Move,Resale,Semi-Furnished,,Garden/Park,,7000000.0,945.0,1.0,2.0,0.0,1.0,ahmedabad,7407.407407407408
72 Lac ,Ready to Move,Resale,Unfurnished,,,,7200000.0,1965.0,10.0,3.0,0.0,0.0,ahmedabad,3664.1221374045804
72.8 Lac ,Ready to Move,New Property,Unfurnished,,,,7280000.0,2009.0,14.0,3.0,0.0,0.0,ahmedabad,3623.693379790941
73 Lac ,Ready to Move,New Property,Unfurnished,,,,7300000.0,2160.0,14.0,3.0,0.0,0.0,ahmedabad,3379.6296296296296
75 Lac ,Ready to Move,Resale,Unfurnished,,,,7500000.0,2015.0,10.0,3.0,0.0,0.0,ahmedabad,3722.0843672456576
98 Lac ,Ready to Move,New Property,Unfurnished,East,"Garden/Park, Pool, Main Road",Co-operative Society,9800000.0,1409.0,6.0,3.0,1.0,0.0,ahmedabad,6955.287437899219
36 Lac ,Ready to Move,Resale,Unfurnished,,,,3600000.0,1000.0,10.0,2.0,1.0,1.0,ahmedabad,3600.0
2.30 Cr ,Ready to Move,New Property,Unfurnished,North - East,"Garden/Park, Pool, Main Road",Freehold,23000000.0,2122.0,11.0,2.0,2.0,2.0,ahmedabad,10838.831291234685
62 Lac ,Ready to Move,Resale,Furnished,East,Garden/Park,Freehold,6200000.0,800.0,4.0,2.0,1.0,1.0,ahmedabad,7750.0
4.21 Cr ,Ready to Move,New Property,Unfurnished,East,"Garden/Park, Main Road",Freehold,42100000.0,2796.0,9.0,4.0,1.0,4.0,ahmedabad,15057.22460658083
59 Lac ,Ready to Move,Resale,Semi-Furnished,,,,5900000.0,1250.0,2.0,2.0,1.0,0.0,ahmedabad,4720.0
65.9 Lac ,Ready to Move,Resale,Unfurnished,East,Garden/Park,Freehold,6590000.000000001,920.0,7.0,3.0,1.0,1.0,ahmedabad,7163.043478260871
2.85 Cr ,Ready to Move,New Property,Unfurnished,East,Garden/Park,Freehold,28500000.0,3710.0,5.0,4.0,1.0,3.0,ahmedabad,7681.9407008086255
25 Lac ,Ready to Move,Resale,Unfurnished,North,"Garden/Park, Main Road",Freehold,2500000.0,774.0,3.0,1.0,1.0,0.0,ahmedabad,3229.9741602067184
66 Lac ,Ready to Move,New Property,Unfurnished,North - West,"Garden/Park, Main Road",Freehold,6600000.0,1520.0,9.0,3.0,1.0,0.0,ahmedabad,4342.105263157895
54 Lac ,Ready to Move,Resale,Unfurnished,North - East,Main Road,Freehold,5400000.0,624.0,15.0,2.0,0.0,1.0,ahmedabad,8653.846153846154
1.80 Cr ,Ready to Move,Resale,Furnished,,Main Road,Freehold,18000000.0,2340.0,3.0,3.0,1.0,2.0,ahmedabad,7692.307692307692
42 Lac ,Ready to Move,Resale,Unfurnished,,"Garden/Park, Main Road",Leasehold,4200000.0,1250.0,1.0,2.0,2.0,0.0,ahmedabad,3360.0
37 Lac ,Ready to Move,Resale,Unfurnished,,,,3700000.0,1035.0,5.0,2.0,0.0,0.0,ahmedabad,3574.8792270531403
41.8 Lac ,Ready to Move,Resale,Unfurnished,,,,4179999.9999999995,1107.0,7.0,2.0,0.0,0.0,ahmedabad,3775.9710930442634
42 Lac ,Ready to Move,New Property,Unfurnished,,,,4200000.0,1107.0,5.0,2.0,0.0,0.0,ahmedabad,3794.0379403794036
42 Lac ,Ready to Move,Resale,Unfurnished,,,,4200000.0,1044.0,3.0,2.0,0.0,0.0,ahmedabad,4022.9885057471265
63 Lac ,Ready to Move,New Property,Unfurnished,East,Garden/Park,Co-operative Society,6300000.0,818.0,7.0,3.0,1.0,1.0,ahmedabad,7701.711491442543
84 Lac ,Ready to Move,Resale,Unfurnished,East,"Garden/Park, Pool, Main Road",Freehold,8400000.0,1450.0,11.0,3.0,2.0,0.0,ahmedabad,5793.103448275862
26 Lac ,Ready to Move,Resale,Unfurnished,South -West,"Garden/Park, Main Road",Freehold,2600000.0,550.0,6.0,2.0,2.0,0.0,ahmedabad,4727.272727272727
1.40 Cr ,Ready to Move,New Property,Unfurnished,,,,14000000.0,2322.0,2.0,3.0,0.0,0.0,ahmedabad,6029.285099052541
1.40 Cr ,Ready to Move,Resale,Unfurnished,,,,14000000.0,2322.0,3.0,3.0,0.0,0.0,ahmedabad,6029.285099052541
1.40 Cr ,Ready to Move,Resale,Unfurnished,,,,14000000.0,2322.0,2.0,3.0,0.0,0.0,ahmedabad,6029.285099052541
38.5 Lac ,Ready to Move,Resale,Semi-Furnished,East,"Garden/Park, Main Road",,3850000.0,1107.0,4.0,2.0,2.0,0.0,ahmedabad,3477.8681120144533
80 Lac ,Ready to Move,Resale,Unfurnished,East,Garden/Park,Co-operative Society,8000000.0,936.0,2.0,2.0,1.0,0.0,ahmedabad,8547.008547008547
50 Lac ,Ready to Move,Resale,Semi-Furnished,East,,Freehold,5000000.0,848.0,3.0,2.0,1.0,0.0,ahmedabad,5896.226415094339
1.50 Cr ,Ready to Move,New Property,Unfurnished,East,"Pool, Garden/Park, Main Road",Freehold,15000000.0,1975.0,7.0,4.0,1.0,2.0,ahmedabad,7594.93670886076
34 Lac ,Ready to Move,Resale,Furnished,,,,3400000.0,756.0,5.0,1.0,0.0,0.0,ahmedabad,4497.354497354498
39.5 Lac ,Ready to Move,Resale,Unfurnished,,,,3950000.0,1080.0,6.0,2.0,0.0,0.0,ahmedabad,3657.4074074074074
40 Lac ,Ready to Move,Resale,Unfurnished,,,,4000000.0,1080.0,4.0,2.0,0.0,0.0,ahmedabad,3703.703703703704
1.14 Cr ,Ready to Move,New Property,Unfurnished,,,,11399999.999999998,1881.0,1.0,3.0,0.0,0.0,ahmedabad,6060.60606060606
59 Lac ,Ready to Move,Resale,Furnished,,,,5900000.0,1000.0,4.0,2.0,0.0,0.0,ahmedabad,5900.0
73 Lac ,Ready to Move,Resale,Unfurnished,East,Garden/Park,Co-operative Society,7300000.0,1170.0,3.0,2.0,2.0,0.0,ahmedabad,6239.316239316239
48 Lac ,Ready to Move,Resale,Unfurnished,East,Garden/Park,Freehold,4800000.0,660.0,5.0,2.0,2.0,1.0,ahmedabad,7272.727272727273
45 Lac ,Ready to Move,Resale,Semi-Furnished,East,Main Road,Freehold,4500000.0,658.0,4.0,2.0,1.0,0.0,ahmedabad,6838.905775075988
2.40 Cr ,Ready to Move,Resale,Unfurnished,East,"Garden/Park, Pool, Main Road",Freehold,24000000.0,2808.0,3.0,4.0,2.0,2.0,ahmedabad,8547.008547008547
48 Lac ,Ready to Move,Resale,Unfurnished,East,Garden/Park,Leasehold,4800000.0,1449.0,-1.0,2.0,1.0,0.0,ahmedabad,3312.6293995859214
40 Lac ,Ready to Move,Resale,Unfurnished,,,,4000000.0,1175.0,2.0,2.0,0.0,0.0,ahmedabad,3404.255319148936
3.35 Cr ,Ready to Move,Resale,Furnished,West,,Freehold,33500000.0,3510.0,3.0,4.0,2.0,3.0,ahmedabad,9544.159544159544
1.62 Cr ,Ready to Move,Resale,Unfurnished,East,"Garden/Park, Main Road",Freehold,16200000.000000002,1290.0,3.0,3.0,1.0,1.0,ahmedabad,12558.139534883723
58 Lac ,Ready to Move,Resale,Semi-Furnished,East,"Garden/Park, Main Road",Freehold,5800000.0,1260.0,5.0,2.0,1.0,1.0,ahmedabad,4603.174603174603
15 Lac ,Ready to Move,Resale,Unfurnished,,,,1500000.0,500.0,3.0,1.0,0.0,0.0,ahmedabad,3000.0
62 Lac ,Ready to Move,Resale,Unfurnished,,,,6200000.0,1746.0,10.0,3.0,0.0,0.0,ahmedabad,3550.9736540664376
43 Lac ,Ready to Move,Resale,Unfurnished,East,"Pool, Garden/Park, Main Road",Co-operative Society,4300000.0,900.0,2.0,2.0,1.0,0.0,ahmedabad,4777.777777777777
71 Lac ,Ready to Move,New Property,Semi-Furnished,East,"Pool, Garden/Park, Main Road",Freehold,7100000.0,826.0,7.0,3.0,0.0,0.0,ahmedabad,8595.641646489104
60 Lac ,Ready to Move,Resale,Unfurnished,East,"Pool, Garden/Park, Main Road",Freehold,6000000.0,790.0,7.0,3.0,0.0,0.0,ahmedabad,7594.93670886076
6.50 Cr ,Ready to Move,Resale,Furnished,East,"Garden/Park, Main Road",Freehold,65000000.0,3200.0,-1.0,4.0,3.0,2.0,ahmedabad,20312.5
1.10 Cr ,Ready to Move,Resale,Semi-Furnished,North,"Garden/Park, Pool",Freehold,11000000.0,1150.0,3.0,3.0,1.0,1.0,ahmedabad,9565.217391304348
1.70 Cr ,Ready to Move,Resale,Furnished,East,"Garden/Park, Main Road",Freehold,17000000.0,2610.0,3.0,3.0,2.0,2.0,ahmedabad,6513.409961685824
18 Lac ,Ready to Move,Resale,Unfurnished,,,,1800000.0,364.0,4.0,1.0,2.0,0.0,ahmedabad,4945.054945054945
1.19 Cr ,Ready to Move,Resale,Semi-Furnished,East,"Garden/Park, Main Road",Freehold,11900000.0,2200.0,3.0,3.0,3.0,0.0,ahmedabad,5409.090909090909
40 Lac ,Ready to Move,Resale,Unfurnished,,,,4000000.0,876.0,1.0,2.0,1.0,0.0,ahmedabad,4566.2100456621
72.5 Lac ,Ready to Move,New Property,Unfurnished,East,"Garden/Park, Pool, Main Road",Freehold,7250000.0,756.0,8.0,2.0,1.0,1.0,ahmedabad,9589.94708994709
1.40 Cr ,Ready to Move,Resale,Furnished,East,"Garden/Park, Main Road",Freehold,14000000.0,1200.0,2.0,3.0,2.0,0.0,ahmedabad,11666.666666666666
70 Lac ,Ready to Move,New Property,Unfurnished,East,Main Road,Freehold,7000000.0,756.0,6.0,2.0,1.0,1.0,ahmedabad,9259.25925925926
1.05 Cr ,Ready to Move,Resale,Unfurnished,,,,10500000.0,1683.0,10.0,3.0,1.0,0.0,ahmedabad,6238.859180035651
87 Lac ,Ready to Move,Resale,Unfurnished,East,"Pool, Garden/Park, Main Road",Freehold,8700000.0,1123.0,1.0,3.0,2.0,1.0,ahmedabad,7747.105966162066
95 Lac ,Ready to Move,New Property,Furnished,,,Freehold,9500000.0,1574.0,4.0,3.0,1.0,1.0,ahmedabad,6035.5781448538755
2.80 Cr ,Ready to Move,Resale,Semi-Furnished,East,"Garden/Park, Main Road",Freehold,28000000.0,2600.0,8.0,4.0,2.0,2.0,ahmedabad,10769.23076923077
90 Lac ,Ready to Move,New Property,Unfurnished,East,"Garden/Park, Pool, Main Road",Freehold,9000000.0,1485.0,13.0,3.0,2.0,0.0,ahmedabad,6060.606060606061
3.15 Cr ,Ready to Move,Resale,Unfurnished,East,Garden/Park,Co-operative Society,31500000.0,2300.0,5.0,5.0,2.0,3.0,ahmedabad,13695.652173913044
1.60 Cr ,Ready to Move,Resale,Unfurnished,North,Main Road,Freehold,16000000.0,1159.0,9.0,3.0,3.0,2.0,ahmedabad,13805.004314063848
2.10 Cr ,Ready to Move,Resale,Unfurnished,North - East,"Pool, Garden/Park, Main Road",Freehold,21000000.0,3391.0,12.0,5.0,1.0,0.0,ahmedabad,6192.8634621055735
2 Cr ,Ready to Move,Resale,Furnished,East,"Garden/Park, Pool, Main Road",Freehold,20000000.0,1100.0,-1.0,3.0,1.0,1.0,ahmedabad,18181.81818181818
75 Lac ,Ready to Move,Resale,Unfurnished,,,,7500000.0,1550.0,9.0,3.0,2.0,0.0,ahmedabad,4838.709677419355
1.21 Cr ,Ready to Move,New Property,Semi-Furnished,East,Garden/Park,Freehold,12100000.0,1069.0,-1.0,3.0,1.0,1.0,ahmedabad,11318.989710009355
1.41 Cr ,Ready to Move,Resale,Semi-Furnished,West,Garden/Park,Freehold,14100000.0,2000.0,1.0,3.0,1.0,0.0,ahmedabad,7050.0
70 Lac ,Ready to Move,Resale,Semi-Furnished,,,,7000000.0,1381.0,7.0,2.0,0.0,0.0,ahmedabad,5068.790731354091
70 Lac ,Ready to Move,Resale,Unfurnished,,,,7000000.0,1381.0,8.0,2.0,0.0,0.0,ahmedabad,5068.790731354091
75 Lac ,Ready to Move,Resale,Unfurnished,,,,7500000.0,1381.0,9.0,2.0,0.0,0.0,ahmedabad,5430.8472121650975
75 Lac ,Ready to Move,Resale,Semi-Furnished,,,,7500000.0,1381.0,9.0,2.0,0.0,0.0,ahmedabad,5430.8472121650975
82 Lac ,Ready to Move,Resale,Furnished,,,,8200000.0,1604.0,1.0,2.0,0.0,0.0,ahmedabad,5112.219451371571
83 Lac ,Ready to Move,Resale,Unfurnished,,,,8300000.0,1685.0,6.0,3.0,0.0,0.0,ahmedabad,4925.816023738872
95 Lac ,Ready to Move,Resale,Unfurnished,East,Garden/Park,Co-operative Society,9500000.0,1550.0,5.0,3.0,2.0,0.0,ahmedabad,6129.032258064516
42 Lac ,Ready to Move,Resale,Semi-Furnished,East,,Freehold,4200000.0,632.0,5.0,2.0,1.0,0.0,ahmedabad,6645.569620253164
2.65 Cr ,Ready to Move,Resale,Furnished,East,Main Road,Freehold,26500000.0,1900.0,7.0,5.0,1.0,0.0,ahmedabad,13947.368421052632
58 Lac ,Ready to Move,Resale,Unfurnished,East,"Garden/Park, Main Road",Freehold,5800000.0,685.0,5.0,2.0,1.0,1.0,ahmedabad,8467.153284671533
1.50 Cr ,Ready to Move,Resale,Unfurnished,,"Garden/Park, Pool, Main Road",,15000000.0,1270.0,,3.0,1.0,0.0,ahmedabad,11811.023622047243
1 Cr ,Ready to Move,Resale,Unfurnished,North - East,Main Road,Freehold,10000000.0,1100.0,10.0,3.0,3.0,0.0,ahmedabad,9090.90909090909
2.15 Cr ,Ready to Move,Resale,Furnished,,Garden/Park,Freehold,21500000.0,2654.0,2.0,3.0,1.0,2.0,ahmedabad,8100.979653353429
40 Lac ,Ready to Move,Resale,Unfurnished,East,"Garden/Park, Pool, Main Road",Freehold,4000000.0,765.0,1.0,2.0,2.0,0.0,ahmedabad,5228.75816993464
75 Lac ,Ready to Move,Resale,Unfurnished,,Garden/Park,,7500000.0,800.0,,2.0,0.0,0.0,ahmedabad,9375.0
44 Lac ,Ready to Move,Resale,Semi-Furnished,,,,4400000.0,1098.0,6.0,2.0,1.0,0.0,ahmedabad,4007.285974499089
1.21 Cr ,Ready to Move,New Property,Semi-Furnished,,"Garden/Park, Main Road",,12100000.0,1620.0,2.0,3.0,3.0,0.0,ahmedabad,7469.135802469136
50 Lac ,Ready to Move,Resale,Furnished,East,"Garden/Park, Main Road",Freehold,5000000.0,750.0,5.0,2.0,2.0,1.0,ahmedabad,6666.666666666667
6.72 Cr ,Ready to Move,New Property,Unfurnished,West,Main Road,Freehold,67200000.0,3700.0,2.0,5.0,1.0,3.0,ahmedabad,18162.162162162163
2.95 Cr ,Ready to Move,Resale,Unfurnished,North - East,Garden/Park,Freehold,29500000.0,4508.0,7.0,5.0,1.0,0.0,ahmedabad,6543.921916592724
55 Lac ,Ready to Move,Resale,Unfurnished,West,Main Road,Freehold,5500000.0,1305.0,0.0,2.0,1.0,0.0,ahmedabad,4214.55938697318
70 Lac ,Ready to Move,Resale,Furnished,East,"Garden/Park, Main Road",Freehold,7000000.0,1400.0,4.0,2.0,1.0,0.0,ahmedabad,5000.0
51 Lac ,Ready to Move,Resale,Semi-Furnished,,,,5100000.0,1230.0,4.0,2.0,0.0,0.0,ahmedabad,4146.341463414634
75 Lac ,Ready to Move,Resale,Furnished,,,,7500000.0,1250.0,4.0,2.0,0.0,0.0,ahmedabad,6000.0
77.1 Lac ,Ready to Move,New Property,Furnished,,,,7709999.999999999,1170.0,7.0,2.0,0.0,0.0,ahmedabad,6589.743589743589
78 Lac ,Ready to Move,Resale,Unfurnished,,,,7800000.0,1250.0,5.0,2.0,0.0,0.0,ahmedabad,6240.0
79 Lac ,Ready to Move,Resale,Unfurnished,,,,7900000.0,1170.0,2.0,2.0,0.0,0.0,ahmedabad,6752.136752136752
80 Lac ,Ready to Move,Resale,Furnished,,,,8000000.0,1215.0,3.0,2.0,0.0,0.0,ahmedabad,6584.3621399176955
80 Lac ,Ready to Move,Resale,Unfurnished,,,,8000000.0,1170.0,6.0,2.0,0.0,0.0,ahmedabad,6837.606837606838
83 Lac ,Ready to Move,Resale,Semi-Furnished,East,"Garden/Park, Pool, Main Road",Co-operative Society,8300000.0,1210.0,,3.0,2.0,0.0,ahmedabad,6859.504132231405
2.25 Cr ,Ready to Move,Resale,Furnished,East,Main Road,Freehold,22500000.0,2018.0,5.0,4.0,1.0,2.0,ahmedabad,11149.653121902875
31.7 Lac ,Ready to Move,Resale,Semi-Furnished,,,,3170000.0,1000.0,1.0,2.0,1.0,0.0,ahmedabad,3170.0
21 Lac ,Ready to Move,Resale,Unfurnished,,"Garden/Park, Pool, Main Road",Freehold,2100000.0,448.0,,1.0,1.0,0.0,ahmedabad,4687.5
70 Lac ,Ready to Move,Resale,Unfurnished,North - East,"Garden/Park, Main Road",Freehold,7000000.0,900.0,1.0,3.0,1.0,1.0,ahmedabad,7777.777777777777
70 Lac ,Ready to Move,Resale,Unfurnished,East,Garden/Park,Freehold,7000000.0,1300.0,4.0,2.0,1.0,0.0,ahmedabad,5384.615384615385
57.4 Lac ,Ready to Move,New Property,Unfurnished,East,"Garden/Park, Pool, Main Road",Freehold,5740000.0,1435.0,7.0,3.0,1.0,1.0,ahmedabad,4000.0
6.25 Cr ,Ready to Move,Resale,Unfurnished,North,"Garden/Park, Pool",Freehold,62500000.0,6128.0,12.0,7.0,2.0,3.0,ahmedabad,10199.086161879895
95 Lac ,Ready to Move,Resale,Semi-Furnished,,,,9500000.0,1800.0,3.0,3.0,0.0,0.0,ahmedabad,5277.777777777777
73 Lac ,Ready to Move,Resale,Furnished,East,"Garden/Park, Main Road",Freehold,7300000.0,1300.0,12.0,2.0,2.0,0.0,ahmedabad,5615.384615384615
58 Lac ,Ready to Move,Resale,Unfurnished,West,"Pool, Garden/Park, Main Road",Freehold,5800000.0,1175.0,11.0,2.0,1.0,0.0,ahmedabad,4936.170212765957
4.25 Cr ,Ready to Move,Resale,Unfurnished,East,"Garden/Park, Main Road",Freehold,42500000.0,4495.0,12.0,7.0,3.0,3.0,ahmedabad,9454.949944382648
84 Lac ,Ready to Move,Resale,Furnished,North,"Pool, Garden/Park, Main Road",Freehold,8400000.0,1729.0,11.0,3.0,3.0,0.0,ahmedabad,4858.299595141701
24.5 Lac ,Ready to Move,Resale,Unfurnished,,,,2450000.0,657.0,4.0,1.0,0.0,0.0,ahmedabad,3729.0715372907152
25 Lac ,Ready to Move,Resale,Unfurnished,,,,2500000.0,675.0,3.0,1.0,0.0,0.0,ahmedabad,3703.703703703704
25.5 Lac ,Ready to Move,Resale,Semi-Furnished,,,,2550000.0,585.0,1.0,1.0,0.0,0.0,ahmedabad,4358.974358974359
22.5 Lac ,Ready to Move,Resale,Unfurnished,,,,2250000.0,702.0,3.0,1.0,0.0,0.0,ahmedabad,3205.128205128205
3 Cr ,Ready to Move,Resale,Semi-Furnished,,Main Road,Co-operative Society,30000000.0,2000.0,1.0,5.0,0.0,0.0,ahmedabad,15000.0
2.70 Cr ,Ready to Move,Resale,Unfurnished,East,"Garden/Park, Main Road",Freehold,27000000.0,1245.0,5.0,3.0,1.0,0.0,ahmedabad,21686.746987951807
62 Lac ,Ready to Move,Resale,Semi-Furnished,East,"Garden/Park, Main Road",Freehold,6200000.0,600.0,6.0,2.0,1.0,1.0,ahmedabad,10333.333333333334
95 Lac ,Ready to Move,Resale,Unfurnished,East,Garden/Park,Freehold,9500000.0,990.0,4.0,3.0,2.0,1.0,ahmedabad,9595.959595959595
23 Lac ,Ready to Move,Resale,Furnished,,,,2300000.0,700.0,7.0,2.0,0.0,0.0,ahmedabad,3285.714285714286
62 Lac ,Ready to Move,New Property,Unfurnished,East,"Garden/Park, Pool, Main Road",Freehold,6200000.0,882.0,9.0,3.0,4.0,1.0,ahmedabad,7029.478458049886
90 Lac ,Ready to Move,New Property,Semi-Furnished,North - East,"Main Road, Garden/Park",Freehold,9000000.0,1500.0,12.0,3.0,3.0,0.0,ahmedabad,6000.0
2.31 Cr ,Ready to Move,New Property,Unfurnished,East,"Garden/Park, Main Road",Freehold,23100000.0,1612.0,14.0,4.0,1.0,1.0,ahmedabad,14330.024813895781
45 Lac ,Ready to Move,Resale,Furnished,East,"Garden/Park, Main Road",Freehold,4500000.0,700.0,7.0,2.0,3.0,0.0,ahmedabad,6428.571428571428
55 Lac ,Ready to Move,Resale,Unfurnished,,"Garden/Park, Main Road",Freehold,5500000.0,1050.0,3.0,2.0,0.0,1.0,ahmedabad,5238.0952380952385
2.03 Cr ,Ready to Move,Resale,Unfurnished,North,,Freehold,20299999.999999996,2900.0,5.0,4.0,1.0,2.0,ahmedabad,6999.999999999999
2.50 Cr ,Ready to Move,Resale,Unfurnished,East,Main Road,Freehold,25000000.0,3807.0,5.0,4.0,1.0,2.0,ahmedabad,6566.8505384817445
51 Lac ,Ready to Move,Resale,Furnished,,,,5100000.0,1125.0,2.0,2.0,0.0,0.0,ahmedabad,4533.333333333333
64 Lac ,Ready to Move,Resale,Semi-Furnished,,Main Road,,6400000.0,2025.0,1.0,3.0,2.0,0.0,ahmedabad,3160.4938271604938
65 Lac ,Ready to Move,Resale,Unfurnished,East,"Garden/Park, Main Road",Freehold,6500000.0,1000.0,5.0,3.0,3.0,0.0,ahmedabad,6500.0
2.65 Cr ,Ready to Move,Resale,Furnished,East,"Garden/Park, Main Road",Freehold,26500000.0,1566.0,1.0,3.0,1.0,4.0,ahmedabad,16922.094508301405
97 Lac ,Ready to Move,New Property,Unfurnished,East,"Garden/Park, Pool, Main Road",Freehold,9700000.0,1200.0,5.0,3.0,1.0,0.0,ahmedabad,8083.333333333333
5.50 Cr ,Ready to Move,New Property,Furnished,East,Main Road,Freehold,55000000.0,3700.0,10.0,5.0,1.0,3.0,ahmedabad,14864.864864864865
59 Lac ,Ready to Move,New Property,Unfurnished,East,"Garden/Park, Pool, Main Road",Freehold,5900000.0,1250.0,6.0,3.0,0.0,1.0,ahmedabad,4720.0
2.11 Cr ,Ready to Move,Resale,Furnished,,,,21100000.0,4410.0,3.0,5.0,0.0,0.0,ahmedabad,4784.580498866213
1.35 Cr ,Ready to Move,Resale,Unfurnished,East,"Garden/Park, Main Road",Freehold,13500000.0,1228.0,5.0,3.0,1.0,2.0,ahmedabad,10993.485342019543
56.5 Lac ,Ready to Move,Resale,Unfurnished,East,"Garden/Park, Main Road",Freehold,5650000.0,1105.0,7.0,2.0,1.0,0.0,ahmedabad,5113.122171945702
55 Lac ,Ready to Move,Resale,Furnished,East,Garden/Park,Freehold,5500000.0,729.0,9.0,2.0,1.0,1.0,ahmedabad,7544.581618655693
3.39 Cr ,Ready to Move,New Property,Unfurnished,East,Garden/Park,Freehold,33900000.0,2429.0,4.0,4.0,2.0,2.0,ahmedabad,13956.360642239604
55 Lac ,Ready to Move,Resale,Unfurnished,West,"Garden/Park, Pool, Main Road",,5500000.0,822.0,,2.0,1.0,0.0,ahmedabad,6690.997566909976
40 Lac ,Ready to Move,Resale,Unfurnished,,"Garden/Park, Main Road",Freehold,4000000.0,925.0,6.0,2.0,1.0,0.0,ahmedabad,4324.324324324324
70 Lac ,Ready to Move,Resale,Unfurnished,East,Main Road,Freehold,7000000.0,918.0,10.0,3.0,0.0,1.0,ahmedabad,7625.272331154684
1.10 Cr ,Ready to Move,Resale,Semi-Furnished,,,,11000000.0,2070.0,4.0,3.0,0.0,0.0,ahmedabad,5314.009661835748
1.21 Cr ,Ready to Move,Resale,Furnished,,,,12100000.0,2070.0,10.0,3.0,0.0,0.0,ahmedabad,5845.410628019324
60 Lac ,Ready to Move,Resale,Furnished,,,,6000000.0,1200.0,0.0,2.0,0.0,1.0,ahmedabad,5000.0
71 Lac ,Ready to Move,Resale,Unfurnished,East,"Garden/Park, Main Road",Freehold,7100000.0,950.0,5.0,3.0,1.0,1.0,ahmedabad,7473.684210526316
57 Lac ,Ready to Move,Resale,Semi-Furnished,East,"Garden/Park, Main Road",Freehold,5700000.0,932.0,1.0,2.0,1.0,1.0,ahmedabad,6115.87982832618
1.05 Cr ,Ready to Move,Resale,Unfurnished,East,"Garden/Park, Pool",Freehold,10500000.0,1500.0,10.0,3.0,3.0,0.0,ahmedabad,7000.0
27 Lac ,Ready to Move,Resale,Unfurnished,,,,2700000.0,675.0,2.0,1.0,0.0,0.0,ahmedabad,4000.0
58 Lac ,Ready to Move,Resale,Unfurnished,East,Garden/Park,Freehold,5800000.0,665.0,7.0,2.0,1.0,1.0,ahmedabad,8721.804511278195
46 Lac ,Ready to Move,Resale,Unfurnished,East,"Garden/Park, Main Road",Co-operative Society,4600000.0,1220.0,3.0,2.0,2.0,1.0,ahmedabad,3770.4918032786886
40 Lac ,Ready to Move,Resale,Furnished,North - East,"Pool, Garden/Park, Main Road",Freehold,4000000.0,1180.0,1.0,2.0,3.0,0.0,ahmedabad,3389.830508474576
33 Lac ,Ready to Move,Resale,Unfurnished,South,,Freehold,3300000.0,1000.0,5.0,2.0,1.0,0.0,ahmedabad,3300.0
3 Cr ,Ready to Move,Resale,Furnished,North - East,Garden/Park,Freehold,30000000.0,1836.0,3.0,4.0,2.0,1.0,ahmedabad,16339.869281045752
2.46 Cr ,Ready to Move,Resale,Furnished,East,Garden/Park,Freehold,24600000.0,2080.0,2.0,4.0,2.0,1.0,ahmedabad,11826.923076923076
15 Lac ,Ready to Move,Resale,Unfurnished,,,,1500000.0,495.0,2.0,2.0,2.0,0.0,ahmedabad,3030.3030303030305
45 Lac ,Ready to Move,Resale,Unfurnished,East,,Freehold,4500000.0,640.0,6.0,2.0,2.0,0.0,ahmedabad,7031.25
54 Lac ,Ready to Move,Resale,Furnished,,"Garden/Park, Main Road",Freehold,5400000.0,1080.0,1.0,2.0,1.0,0.0,ahmedabad,5000.0
18 Lac ,Ready to Move,Resale,Semi-Furnished,,,,1800000.0,118.0,0.0,2.0,0.0,0.0,ahmedabad,15254.237288135593
5 Cr ,Ready to Move,New Property,Unfurnished,,"Garden/Park, Main Road",,50000000.0,5158.0,14.0,5.0,0.0,1.0,ahmedabad,9693.679720822023
95 Lac ,Ready to Move,Resale,Unfurnished,East,"Garden/Park, Main Road",Freehold,9500000.0,1240.0,6.0,3.0,1.0,0.0,ahmedabad,7661.290322580645
86 Lac ,Ready to Move,New Property,Unfurnished,East,Garden/Park,Freehold,8600000.0,990.0,5.0,3.0,1.0,1.0,ahmedabad,8686.868686868687
2.25 Cr ,Ready to Move,Resale,Unfurnished,East,Main Road,Freehold,22500000.0,1400.0,11.0,3.0,1.0,1.0,ahmedabad,16071.42857142857
3.71 Cr ,Ready to Move,Resale,Unfurnished,,,,37100000.0,3915.0,5.0,4.0,0.0,0.0,ahmedabad,9476.372924648787
3.81 Cr ,Ready to Move,Resale,Semi-Furnished,,,,38100000.0,3915.0,9.0,5.0,0.0,0.0,ahmedabad,9731.800766283524
3.91 Cr ,Ready to Move,New Property,Unfurnished,,,,39100000.0,3915.0,5.0,4.0,0.0,0.0,ahmedabad,9987.228607918263
4 Cr ,Ready to Move,Resale,Unfurnished,,,,40000000.0,3915.0,6.0,4.0,0.0,0.0,ahmedabad,10217.113665389528
4 Cr ,Ready to Move,Resale,Semi-Furnished,,,,40000000.0,3915.0,8.0,4.0,0.0,0.0,ahmedabad,10217.113665389528
98 Lac ,Ready to Move,Resale,Unfurnished,,,,9800000.0,1944.0,2.0,3.0,0.0,0.0,ahmedabad,5041.152263374485
1 Cr ,Ready to Move,Resale,Unfurnished,,,,10000000.0,1953.0,2.0,3.0,0.0,0.0,ahmedabad,5120.327700972863
1.05 Cr ,Ready to Move,Resale,Semi-Furnished,,,,10500000.0,2070.0,5.0,3.0,0.0,0.0,ahmedabad,5072.463768115942
2.15 Cr ,Ready to Move,Resale,Unfurnished,East,Garden/Park,Freehold,21500000.0,1800.0,2.0,3.0,1.0,2.0,ahmedabad,11944.444444444445
56 Lac ,Ready to Move,Resale,Furnished,East,"Garden/Park, Main Road",Freehold,5600000.0,882.0,3.0,2.0,1.0,1.0,ahmedabad,6349.206349206349
82 Lac ,Ready to Move,Resale,Furnished,,,,8200000.0,1350.0,12.0,2.0,0.0,0.0,ahmedabad,6074.074074074074
34 Lac ,Ready to Move,New Property,Furnished,West,Main Road,Freehold,3400000.0,300.0,,1.0,0.0,0.0,ahmedabad,11333.333333333334
2.37 Cr ,Ready to Move,Resale,Unfurnished,East,Garden/Park,Freehold,23700000.0,2122.0,4.0,4.0,1.0,2.0,ahmedabad,11168.70876531574
44 Lac ,Ready to Move,New Property,Furnished,South,Main Road,Freehold,4400000.0,778.0,4.0,2.0,1.0,0.0,ahmedabad,5655.526992287918
1.10 Cr ,Ready to Move,Resale,Furnished,North - East,,,11000000.0,2165.0,9.0,3.0,0.0,1.0,ahmedabad,5080.831408775982
35 Lac ,Ready to Move,Resale,Furnished,,,,3500000.0,1170.0,6.0,2.0,1.0,0.0,ahmedabad,2991.4529914529912
65 Lac ,Ready to Move,Resale,Furnished,East,"Main Road, Garden/Park, Pool",Freehold,6500000.0,945.0,5.0,2.0,1.0,0.0,ahmedabad,6878.306878306878
40 Lac ,Ready to Move,Resale,Semi-Furnished,East,Main Road,Freehold,4000000.0,783.0,6.0,2.0,2.0,0.0,ahmedabad,5108.556832694764
88 Lac ,Ready to Move,Resale,Furnished,,,,8800000.0,1557.0,4.0,3.0,4.0,0.0,ahmedabad,5651.894669235709
48 Lac ,Ready to Move,Resale,Furnished,East,Garden/Park,Freehold,4800000.0,560.0,6.0,2.0,1.0,1.0,ahmedabad,8571.42857142857
66 Lac ,Ready to Move,New Property,Unfurnished,East,Garden/Park,Freehold,6600000.0,779.0,5.0,2.0,1.0,1.0,ahmedabad,8472.400513478819
3.65 Cr ,Ready to Move,New Property,Furnished,North - East,"Garden/Park, Main Road",Freehold,36500000.0,2200.0,13.0,5.0,3.0,2.0,ahmedabad,16590.909090909092
35 Lac ,Ready to Move,Resale,Unfurnished,East,"Garden/Park, Main Road",Freehold,3500000.0,1030.0,2.0,2.0,2.0,1.0,ahmedabad,3398.0582524271845
1.65 Cr ,Ready to Move,New Property,Unfurnished,East,"Garden/Park, Main Road",Freehold,16500000.0,2065.0,4.0,3.0,1.0,1.0,ahmedabad,7990.3147699757865
32 Lac ,Ready to Move,Resale,Unfurnished,East,,Freehold,3200000.0,700.0,8.0,1.0,0.0,1.0,ahmedabad,4571.428571428572
50.3 Lac ,Ready to Move,Resale,Semi-Furnished,South -West,,Freehold,5030000.0,1027.0,2.0,2.0,1.0,0.0,ahmedabad,4897.760467380721
2.50 Cr ,Ready to Move,Resale,Unfurnished,,"Garden/Park, Pool, Main Road",Co-operative Society,25000000.0,3080.0,,5.0,0.0,2.0,ahmedabad,8116.883116883117
72 Lac ,Ready to Move,Resale,Furnished,East,"Garden/Park, Main Road",Freehold,7200000.0,747.0,1.0,2.0,1.0,1.0,ahmedabad,9638.55421686747
2.81 Cr ,Ready to Move,New Property,Unfurnished,North - East,"Garden/Park, Main Road",Freehold,28100000.0,2000.0,4.0,4.0,3.0,1.0,ahmedabad,14050.0
1.25 Cr ,Ready to Move,Resale,Unfurnished,East,Garden/Park,Freehold,12500000.0,1294.0,10.0,3.0,1.0,1.0,ahmedabad,9659.969088098918
50 Lac ,Ready to Move,Resale,Semi-Furnished,,,Freehold,5000000.0,900.0,2.0,2.0,1.0,0.0,ahmedabad,5555.555555555556
1.45 Cr ,Ready to Move,Resale,Unfurnished,North - East,"Garden/Park, Pool",Freehold,14500000.0,3270.0,3.0,3.0,3.0,2.0,ahmedabad,4434.250764525994
38 Lac ,Ready to Move,Resale,Unfurnished,,Main Road,,3800000.0,700.0,5.0,2.0,0.0,0.0,ahmedabad,5428.571428571428
11 Cr ,Ready to Move,New Property,Unfurnished,East,"Garden/Park, Pool, Main Road",Freehold,110000000.0,8000.0,13.0,8.0,3.0,4.0,ahmedabad,13750.0
3.50 Cr ,Ready to Move,Resale,Semi-Furnished,East,,Freehold,35000000.0,4000.0,7.0,4.0,3.0,1.0,ahmedabad,8750.0
2.33 Cr ,Ready to Move,Resale,Unfurnished,East,Garden/Park,Freehold,23300000.0,1556.0,11.0,3.0,2.0,2.0,ahmedabad,14974.293059125965
65 Lac ,Ready to Move,Resale,Furnished,East,"Garden/Park, Pool, Main Road",Co-operative Society,6500000.0,847.0,,2.0,0.0,0.0,ahmedabad,7674.144037780401
40 Lac ,Ready to Move,Resale,Semi-Furnished,,"Garden/Park, Main Road",,4000000.0,1206.0,4.0,2.0,2.0,0.0,ahmedabad,3316.749585406302
76 Lac ,Ready to Move,Resale,Furnished,North,Main Road,Freehold,7600000.0,1188.0,1.0,2.0,1.0,1.0,ahmedabad,6397.306397306397
85 Lac ,Ready to Move,Resale,Unfurnished,East,"Garden/Park, Pool, Main Road",Freehold,8500000.0,1450.0,2.0,3.0,2.0,0.0,ahmedabad,5862.068965517241
3.50 Cr ,Ready to Move,Resale,Furnished,,,,35000000.0,3850.0,9.0,5.0,0.0,0.0,ahmedabad,9090.90909090909
3.60 Cr ,Ready to Move,Resale,Unfurnished,,,,36000000.0,4171.0,3.0,4.0,0.0,0.0,ahmedabad,8631.023735315272
3.75 Cr ,Ready to Move,Resale,Semi-Furnished,,,,37500000.0,4171.0,6.0,4.0,0.0,0.0,ahmedabad,8990.649724286743
3.75 Cr ,Ready to Move,Resale,Semi-Furnished,,,,37500000.0,4171.0,5.0,4.0,0.0,0.0,ahmedabad,8990.649724286743
65 Lac ,Ready to Move,Resale,Semi-Furnished,East,Main Road,Freehold,6500000.0,1270.0,1.0,2.0,3.0,2.0,ahmedabad,5118.110236220473
1.31 Cr ,Ready to Move,Resale,Semi-Furnished,East,"Main Road, Garden/Park",Freehold,13100000.0,1710.0,2.0,3.0,1.0,0.0,ahmedabad,7660.818713450292
1.55 Cr ,Ready to Move,Resale,Furnished,North - East,"Garden/Park, Pool, Main Road",Freehold,15500000.0,997.0,,3.0,0.0,1.0,ahmedabad,15546.639919759278
99 Lac ,Ready to Move,Resale,Furnished,,,,9900000.0,2350.0,4.0,3.0,0.0,0.0,ahmedabad,4212.765957446809
97 Lac ,Ready to Move,Resale,Unfurnished,,,,9700000.0,2350.0,5.0,3.0,0.0,0.0,ahmedabad,4127.659574468085
1 Cr ,Ready to Move,Resale,Unfurnished,,,,10000000.0,2350.0,10.0,3.0,0.0,0.0,ahmedabad,4255.31914893617
1 Cr ,Ready to Move,Resale,Semi-Furnished,,,,10000000.0,2350.0,4.0,2.0,0.0,0.0,ahmedabad,4255.31914893617
96 Lac ,Ready to Move,Resale,Unfurnished,,,,9600000.0,1313.2079999999999,1.0,3.0,0.0,0.0,ahmedabad,7310.342306778516
1.31 Cr ,Ready to Move,New Property,Unfurnished,,,,13100000.0,2025.0,,3.0,0.0,1.0,ahmedabad,6469.135802469136
1.21 Cr ,Ready to Move,Resale,Furnished,North,"Garden/Park, Main Road",Freehold,12100000.0,1269.0,5.0,3.0,1.0,1.0,ahmedabad,9535.066981875492
40 Lac ,Ready to Move,Resale,Furnished,,,,4000000.0,981.0,5.0,2.0,0.0,0.0,ahmedabad,4077.471967380224
2.30 Cr ,Ready to Move,New Property,Unfurnished,East,"Garden/Park, Main Road",Freehold,23000000.0,1873.0,7.0,4.0,1.0,2.0,ahmedabad,12279.765082754939
33 Lac ,Ready to Move,Resale,Semi-Furnished,,,,3300000.0,963.0,2.0,2.0,0.0,0.0,ahmedabad,3426.791277258567
1.30 Cr ,Ready to Move,Resale,Furnished,East,Main Road,Freehold,13000000.0,1500.0,5.0,3.0,2.0,1.0,ahmedabad,8666.666666666666
3 Cr ,Ready to Move,New Property,Unfurnished,East,Garden/Park,Freehold,30000000.0,3934.0,-1.0,4.0,4.0,2.0,ahmedabad,7625.826131164209
55 Lac ,Ready to Move,Resale,Semi-Furnished,,,,5500000.0,1100.0,2.0,2.0,1.0,0.0,ahmedabad,5000.0
51 Lac ,Ready to Move,Resale,Furnished,,,,5100000.0,1064.0,8.0,2.0,0.0,0.0,ahmedabad,4793.233082706767
1.40 Cr ,Ready to Move,Resale,Furnished,East,,Freehold,14000000.0,2025.0,7.0,3.0,1.0,1.0,ahmedabad,6913.580246913581
1.29 Cr ,Ready to Move,Resale,Unfurnished,East,"Garden/Park, Main Road",Freehold,12900000.0,1278.0,3.0,3.0,2.0,2.0,ahmedabad,10093.896713615024
1.15 Cr ,Ready to Move,Resale,Semi-Furnished,,Garden/Park,,11500000.0,1665.0,1.0,3.0,2.0,1.0,ahmedabad,6906.906906906907
60 Lac ,Ready to Move,Resale,Semi-Furnished,,,,6000000.0,1035.0,5.0,2.0,0.0,0.0,ahmedabad,5797.101449275362
3.70 Cr ,Ready to Move,New Property,Unfurnished,,,,37000000.0,4171.0,4.0,4.0,0.0,0.0,ahmedabad,8870.774394629585
3.75 Cr ,Ready to Move,Resale,Semi-Furnished,,,,37500000.0,4171.0,4.0,4.0,0.0,0.0,ahmedabad,8990.649724286743
41 Lac ,Ready to Move,Resale,Unfurnished,East,Main Road,Power Of Attorney,4100000.0,540.0,4.0,2.0,1.0,0.0,ahmedabad,7592.592592592592
56 Lac ,Ready to Move,Resale,Unfurnished,East,"Garden/Park, Main Road",Freehold,5600000.0,1262.0,7.0,2.0,2.0,1.0,ahmedabad,4437.400950871633
57 Lac ,Ready to Move,Resale,Semi-Furnished,East,"Garden/Park, Main Road",Freehold,5700000.0,1332.0,2.0,2.0,1.0,0.0,ahmedabad,4279.279279279279
55 Lac ,Ready to Move,Resale,Furnished,,,,5500000.0,968.76,10.0,2.0,0.0,0.0,ahmedabad,5677.360749824518
42 Lac ,Ready to Move,Resale,Furnished,,,,4200000.0,765.0,9.0,2.0,1.0,0.0,ahmedabad,5490.196078431372
9.66 Cr ,Ready to Move,Resale,Unfurnished,East,,Freehold,96600000.0,4458.0,8.0,6.0,1.0,3.0,ahmedabad,21668.909825033646
1.65 Cr ,Ready to Move,Resale,Unfurnished,West,Main Road,Freehold,16500000.0,1361.0,1.0,3.0,2.0,0.0,ahmedabad,12123.438648052903
2.90 Cr ,Ready to Move,Resale,Furnished,North - East,Garden/Park,Freehold,29000000.0,2280.0,1.0,5.0,1.0,2.0,ahmedabad,12719.298245614034
95 Lac ,Ready to Move,Resale,Unfurnished,,,,9500000.0,2350.0,4.0,3.0,0.0,0.0,ahmedabad,4042.553191489362
80 Lac ,Ready to Move,Resale,Furnished,,,,8000000.0,1313.2079999999999,1.0,2.0,0.0,0.0,ahmedabad,6091.951922315429
40 Lac ,Ready to Move,Resale,Furnished,East,Garden/Park,Freehold,4000000.0,900.0,5.0,2.0,3.0,1.0,ahmedabad,4444.444444444444
10 Lac ,Ready to Move,Resale,Unfurnished,,,,1000000.0,65.0,1.0,2.0,1.0,0.0,ahmedabad,15384.615384615385
99.5 Lac ,Ready to Move,Resale,Furnished,,,,9950000.0,1968.0,1.0,3.0,0.0,0.0,ahmedabad,5055.8943089430895
95 Lac ,Ready to Move,New Property,Unfurnished,,,,9500000.0,1968.0,2.0,3.0,0.0,0.0,ahmedabad,4827.235772357723
3.60 Cr ,Ready to Move,New Property,Unfurnished,East,"Garden/Park, Pool, Main Road",Freehold,36000000.0,2640.0,6.0,5.0,1.0,3.0,ahmedabad,13636.363636363636
95.5 Lac ,Ready to Move,Resale,Unfurnished,,,,9550000.0,1760.0,3.0,3.0,0.0,0.0,ahmedabad,5426.136363636364
1.75 Cr ,Ready to Move,Resale,Furnished,,,Freehold,17500000.0,2079.0,4.0,3.0,1.0,0.0,ahmedabad,8417.508417508418
68 Lac ,Ready to Move,Resale,Furnished,,"Garden/Park, Main Road",,6800000.0,1295.0,5.0,2.0,1.0,0.0,ahmedabad,5250.965250965251
22.5 Lac ,Ready to Move,Resale,Unfurnished,,,,2250000.0,355.212,6.0,1.0,0.0,0.0,ahmedabad,6334.245464680247
56 Lac ,Ready to Move,Resale,Unfurnished,East,Garden/Park,Co-operative Society,5600000.0,909.0,4.0,2.0,3.0,0.0,ahmedabad,6160.616061606161
56 Lac ,Ready to Move,Resale,Furnished,East,Main Road,Freehold,5600000.0,600.0,7.0,2.0,1.0,1.0,ahmedabad,9333.333333333334
1.45 Cr ,Ready to Move,Resale,Semi-Furnished,East,Garden/Park,Freehold,14500000.0,1881.0,3.0,3.0,2.0,0.0,ahmedabad,7708.665603402445
80 Lac ,Ready to Move,Resale,Furnished,,,,8000000.0,1845.0,5.0,3.0,0.0,0.0,ahmedabad,4336.043360433604
1.55 Cr ,Ready to Move,Resale,Furnished,South -West,"Garden/Park, Main Road",Freehold,15500000.0,1200.0,16.0,3.0,2.0,1.0,ahmedabad,12916.666666666666
60.8 Lac ,Ready to Move,New Property,Unfurnished,West,"Garden/Park, Pool, Main Road",Freehold,6080000.0,860.0,5.0,3.0,3.0,1.0,ahmedabad,7069.767441860465
58.1 Lac ,Ready to Move,New Property,Unfurnished,North - East,Main Road,Freehold,5810000.0,817.0,5.0,3.0,2.0,1.0,ahmedabad,7111.383108935129
70.5 Lac ,Ready to Move,Resale,Furnished,East,Garden/Park,Freehold,7050000.0,1260.0,-1.0,2.0,1.0,1.0,ahmedabad,5595.238095238095
83.9 Lac ,Ready to Move,Resale,Unfurnished,East,"Garden/Park, Main Road",Co-operative Society,8390000.0,1044.0,5.0,3.0,3.0,1.0,ahmedabad,8036.39846743295
70 Lac ,Ready to Move,Resale,Furnished,East,Garden/Park,Freehold,7000000.0,704.0,8.0,2.0,1.0,1.0,ahmedabad,9943.181818181818
32 Lac ,Ready to Move,Resale,Unfurnished,,"Garden/Park, Main Road",,3200000.0,91.0,1.0,2.0,1.0,0.0,ahmedabad,35164.83516483517
24.5 Lac ,Ready to Move,Resale,Unfurnished,South - East,Garden/Park,,2450000.0,63.0,4.0,1.0,1.0,0.0,ahmedabad,38888.88888888889
45.5 Lac ,Ready to Move,Resale,Unfurnished,,,,4550000.0,1300.0,2.0,2.0,0.0,0.0,ahmedabad,3500.0
74 Lac ,Ready to Move,Resale,Unfurnished,North - East,"Garden/Park, Main Road",Freehold,7400000.0,887.0,8.0,2.0,2.0,1.0,ahmedabad,8342.72829763247
70 Lac ,Ready to Move,New Property,Unfurnished,East,Garden/Park,Freehold,7000000.0,920.0,6.0,3.0,1.0,1.0,ahmedabad,7608.695652173913
50 Lac ,Ready to Move,Resale,Semi-Furnished,,,,5000000.0,1170.0,5.0,2.0,0.0,0.0,ahmedabad,4273.504273504273
1.35 Cr ,Ready to Move,New Property,Unfurnished,,,,13500000.0,2250.0,6.0,3.0,0.0,0.0,ahmedabad,6000.0
1.66 Cr ,Ready to Move,Resale,Furnished,,,,16600000.0,2250.0,1.0,3.0,0.0,0.0,ahmedabad,7377.777777777777
1.50 Cr ,Ready to Move,Resale,Furnished,North,"Garden/Park, Main Road",Freehold,15000000.0,2010.0,2.0,3.0,1.0,1.0,ahmedabad,7462.686567164179
2 Cr ,Ready to Move,Resale,Furnished,,,,20000000.0,2250.0,1.0,3.0,0.0,0.0,ahmedabad,8888.888888888889
1.50 Cr ,Ready to Move,Resale,Unfurnished,North - East,"Garden/Park, Pool",Freehold,15000000.0,3151.0,3.0,4.0,3.0,2.0,ahmedabad,4760.393525864805
1 Cr ,Ready to Move,Resale,Furnished,,,,10000000.0,1350.0,2.0,2.0,0.0,0.0,ahmedabad,7407.407407407408
2.11 Cr ,Ready to Move,New Property,Unfurnished,East,Garden/Park,Freehold,21100000.0,1618.0,9.0,4.0,1.0,2.0,ahmedabad,13040.79110012361
47 Lac ,Ready to Move,Resale,Furnished,East,"Garden/Park, Pool, Main Road",Freehold,4700000.0,672.0,9.0,2.0,2.0,1.0,ahmedabad,6994.047619047619
45 Lac ,Ready to Move,Resale,Unfurnished,,"Garden/Park, Main Road",Freehold,4500000.0,1035.0,9.0,2.0,1.0,0.0,ahmedabad,4347.826086956522
2.50 Cr ,Ready to Move,Resale,Unfurnished,,"Pool, Main Road",Co-operative Society,25000000.0,4400.0,13.0,5.0,0.0,2.0,ahmedabad,5681.818181818182
62 Lac ,Ready to Move,Resale,Semi-Furnished,,,Freehold,6200000.0,1044.0,5.0,2.0,0.0,0.0,ahmedabad,5938.697318007663
39 Lac ,Ready to Move,Resale,Unfurnished,East,"Garden/Park, Main Road",,3900000.0,1250.0,7.0,2.0,2.0,0.0,ahmedabad,3120.0
56 Lac ,Ready to Move,Resale,Semi-Furnished,,,,5600000.0,1215.0,4.0,2.0,1.0,0.0,ahmedabad,4609.0534979423865
35 Lac ,Ready to Move,Resale,Unfurnished,South,"Garden/Park, Main Road",Freehold,3500000.0,1035.0,3.0,2.0,2.0,0.0,ahmedabad,3381.6425120772947
60 Lac ,Ready to Move,Resale,Furnished,North - East,"Garden/Park, Main Road",Freehold,6000000.0,1080.0,7.0,2.0,0.0,1.0,ahmedabad,5555.555555555556
2.13 Cr ,Ready to Move,New Property,Unfurnished,East,"Garden/Park, Main Road",Freehold,21300000.0,1765.0,5.0,4.0,1.0,2.0,ahmedabad,12067.988668555241
2.21 Cr ,Ready to Move,Resale,Semi-Furnished,North - East,Garden/Park,Freehold,22100000.0,2280.0,1.0,5.0,1.0,2.0,ahmedabad,9692.982456140351
47 Lac ,Ready to Move,Resale,Furnished,East,Garden/Park,Freehold,4700000.0,990.0,4.0,2.0,1.0,1.0,ahmedabad,4747.474747474747
1.15 Cr ,Ready to Move,Resale,Furnished,North,"Garden/Park, Main Road",Freehold,11500000.0,2034.0,0.0,3.0,1.0,2.0,ahmedabad,5653.883972468043
1.85 Cr ,Ready to Move,New Property,Furnished,East,Main Road,Freehold,18500000.0,1537.0,1.0,3.0,1.0,2.0,ahmedabad,12036.434612882238
95 Lac ,Ready to Move,Resale,Furnished,East,"Garden/Park, Pool, Main Road",Freehold,9500000.0,945.0,,2.0,1.0,1.0,ahmedabad,10052.910052910052
3.20 Cr ,Ready to Move,New Property,Unfurnished,East,"Garden/Park, Main Road",Freehold,32000000.0,2320.0,4.0,4.0,1.0,3.0,ahmedabad,13793.103448275862
54 Lac ,Ready to Move,Resale,Semi-Furnished,East,Garden/Park,Co-operative Society,5400000.0,945.0,4.0,2.0,1.0,1.0,ahmedabad,5714.285714285715
65 Lac ,Ready to Move,Resale,Unfurnished,,,,6500000.0,900.0,3.0,2.0,0.0,0.0,ahmedabad,7222.222222222223
60 Lac ,Ready to Move,New Property,Semi-Furnished,East,"Pool, Garden/Park, Main Road",Freehold,6000000.0,1200.0,7.0,2.0,1.0,0.0,ahmedabad,5000.0
40 Lac ,Ready to Move,Resale,Furnished,,,,4000000.0,1260.0,1.0,2.0,0.0,0.0,ahmedabad,3174.6031746031745
84 Lac ,Ready to Move,New Property,Unfurnished,East,Garden/Park,Freehold,8400000.0,1485.0,7.0,2.0,1.0,1.0,ahmedabad,5656.565656565656
28 Lac ,Ready to Move,Resale,Furnished,,,,2800000.0,702.0,2.0,1.0,0.0,0.0,ahmedabad,3988.6039886039885
59 Lac ,Ready to Move,Resale,Unfurnished,East,Garden/Park,Co-operative Society,5900000.0,711.0,12.0,2.0,1.0,1.0,ahmedabad,8298.17158931083
1.30 Cr ,Ready to Move,Resale,Furnished,,,,13000000.0,1300.0,9.0,3.0,2.0,0.0,ahmedabad,10000.0
68 Lac ,Ready to Move,Resale,Semi-Furnished,,,,6800000.0,1650.0,1.0,3.0,2.0,0.0,ahmedabad,4121.212121212121
25 Lac ,Ready to Move,Resale,Unfurnished,North,,Leasehold,2500000.0,500.0,1.0,2.0,1.0,1.0,ahmedabad,5000.0
1.02 Cr ,Ready to Move,New Property,Unfurnished,East,"Garden/Park, Main Road",Freehold,10200000.0,1071.0,-1.0,3.0,1.0,1.0,ahmedabad,9523.809523809523
57.6 Lac ,Ready to Move,New Property,Unfurnished,East,"Pool, Garden/Park, Main Road",Freehold,5760000.0,1175.0,14.0,2.0,1.0,0.0,ahmedabad,4902.127659574468
2.85 Cr ,Ready to Move,Resale,Unfurnished,North,"Garden/Park, Main Road",Freehold,28500000.0,2022.0,4.0,3.0,2.0,2.0,ahmedabad,14094.955489614244
45 Lac ,Ready to Move,New Property,Semi-Furnished,East,,,4500000.0,1170.0,1.0,2.0,2.0,0.0,ahmedabad,3846.153846153846
97 Lac ,Ready to Move,New Property,Unfurnished,East,Garden/Park,Freehold,9700000.0,1035.0,4.0,3.0,1.0,1.0,ahmedabad,9371.980676328503
35 Lac ,Ready to Move,Resale,Semi-Furnished,,,,3500000.0,1080.0,4.0,2.0,0.0,0.0,ahmedabad,3240.740740740741
2.50 Cr ,Ready to Move,Resale,Unfurnished,East,Main Road,Freehold,25000000.0,2420.0,4.0,4.0,4.0,2.0,ahmedabad,10330.578512396694
55 Lac ,Ready to Move,Resale,Unfurnished,North - East,"Garden/Park, Main Road",Freehold,5500000.0,835.0,,3.0,2.0,1.0,ahmedabad,6586.826347305389
65.5 Lac ,Ready to Move,Resale,Semi-Furnished,East,,Co-operative Society,6550000.0,1125.0,3.0,2.0,2.0,0.0,ahmedabad,5822.222222222223
75 Lac ,Ready to Move,Resale,Semi-Furnished,East,,Freehold,7500000.0,1300.0,11.0,3.0,1.0,2.0,ahmedabad,5769.2307692307695
74 Lac ,Ready to Move,Resale,Unfurnished,North - East,"Garden/Park, Pool, Main Road",Freehold,7400000.0,945.0,,2.0,2.0,1.0,ahmedabad,7830.687830687831
1.08 Cr ,Ready to Move,Resale,Unfurnished,East,Main Road,Freehold,10800000.0,1188.0,11.0,3.0,1.0,2.0,ahmedabad,9090.90909090909
43 Lac ,Ready to Move,Resale,Unfurnished,,,,4300000.0,1215.0,3.0,2.0,0.0,0.0,ahmedabad,3539.0946502057614
45 Lac ,Ready to Move,Resale,Unfurnished,,,,4500000.0,1300.0,3.0,2.0,0.0,0.0,ahmedabad,3461.5384615384614
45.5 Lac ,Ready to Move,Resale,Unfurnished,,,,4550000.0,1350.0,2.0,2.0,0.0,0.0,ahmedabad,3370.3703703703704
30 Lac ,Ready to Move,Resale,Unfurnished,,Main Road,Freehold,3000000.0,900.0,0.0,2.0,1.0,0.0,ahmedabad,3333.3333333333335
44 Lac ,Ready to Move,Resale,Unfurnished,,,,4400000.0,1215.0,4.0,2.0,0.0,0.0,ahmedabad,3621.3991769547324
1.30 Cr ,Ready to Move,Resale,Unfurnished,,,,13000000.0,2250.0,5.0,3.0,0.0,0.0,ahmedabad,5777.777777777777
1.65 Cr ,Ready to Move,Resale,Furnished,,,,16500000.0,2250.0,5.0,3.0,0.0,0.0,ahmedabad,7333.333333333333
75 Lac ,Ready to Move,Resale,Furnished,East,"Main Road, Garden/Park, Pool",Freehold,7500000.0,1325.0,4.0,2.0,2.0,1.0,ahmedabad,5660.377358490566
65 Lac ,Ready to Move,Resale,Furnished,,,,6500000.0,1000.0,3.0,2.0,0.0,0.0,ahmedabad,6500.0
90 Lac ,Ready to Move,New Property,Unfurnished,North,,Freehold,9000000.0,1920.0,,3.0,1.0,1.0,ahmedabad,4687.5
32 Lac ,Ready to Move,New Property,Unfurnished,East,"Garden/Park, Pool, Main Road",Freehold,3200000.0,721.0,9.0,1.0,0.0,1.0,ahmedabad,4438.2801664355065
51.5 Lac ,Ready to Move,Resale,Semi-Furnished,,,,5150000.0,1350.0,3.0,3.0,1.0,1.0,ahmedabad,3814.814814814815
65 Lac ,Ready to Move,Resale,Semi-Furnished,East,"Garden/Park, Main Road",Freehold,6500000.0,700.0,7.0,2.0,1.0,1.0,ahmedabad,9285.714285714286
45 Lac ,Ready to Move,Resale,Unfurnished,East,Main Road,,4500000.0,890.0,4.0,2.0,0.0,0.0,ahmedabad,5056.179775280899
1.10 Cr ,Ready to Move,Resale,Unfurnished,North - East,"Garden/Park, Pool",Freehold,11000000.0,2013.0,11.0,3.0,3.0,2.0,ahmedabad,5464.48087431694
72 Lac ,Ready to Move,Resale,Unfurnished,East,"Garden/Park, Main Road",Freehold,7200000.0,1435.0,13.0,3.0,1.0,0.0,ahmedabad,5017.421602787456
65 Lac ,Ready to Move,Resale,Furnished,,,,6500000.0,1075.0,11.0,2.0,0.0,0.0,ahmedabad,6046.511627906977
75 Lac ,Ready to Move,Resale,Furnished,,,,7500000.0,1440.0,3.0,3.0,0.0,0.0,ahmedabad,5208.333333333333
1.20 Cr ,Ready to Move,Resale,Furnished,West,Main Road,Freehold,12000000.0,1700.0,5.0,3.0,3.0,1.0,ahmedabad,7058.823529411765
2.70 Cr ,Ready to Move,New Property,Unfurnished,East,"Main Road, Garden/Park",Freehold,27000000.0,1804.0,6.0,4.0,1.0,2.0,ahmedabad,14966.740576496673
85 Lac ,Ready to Move,Resale,Unfurnished,East,"Garden/Park, Pool, Main Road",Freehold,8500000.0,1729.0,11.0,3.0,3.0,1.0,ahmedabad,4916.136495083863
1.30 Cr ,Ready to Move,Resale,Unfurnished,,"Garden/Park, Main Road",Freehold,13000000.0,3600.0,5.0,3.0,3.0,2.0,ahmedabad,3611.1111111111113
1.60 Cr ,Ready to Move,Resale,Furnished,,,,16000000.0,1620.0,0.0,3.0,2.0,0.0,ahmedabad,9876.543209876543
2 Cr ,Ready to Move,Resale,Furnished,,,Freehold,20000000.0,3000.0,10.0,4.0,3.0,1.0,ahmedabad,6666.666666666667
30 Lac ,Ready to Move,Resale,Unfurnished,,,,3000000.0,715.0,5.0,1.0,0.0,0.0,ahmedabad,4195.804195804196
4.80 Cr ,Ready to Move,Resale,Unfurnished,East,Garden/Park,Freehold,48000000.0,3600.0,,5.0,1.0,4.0,ahmedabad,13333.333333333334
1.75 Cr ,Ready to Move,Resale,Furnished,East,Main Road,Freehold,17500000.0,1800.0,4.0,3.0,2.0,1.0,ahmedabad,9722.222222222223
57 Lac ,Ready to Move,Resale,Unfurnished,East,"Garden/Park, Main Road",Freehold,5700000.0,719.0,9.0,3.0,1.0,1.0,ahmedabad,7927.677329624478
8 Cr ,Ready to Move,Resale,Unfurnished,East,Garden/Park,Freehold,80000000.0,3835.0,6.0,5.0,1.0,4.0,ahmedabad,20860.49543676662
61 Lac ,Ready to Move,Resale,Furnished,,Main Road,Freehold,6100000.0,670.0,2.0,2.0,2.0,0.0,ahmedabad,9104.477611940298
2.12 Cr ,Ready to Move,New Property,Unfurnished,East,"Garden/Park, Pool, Main Road",Freehold,21200000.0,1500.0,19.0,3.0,2.0,1.0,ahmedabad,14133.333333333334
55 Lac ,Ready to Move,Resale,Semi-Furnished,East,"Garden/Park, Main Road",Co-operative Society,5500000.0,1413.0,2.0,3.0,1.0,0.0,ahmedabad,3892.42745930644
41 Lac ,Ready to Move,New Property,Semi-Furnished,East,"Garden/Park, Main Road",Freehold,4100000.0,850.0,3.0,2.0,2.0,1.0,ahmedabad,4823.529411764706
39 Lac ,Ready to Move,Resale,Furnished,East,,Freehold,3900000.0,738.0,2.0,2.0,1.0,0.0,ahmedabad,5284.552845528456
85 Lac ,Ready to Move,New Property,Unfurnished,East,Garden/Park,Freehold,8500000.0,1180.0,6.0,3.0,1.0,1.0,ahmedabad,7203.389830508475
62 Lac ,Ready to Move,Resale,Semi-Furnished,,,,6200000.0,1197.0,3.0,2.0,0.0,0.0,ahmedabad,5179.6157059314955
1.60 Cr ,Ready to Move,Resale,Unfurnished,North - East,"Garden/Park, Main Road",Freehold,16000000.0,3151.0,3.0,4.0,1.0,0.0,ahmedabad,5077.753094255791
7 Cr ,Ready to Move,New Property,Unfurnished,East,"Garden/Park, Main Road",Freehold,70000000.0,2781.0,4.0,5.0,1.0,4.0,ahmedabad,25170.801869830997
1.35 Cr ,Ready to Move,Resale,Furnished,East,"Garden/Park, Main Road",Freehold,13500000.0,2100.0,2.0,3.0,2.0,0.0,ahmedabad,6428.571428571428
2.10 Cr ,Ready to Move,New Property,Unfurnished,East,Main Road,Freehold,21000000.0,1680.0,8.0,4.0,1.0,2.0,ahmedabad,12500.0
42 Lac ,Ready to Move,Resale,Semi-Furnished,North - East,Garden/Park,Freehold,4200000.0,1080.0,3.0,2.0,1.0,1.0,ahmedabad,3888.8888888888887
60 Lac ,Ready to Move,Resale,Unfurnished,East,"Garden/Park, Pool, Main Road",Freehold,6000000.0,936.0,5.0,3.0,1.0,1.0,ahmedabad,6410.25641025641
85 Lac ,Ready to Move,Resale,Unfurnished,,,,8500000.0,1530.0,1.0,3.0,2.0,1.0,ahmedabad,5555.555555555556
1.65 Cr ,Ready to Move,Resale,Unfurnished,West,Main Road,Co-operative Society,16500000.0,1440.0,1.0,3.0,2.0,0.0,ahmedabad,11458.333333333334
1.40 Cr ,Ready to Move,New Property,Unfurnished,East,Main Road,Freehold,14000000.0,1815.0,9.0,3.0,1.0,1.0,ahmedabad,7713.498622589532
1.60 Cr ,Ready to Move,Resale,Furnished,West,"Garden/Park, Main Road",Co-operative Society,16000000.0,2565.0,10.0,3.0,5.0,0.0,ahmedabad,6237.8167641325535
37 Lac ,Ready to Move,Resale,Semi-Furnished,East,Main Road,Freehold,3700000.0,810.0,4.0,1.0,2.0,0.0,ahmedabad,4567.901234567901
62.5 Lac ,Ready to Move,Resale,Furnished,North - East,Main Road,Freehold,6250000.0,1100.0,5.0,2.0,2.0,1.0,ahmedabad,5681.818181818182
1.50 Cr ,Ready to Move,New Property,Unfurnished,,"Garden/Park, Main Road",Freehold,15000000.0,1890.0,8.0,4.0,2.0,0.0,ahmedabad,7936.507936507936
68 Lac ,Ready to Move,Resale,Unfurnished,East,"Garden/Park, Main Road",Freehold,6800000.0,1425.0,12.0,2.0,1.0,1.0,ahmedabad,4771.929824561404
1.72 Cr ,Ready to Move,New Property,Unfurnished,East,Garden/Park,Freehold,17200000.0,1397.0,5.0,3.0,1.0,1.0,ahmedabad,12312.09735146743
1.40 Cr ,Ready to Move,New Property,Unfurnished,East,Garden/Park,Freehold,14000000.0,1359.0,2.0,3.0,2.0,4.0,ahmedabad,10301.69242089772
4.10 Cr ,Ready to Move,Resale,Semi-Furnished,East,"Garden/Park, Pool, Main Road",Freehold,41000000.0,3350.0,2.0,4.0,1.0,2.0,ahmedabad,12238.805970149253
39 Lac ,Ready to Move,Resale,,,,,3900000.0,1179.0,,2.0,0.0,0.0,ahmedabad,3307.8880407124684
95 Lac ,Ready to Move,New Property,Unfurnished,East,Main Road,Freehold,9500000.0,961.0,3.0,3.0,2.0,2.0,ahmedabad,9885.535900104058
4 Cr ,Ready to Move,Resale,Furnished,East,Garden/Park,Freehold,40000000.0,3420.0,0.0,4.0,2.0,2.0,ahmedabad,11695.906432748538
1.15 Cr ,Ready to Move,Resale,Furnished,South,Main Road,Freehold,11500000.0,1980.0,2.0,3.0,2.0,1.0,ahmedabad,5808.080808080808
24.5 Lac ,Ready to Move,Resale,Furnished,South - East,Main Road,,2450000.0,119.0,1.0,2.0,2.0,0.0,ahmedabad,20588.235294117647
55 Lac ,Ready to Move,Resale,Unfurnished,,,,5500000.0,1224.0,5.0,3.0,0.0,0.0,ahmedabad,4493.464052287582
22 Lac ,Ready to Move,Resale,Unfurnished,North - West,"Garden/Park, Main Road",Freehold,2200000.0,646.0,2.0,1.0,1.0,0.0,ahmedabad,3405.5727554179566
47 Lac ,Ready to Move,Resale,Unfurnished,,,,4700000.0,900.0,1.0,2.0,1.0,1.0,ahmedabad,5222.222222222223
87 Lac ,Ready to Move,Resale,Furnished,,,,8700000.0,1305.0,3.0,2.0,0.0,0.0,ahmedabad,6666.666666666667
1.65 Cr ,Ready to Move,Resale,Semi-Furnished,,"Garden/Park, Main Road",,16500000.0,1307.0,5.0,3.0,2.0,0.0,ahmedabad,12624.33052792655
68.5 Lac ,Ready to Move,New Property,Unfurnished,East,"Garden/Park, Pool, Main Road",Freehold,6850000.0,870.0,8.0,3.0,1.0,1.0,ahmedabad,7873.563218390805
2 Cr ,Ready to Move,Resale,Furnished,East,Garden/Park,Freehold,20000000.0,1625.0,7.0,4.0,1.0,1.0,ahmedabad,12307.692307692309
68 Lac ,Ready to Move,Resale,Unfurnished,East,Main Road,Freehold,6800000.0,1301.0,11.0,3.0,3.0,2.0,ahmedabad,5226.748654880861
7.35 Cr ,Ready to Move,Resale,Unfurnished,,"Pool, Main Road",Freehold,73500000.0,5881.0,11.0,4.0,0.0,0.0,ahmedabad,12497.874511137561
1.02 Cr ,Ready to Move,Resale,Unfurnished,East,"Garden/Park, Pool, Main Road",Freehold,10200000.0,1150.0,3.0,3.0,1.0,2.0,ahmedabad,8869.565217391304
1.65 Cr ,Ready to Move,New Property,Unfurnished,East,"Pool, Garden/Park, Main Road",Freehold,16500000.0,1313.0,7.0,3.0,1.0,2.0,ahmedabad,12566.641279512567
4.54 Cr ,Ready to Move,Resale,Unfurnished,East,"Garden/Park, Main Road",Freehold,45400000.0,2939.0,3.0,5.0,1.0,3.0,ahmedabad,15447.431099013269
32 Lac ,Ready to Move,Resale,Unfurnished,,,,3200000.0,344.448,10.0,2.0,1.0,0.0,ahmedabad,9290.22668153103
3.20 Cr ,Ready to Move,Resale,Furnished,East,"Main Road, Garden/Park",Co-operative Society,32000000.0,2109.0,9.0,4.0,3.0,2.0,ahmedabad,15173.067804646753
1.44 Cr ,Ready to Move,Resale,Semi-Furnished,,,,14400000.0,2050.0,4.0,3.0,0.0,0.0,ahmedabad,7024.390243902439
1.51 Cr ,Ready to Move,Resale,Furnished,,,,15100000.0,2050.0,3.0,3.0,0.0,0.0,ahmedabad,7365.8536585365855
1.61 Cr ,Ready to Move,Resale,Semi-Furnished,,,,16100000.000000002,2230.0,3.0,3.0,0.0,0.0,ahmedabad,7219.730941704037
2.49 Cr ,Ready to Move,New Property,Unfurnished,East,"Pool, Garden/Park, Main Road",Freehold,24900000.000000004,2041.0,5.0,4.0,1.0,3.0,ahmedabad,12199.902008819208
1.50 Cr ,Ready to Move,Resale,Furnished,North - East,Garden/Park,Freehold,15000000.0,1386.0,1.0,3.0,1.0,1.0,ahmedabad,10822.510822510823
65 Lac ,Ready to Move,Resale,Unfurnished,North - East,Garden/Park,Freehold,6500000.0,1425.0,7.0,2.0,1.0,1.0,ahmedabad,4561.403508771929
80 Lac ,,Rent/Lease,Semi-Furnished,South,Garden/Park,Freehold,8000000.0,1840.0,3.0,3.0,0.0,0.0,ahmedabad,4347.826086956522
78 Lac ,Ready to Move,Resale,Furnished,,"Garden/Park, Pool, Main Road",Freehold,7800000.0,963.0,,2.0,2.0,0.0,ahmedabad,8099.688473520249
3.80 Cr ,Ready to Move,Resale,Unfurnished,West,"Garden/Park, Pool, Main Road",Freehold,38000000.0,2705.0,14.0,5.0,1.0,3.0,ahmedabad,14048.059149722736
48.5 Lac ,Ready to Move,Resale,Semi-Furnished,,,,4850000.0,1093.0,5.0,2.0,2.0,0.0,ahmedabad,4437.328453796889
57 Lac ,Ready to Move,Resale,Furnished,East,"Garden/Park, Main Road",Freehold,5700000.0,1187.0,3.0,2.0,2.0,1.0,ahmedabad,4802.021903959562
83 Lac ,Ready to Move,Resale,Furnished,East,"Garden/Park, Main Road",Freehold,8300000.0,1080.0,6.0,3.0,1.0,1.0,ahmedabad,7685.185185185185
1.60 Cr ,Ready to Move,Resale,Semi-Furnished,East,"Garden/Park, Main Road",Freehold,16000000.0,1300.0,4.0,3.0,1.0,1.0,ahmedabad,12307.692307692309
1.10 Cr ,Ready to Move,Resale,Semi-Furnished,North,Main Road,Freehold,11000000.0,1332.0,2.0,3.0,2.0,1.0,ahmedabad,8258.258258258258
36 Lac ,Ready to Move,Resale,Furnished,,,,3600000.0,1053.0,3.0,2.0,1.0,1.0,ahmedabad,3418.803418803419
65 Lac ,Ready to Move,Resale,Semi-Furnished,East,"Garden/Park, Pool, Main Road",Freehold,6500000.0,1083.0,,3.0,1.0,1.0,ahmedabad,6001.846722068329
1.57 Cr ,Ready to Move,Resale,Unfurnished,North - East,Garden/Park,Freehold,15700000.0,1733.0,3.0,4.0,0.0,2.0,ahmedabad,9059.434506635891
58.5 Lac ,Ready to Move,New Property,Unfurnished,East,"Garden/Park, Main Road",Freehold,5850000.0,1701.0,5.0,3.0,1.0,1.0,ahmedabad,3439.153439153439
65 Lac ,Ready to Move,Resale,Semi-Furnished,North - East,Main Road,Freehold,6500000.0,1845.0,4.0,3.0,0.0,1.0,ahmedabad,3523.0352303523036
59.7 Lac ,Ready to Move,Resale,Unfurnished,East,Garden/Park,Freehold,5970000.0,792.0,11.0,2.0,2.0,1.0,ahmedabad,7537.878787878788
52 Lac ,Ready to Move,Resale,Unfurnished,East,"Garden/Park, Pool, Main Road",Freehold,5200000.0,877.0,4.0,2.0,1.0,1.0,ahmedabad,5929.304446978335
2.10 Cr ,Ready to Move,Resale,Furnished,East,"Garden/Park, Main Road",Freehold,21000000.0,1400.0,4.0,3.0,1.0,2.0,ahmedabad,15000.0
65 Lac ,Ready to Move,Resale,Semi-Furnished,,,,6500000.0,1548.0,3.0,3.0,2.0,0.0,ahmedabad,4198.966408268734
45 Lac ,Ready to Move,Resale,Unfurnished,,Garden/Park,,4500000.0,1100.0,2.0,2.0,3.0,0.0,ahmedabad,4090.909090909091
55 Lac ,Ready to Move,Resale,Semi-Furnished,East,"Garden/Park, Main Road",Freehold,5500000.0,700.0,5.0,2.0,2.0,1.0,ahmedabad,7857.142857142857
34 Lac ,Ready to Move,Resale,Unfurnished,North - East,"Garden/Park, Pool, Main Road",Freehold,3400000.0,604.0,,2.0,1.0,1.0,ahmedabad,5629.139072847682
1.41 Cr ,Ready to Move,New Property,Unfurnished,East,"Garden/Park, Pool, Main Road",Freehold,14100000.0,1215.0,8.0,3.0,1.0,2.0,ahmedabad,11604.938271604939
80 Lac ,Ready to Move,Resale,Semi-Furnished,East,Garden/Park,,8000000.0,1190.0,3.0,2.0,0.0,0.0,ahmedabad,6722.689075630252
3.70 Cr ,Ready to Move,New Property,Unfurnished,,,,37000000.0,7000.0,10.0,4.0,0.0,0.0,ahmedabad,5285.714285714285
35 Lac ,Ready to Move,Resale,Unfurnished,East,Garden/Park,Freehold,3500000.0,1125.0,2.0,2.0,2.0,0.0,ahmedabad,3111.1111111111113
95 Lac ,Ready to Move,Resale,Furnished,East,"Main Road, Garden/Park",Co-operative Society,9500000.0,1310.0,12.0,3.0,1.0,1.0,ahmedabad,7251.908396946565
3.50 Cr ,Ready to Move,Resale,Unfurnished,East,"Garden/Park, Main Road",Freehold,35000000.0,2800.0,11.0,4.0,1.0,2.0,ahmedabad,12500.0
1.05 Cr ,Ready to Move,Resale,Furnished,East,"Garden/Park, Pool, Main Road",Freehold,10500000.0,1323.0,,3.0,1.0,2.0,ahmedabad,7936.507936507936
51.2 Lac ,Ready to Move,Resale,Unfurnished,,,,5120000.0,1134.0,4.0,2.0,0.0,0.0,ahmedabad,4514.991181657849
3.35 Cr ,Ready to Move,New Property,Unfurnished,West,,Freehold,33500000.0,2760.0,2.0,5.0,1.0,3.0,ahmedabad,12137.68115942029
38 Lac ,Ready to Move,Resale,Semi-Furnished,,,,3800000.0,630.0,2.0,1.0,1.0,0.0,ahmedabad,6031.746031746032
2.50 Cr ,Ready to Move,Resale,Unfurnished,East,"Garden/Park, Main Road",Freehold,25000000.0,2700.0,2.0,4.0,2.0,0.0,ahmedabad,9259.25925925926
25 Lac ,Ready to Move,Resale,Semi-Furnished,,,,2500000.0,700.0,2.0,2.0,0.0,0.0,ahmedabad,3571.4285714285716
44 Lac ,Ready to Move,Resale,Unfurnished,East,"Garden/Park, Main Road",Freehold,4400000.0,756.0,8.0,2.0,2.0,1.0,ahmedabad,5820.10582010582
50 Lac ,Ready to Move,Resale,Furnished,,,,5000000.0,1125.0,4.0,2.0,0.0,0.0,ahmedabad,4444.444444444444
60 Lac ,Ready to Move,Resale,Semi-Furnished,East,Garden/Park,Freehold,6000000.0,990.0,1.0,2.0,2.0,1.0,ahmedabad,6060.606060606061
5 Cr ,Ready to Move,Resale,Semi-Furnished,East,"Garden/Park, Pool, Main Road",Freehold,50000000.0,2430.0,1.0,3.0,1.0,2.0,ahmedabad,20576.1316872428
51 Lac ,Ready to Move,Resale,Semi-Furnished,East,Main Road,Freehold,5100000.0,750.0,4.0,2.0,0.0,1.0,ahmedabad,6800.0
77 Lac ,Ready to Move,Resale,Semi-Furnished,East,"Garden/Park, Main Road",Freehold,7700000.0,810.0,2.0,3.0,3.0,1.0,ahmedabad,9506.172839506173
73 Lac ,Ready to Move,Resale,Unfurnished,East,Garden/Park,Freehold,7300000.0,1435.0,5.0,3.0,1.0,1.0,ahmedabad,5087.1080139372825
66 Lac ,Ready to Move,Resale,Furnished,North - West,Garden/Park,Freehold,6600000.0,1330.0,8.0,2.0,2.0,1.0,ahmedabad,4962.4060150375935
2 Cr ,Ready to Move,Resale,Unfurnished,,,,20000000.0,2800.0,11.0,3.0,0.0,0.0,ahmedabad,7142.857142857143
2.05 Cr ,Ready to Move,New Property,Unfurnished,,,,20500000.0,2700.0,11.0,3.0,0.0,0.0,ahmedabad,7592.592592592592
2.50 Cr ,Ready to Move,Resale,Unfurnished,,,,25000000.0,2700.0,11.0,3.0,0.0,0.0,ahmedabad,9259.25925925926
2.50 Cr ,Ready to Move,Resale,Unfurnished,,,,25000000.0,4200.0,11.0,3.0,0.0,0.0,ahmedabad,5952.380952380952
1.60 Cr ,Ready to Move,Resale,Furnished,,,,16000000.0,3000.0,6.0,3.0,0.0,0.0,ahmedabad,5333.333333333333
1.25 Cr ,Ready to Move,New Property,Unfurnished,East,"Garden/Park, Main Road",Freehold,12500000.0,1470.0,1.0,3.0,1.0,1.0,ahmedabad,8503.401360544218
3.53 Cr ,Ready to Move,New Property,Unfurnished,North,"Garden/Park, Main Road",Freehold,35300000.0,4535.0,5.0,4.0,1.0,2.0,ahmedabad,7783.902976846747
1.10 Cr ,Ready to Move,Resale,Furnished,,,,11000000.0,1935.0,3.0,3.0,0.0,0.0,ahmedabad,5684.754521963824
42 Lac ,Ready to Move,Resale,Unfurnished,East,Main Road,Freehold,4200000.0,1215.0,2.0,2.0,2.0,0.0,ahmedabad,3456.7901234567903
54 Lac ,Ready to Move,Resale,Furnished,East,"Garden/Park, Main Road",Freehold,5400000.0,900.0,6.0,2.0,1.0,1.0,ahmedabad,6000.0
4.68 Cr ,Ready to Move,New Property,Unfurnished,North,"Garden/Park, Main Road",Freehold,46800000.0,3480.0,1.0,5.0,2.0,3.0,ahmedabad,13448.275862068966
1.29 Cr ,Ready to Move,New Property,Unfurnished,East,"Garden/Park, Main Road",Co-operative Society,12900000.0,1885.0,1.0,3.0,1.0,1.0,ahmedabad,6843.501326259947
1.28 Cr ,Ready to Move,Resale,Unfurnished,East,Main Road,Freehold,12800000.0,1314.0,8.0,3.0,1.0,1.0,ahmedabad,9741.248097412481
4.25 Cr ,Ready to Move,Resale,Semi-Furnished,North - West,Main Road,Freehold,42500000.0,3075.0,12.0,6.0,1.0,3.0,ahmedabad,13821.138211382115
81 Lac ,Ready to Move,Resale,Furnished,East,,Freehold,8100000.0,1188.0,1.0,3.0,1.0,2.0,ahmedabad,6818.181818181818
31 Lac ,Ready to Move,Resale,Semi-Furnished,,,,3100000.0,794.0,5.0,2.0,0.0,0.0,ahmedabad,3904.2821158690176
54 Lac ,Ready to Move,Resale,Unfurnished,West,"Garden/Park, Main Road",Freehold,5400000.0,708.0,10.0,2.0,1.0,1.0,ahmedabad,7627.118644067797
90.5 Lac ,Ready to Move,Resale,Unfurnished,,,,9050000.0,1845.0,10.0,3.0,0.0,0.0,ahmedabad,4905.1490514905145
70 Lac ,Ready to Move,Resale,Semi-Furnished,East,Main Road,Freehold,7000000.0,1008.0,6.0,3.0,2.0,1.0,ahmedabad,6944.444444444444
58.9 Lac ,Ready to Move,New Property,Unfurnished,East,"Garden/Park, Pool, Main Road",Freehold,5890000.0,882.0,6.0,3.0,4.0,1.0,ahmedabad,6678.004535147393
45 Lac ,Ready to Move,New Property,Unfurnished,East,"Garden/Park, Pool, Main Road",Freehold,4500000.0,675.0,7.0,2.0,3.0,1.0,ahmedabad,6666.666666666667
54 Lac ,Ready to Move,Resale,Furnished,North,Main Road,Freehold,5400000.0,650.0,5.0,2.0,1.0,1.0,ahmedabad,8307.692307692309
53 Lac ,Ready to Move,Resale,Furnished,,,,5300000.0,990.0,3.0,2.0,0.0,0.0,ahmedabad,5353.535353535353
58 Lac ,Ready to Move,Resale,Unfurnished,,,Freehold,5800000.0,1372.0,1.0,3.0,0.0,1.0,ahmedabad,4227.405247813411
70 Lac ,Ready to Move,Resale,Semi-Furnished,North - East,,Freehold,7000000.0,990.0,7.0,2.0,1.0,1.0,ahmedabad,7070.707070707071
50 Lac ,Ready to Move,Resale,Unfurnished,,,,5000000.0,1260.0,6.0,2.0,0.0,0.0,ahmedabad,3968.253968253968
47.5 Lac ,Ready to Move,Resale,Unfurnished,,,,4750000.0,1260.0,2.0,2.0,0.0,0.0,ahmedabad,3769.84126984127
18 Lac ,Ready to Move,Resale,Semi-Furnished,South,Main Road,Freehold,1800000.0,81.0,2.0,1.0,2.0,0.0,ahmedabad,22222.222222222223
54.9 Lac ,Ready to Move,New Property,Unfurnished,,,,5490000.0,1494.0,4.0,3.0,0.0,0.0,ahmedabad,3674.6987951807228
55 Lac ,Ready to Move,Resale,Unfurnished,,,,5500000.0,1485.0,6.0,3.0,0.0,0.0,ahmedabad,3703.703703703704
58 Lac ,Ready to Move,Resale,Unfurnished,,,,5800000.0,1485.0,4.0,2.0,0.0,0.0,ahmedabad,3905.723905723906
59 Lac ,Ready to Move,Resale,Unfurnished,,,,5900000.0,1485.0,4.0,3.0,0.0,0.0,ahmedabad,3973.063973063973
35 Lac ,Ready to Move,Resale,Semi-Furnished,East,,Freehold,3500000.0,686.0,3.0,2.0,1.0,0.0,ahmedabad,5102.040816326531
53 Lac ,Ready to Move,Resale,Unfurnished,East,"Garden/Park, Main Road",Freehold,5300000.0,708.0,4.0,2.0,1.0,1.0,ahmedabad,7485.87570621469
90 Lac ,Ready to Move,Resale,Furnished,,,,9000000.0,1506.9599999999998,0.0,3.0,0.0,0.0,ahmedabad,5972.288580984234
1.80 Cr ,Ready to Move,Resale,Furnished,,,,18000000.0,2655.0,10.0,4.0,4.0,0.0,ahmedabad,6779.661016949152
54 Lac ,Ready to Move,Resale,Furnished,,,,5400000.0,1050.0,7.0,2.0,0.0,0.0,ahmedabad,5142.857142857143
40 Lac ,Ready to Move,Resale,Unfurnished,West,,,4000000.0,1053.0,3.0,2.0,1.0,0.0,ahmedabad,3798.670465337132
1.55 Cr ,Ready to Move,Resale,Furnished,North - East,,Freehold,15500000.0,1620.0,4.0,3.0,2.0,1.0,ahmedabad,9567.901234567902
38 Lac ,Ready to Move,Resale,Furnished,North - West,"Garden/Park, Pool, Main Road",Co-operative Society,3800000.0,819.0,,2.0,1.0,0.0,ahmedabad,4639.80463980464
2.20 Cr ,Ready to Move,Resale,Unfurnished,East,"Pool, Garden/Park, Main Road",Freehold,22000000.0,2600.0,8.0,4.0,2.0,0.0,ahmedabad,8461.538461538461
1.50 Cr ,Ready to Move,Resale,Semi-Furnished,East,"Garden/Park, Main Road",Co-operative Society,15000000.0,423.0,2.0,4.0,2.0,0.0,ahmedabad,35460.99290780142
93.5 Lac ,Ready to Move,Resale,Furnished,,,,9350000.0,1710.0,1.0,3.0,0.0,0.0,ahmedabad,5467.836257309941
1.40 Cr ,Ready to Move,Resale,Furnished,North - West,"Garden/Park, Main Road",Freehold,14000000.0,2000.0,2.0,3.0,1.0,1.0,ahmedabad,7000.0
1.30 Cr ,Ready to Move,New Property,Furnished,,,,13000000.0,1845.0,1.0,3.0,0.0,0.0,ahmedabad,7046.070460704607
65 Lac ,Ready to Move,Resale,Unfurnished,East,"Garden/Park, Pool, Main Road",Freehold,6500000.0,1440.0,6.0,2.0,1.0,1.0,ahmedabad,4513.888888888889
45 Lac ,Ready to Move,Resale,Unfurnished,East,Main Road,Freehold,4500000.0,1116.0,3.0,2.0,1.0,1.0,ahmedabad,4032.2580645161293
2.50 Cr ,Ready to Move,Resale,Furnished,,,,25000000.0,2880.0,2.0,4.0,0.0,0.0,ahmedabad,8680.555555555555
2.50 Cr ,Ready to Move,Resale,Furnished,,,,25000000.0,1840.0,4.0,3.0,0.0,0.0,ahmedabad,13586.95652173913
53 Lac ,Ready to Move,Resale,Furnished,,,,5300000.0,1332.0,2.0,2.0,0.0,0.0,ahmedabad,3978.978978978979
57 Lac ,Ready to Move,Resale,Unfurnished,East,Garden/Park,Freehold,5700000.0,1175.0,5.0,2.0,1.0,1.0,ahmedabad,4851.063829787234
57.5 Lac ,Ready to Move,New Property,Unfurnished,North,"Garden/Park, Main Road",Freehold,5750000.0,967.0,1.0,3.0,1.0,1.0,ahmedabad,5946.22543950362
75 Lac ,Ready to Move,Resale,Unfurnished,East,"Garden/Park, Pool, Main Road",Freehold,7500000.0,1202.0,4.0,3.0,1.0,1.0,ahmedabad,6239.600665557405
30 Lac ,Ready to Move,Resale,Semi-Furnished,East,,Freehold,3000000.0,794.0,5.0,2.0,0.0,0.0,ahmedabad,3778.337531486146
1.05 Cr ,Ready to Move,New Property,Unfurnished,North,Garden/Park,Co-operative Society,10500000.0,1615.0,14.0,3.0,0.0,1.0,ahmedabad,6501.547987616099
7.06 Cr ,Ready to Move,Resale,Unfurnished,West,,Freehold,70600000.0,3900.0,6.0,5.0,1.0,3.0,ahmedabad,18102.5641025641
33.5 Lac ,Ready to Move,Resale,Semi-Furnished,,,,3350000.0,720.0,2.0,2.0,1.0,0.0,ahmedabad,4652.777777777777
55 Lac ,Ready to Move,Resale,Semi-Furnished,East,Garden/Park,Freehold,5500000.0,645.0,2.0,2.0,2.0,1.0,ahmedabad,8527.131782945737
19 Lac ,Ready to Move,New Property,Unfurnished,East,"Garden/Park, Main Road",Freehold,1900000.0,415.0,11.0,1.0,1.0,0.0,ahmedabad,4578.313253012048
2.50 Cr ,Ready to Move,Resale,Unfurnished,,,,25000000.0,2999.0,5.0,4.0,0.0,0.0,ahmedabad,8336.112037345782
57 Lac ,Ready to Move,Resale,Unfurnished,East,"Garden/Park, Main Road",Freehold,5700000.0,1450.0,3.0,3.0,2.0,2.0,ahmedabad,3931.0344827586205
25 Lac ,Ready to Move,Resale,Unfurnished,West,Main Road,Freehold,2500000.0,720.0,2.0,1.0,1.0,0.0,ahmedabad,3472.222222222222
1.23 Cr ,Ready to Move,New Property,Unfurnished,East,"Garden/Park, Main Road",Co-operative Society,12300000.0,1815.0,13.0,3.0,1.0,1.0,ahmedabad,6776.859504132231
1.90 Cr ,Ready to Move,Resale,Semi-Furnished,East,"Garden/Park, Main Road",Co-operative Society,19000000.0,1713.0,9.0,4.0,4.0,2.0,ahmedabad,11091.652072387624
59 Lac ,Ready to Move,Resale,Unfurnished,North,,Freehold,5900000.0,1090.0,12.0,2.0,1.0,0.0,ahmedabad,5412.844036697248
49 Lac ,Ready to Move,Resale,Unfurnished,,"Garden/Park, Pool, Main Road",,4900000.0,700.0,4.0,2.0,2.0,0.0,ahmedabad,7000.0
1.02 Cr ,Ready to Move,Resale,Furnished,,,,10200000.0,2565.0,2.0,3.0,0.0,0.0,ahmedabad,3976.6081871345027
70 Lac ,Ready to Move,New Property,Furnished,East,"Garden/Park, Main Road",Co-operative Society,7000000.0,832.0,5.0,2.0,2.0,0.0,ahmedabad,8413.461538461539
3.80 Cr ,Ready to Move,Resale,Semi-Furnished,East,"Garden/Park, Pool, Main Road",Freehold,38000000.0,2262.0,1.0,2.0,1.0,1.0,ahmedabad,16799.292661361626
35 Lac ,Ready to Move,Resale,Unfurnished,,,,3500000.0,936.0,4.0,2.0,2.0,0.0,ahmedabad,3739.3162393162393
68 Lac ,Ready to Move,Resale,Unfurnished,East,Main Road,Freehold,6800000.0,1440.0,8.0,3.0,1.0,1.0,ahmedabad,4722.222222222223
40.7 Lac ,Ready to Move,New Property,Unfurnished,North - East,Garden/Park,Freehold,4070000.0000000005,624.0,5.0,2.0,0.0,1.0,ahmedabad,6522.435897435898
45 Lac ,Ready to Move,New Property,Unfurnished,North - East,Main Road,Freehold,4500000.0,625.0,8.0,2.0,0.0,0.0,ahmedabad,7200.0
49 Lac ,Ready to Move,Resale,Unfurnished,East,"Garden/Park, Pool, Main Road",Freehold,4900000.0,906.0,4.0,2.0,2.0,1.0,ahmedabad,5408.388520971303
42 Lac ,Ready to Move,New Property,Unfurnished,North - East,Garden/Park,Freehold,4200000.0,633.0,5.0,2.0,0.0,1.0,ahmedabad,6635.071090047393
40 Lac ,Ready to Move,New Property,Unfurnished,East,Garden/Park,Freehold,4000000.0,449.0,7.0,1.0,0.0,1.0,ahmedabad,8908.685968819598
42 Lac ,Ready to Move,Resale,Semi-Furnished,,,,4200000.0,810.0,5.0,2.0,1.0,0.0,ahmedabad,5185.185185185185
1.80 Cr ,Ready to Move,Resale,Unfurnished,,,,18000000.0,1215.0,1.0,2.0,0.0,0.0,ahmedabad,14814.814814814816
36 Lac ,Ready to Move,Resale,Furnished,,,Freehold,3600000.0,595.0,2.0,1.0,1.0,0.0,ahmedabad,6050.420168067227
1.85 Cr ,Ready to Move,New Property,Unfurnished,East,"Garden/Park, Main Road",Freehold,18500000.0,2099.0,6.0,3.0,1.0,2.0,ahmedabad,8813.720819437827
3.85 Cr ,Ready to Move,Resale,Semi-Furnished,West,Garden/Park,Freehold,38500000.0,3150.0,4.0,4.0,1.0,2.0,ahmedabad,12222.222222222223
2.75 Cr ,Ready to Move,Resale,Unfurnished,East,"Garden/Park, Pool, Main Road",Freehold,27500000.0,2150.0,2.0,4.0,2.0,2.0,ahmedabad,12790.697674418605
45 Lac ,Ready to Move,New Property,Furnished,East,"Garden/Park, Pool",Co-operative Society,4500000.0,1100.0,4.0,2.0,2.0,0.0,ahmedabad,4090.909090909091
66 Lac ,Ready to Move,Resale,Furnished,East,"Garden/Park, Main Road",Freehold,6600000.0,700.0,3.0,2.0,1.0,1.0,ahmedabad,9428.57142857143
36 Lac ,Ready to Move,New Property,Unfurnished,East,Garden/Park,Freehold,3600000.0,1188.0,7.0,3.0,2.0,0.0,ahmedabad,3030.3030303030305
45 Lac ,Ready to Move,Resale,Furnished,,,,4500000.0,620.0,4.0,2.0,2.0,0.0,ahmedabad,7258.064516129032
29 Lac ,Ready to Move,Resale,Unfurnished,,,,2900000.0,945.0,3.0,2.0,1.0,0.0,ahmedabad,3068.7830687830688
41 Lac ,Ready to Move,Resale,Semi-Furnished,,,,4100000.0,630.0,4.0,1.0,0.0,0.0,ahmedabad,6507.936507936508
62 Lac ,Ready to Move,New Property,Unfurnished,East,Main Road,Freehold,6200000.0,999.0,4.0,3.0,1.0,1.0,ahmedabad,6206.206206206206
1.25 Cr ,Ready to Move,New Property,Unfurnished,East,Main Road,Freehold,12500000.0,1188.0,4.0,3.0,2.0,2.0,ahmedabad,10521.885521885522
1.18 Cr ,Ready to Move,Resale,Unfurnished,East,"Garden/Park, Pool, Main Road",Freehold,11800000.0,1316.0,4.0,3.0,2.0,2.0,ahmedabad,8966.565349544073
1.50 Cr ,Ready to Move,Resale,Semi-Furnished,East,Main Road,Freehold,15000000.0,1056.0,7.0,3.0,4.0,1.0,ahmedabad,14204.545454545454
1.02 Cr ,Ready to Move,Resale,Unfurnished,East,Main Road,Freehold,10200000.0,1050.0,8.0,3.0,1.0,1.0,ahmedabad,9714.285714285714
50 Lac ,Ready to Move,Resale,Semi-Furnished,West,Garden/Park,Freehold,5000000.0,810.0,4.0,2.0,0.0,0.0,ahmedabad,6172.83950617284
49.4 Lac ,Ready to Move,New Property,Unfurnished,East,Garden/Park,Freehold,4940000.0,819.0,6.0,2.0,0.0,1.0,ahmedabad,6031.746031746032
26 Lac ,Ready to Move,Resale,Furnished,,,,2600000.0,440.0,0.0,1.0,2.0,0.0,ahmedabad,5909.090909090909
25 Lac ,Ready to Move,Resale,Unfurnished,,,,2500000.0,720.0,3.0,2.0,0.0,0.0,ahmedabad,3472.222222222222
2.10 Cr ,Ready to Move,Resale,Unfurnished,East,"Garden/Park, Pool, Main Road",Co-operative Society,21000000.0,1777.0,17.0,4.0,1.0,2.0,ahmedabad,11817.670230725942
49.9 Lac ,Ready to Move,Resale,Furnished,,,,4990000.0,621.0,6.0,2.0,1.0,0.0,ahmedabad,8035.426731078905
44 Lac ,Ready to Move,Resale,Furnished,,"Garden/Park, Pool, Main Road",,4400000.0,699.0,,2.0,2.0,1.0,ahmedabad,6294.706723891273
73.3 Lac ,Ready to Move,Resale,Unfurnished,,,,7330000.0,670.0,3.0,2.0,1.0,0.0,ahmedabad,10940.298507462687
40 Lac ,Ready to Move,Resale,Semi-Furnished,,,Freehold,4000000.0,95.0,4.0,1.0,1.0,0.0,ahmedabad,42105.26315789474
65 Lac ,Ready to Move,Resale,Unfurnished,East,"Garden/Park, Main Road",Freehold,6500000.0,1161.0,7.0,2.0,1.0,0.0,ahmedabad,5598.621877691645
62 Lac ,Ready to Move,Resale,Semi-Furnished,,,,6200000.0,1350.0,8.0,2.0,0.0,0.0,ahmedabad,4592.592592592592
1.35 Cr ,Ready to Move,Resale,Furnished,North - East,"Garden/Park, Main Road",Freehold,13500000.0,1640.0,2.0,3.0,2.0,1.0,ahmedabad,8231.707317073171
55 Lac ,Ready to Move,New Property,Furnished,East,"Garden/Park, Main Road",Freehold,5500000.0,1161.0,9.0,2.0,1.0,0.0,ahmedabad,4737.295434969854
55 Lac ,Ready to Move,Resale,Unfurnished,East,Main Road,Freehold,5500000.0,711.0,5.0,2.0,1.0,0.0,ahmedabad,7735.583684950773
3 Cr ,Ready to Move,Resale,Unfurnished,East,Garden/Park,Freehold,30000000.0,2380.0,5.0,4.0,2.0,2.0,ahmedabad,12605.042016806723
1.40 Cr ,Ready to Move,Resale,Unfurnished,,,,14000000.0,2598.0,3.0,5.0,0.0,0.0,ahmedabad,5388.7605850654345
43 Lac ,Ready to Move,Resale,Furnished,,"Garden/Park, Main Road",Freehold,4300000.0,900.0,3.0,2.0,2.0,0.0,ahmedabad,4777.777777777777
4.70 Cr ,Ready to Move,Resale,Unfurnished,East,"Pool, Garden/Park, Main Road",Freehold,47000000.0,4384.0,10.0,4.0,2.0,0.0,ahmedabad,10720.802919708029
68 Lac ,Ready to Move,Resale,Unfurnished,East,Garden/Park,Freehold,6800000.0,879.0,9.0,3.0,1.0,1.0,ahmedabad,7736.063708759954
1.65 Cr ,Ready to Move,Resale,Unfurnished,East,Main Road,Freehold,16500000.0,2700.0,2.0,4.0,3.0,2.0,ahmedabad,6111.111111111111
85 Lac ,Ready to Move,Resale,Semi-Furnished,North,,Freehold,8500000.0,1620.0,8.0,3.0,4.0,1.0,ahmedabad,5246.913580246914
42 Lac ,Ready to Move,New Property,Furnished,East,"Garden/Park, Main Road",Freehold,4200000.0,972.0,3.0,2.0,1.0,1.0,ahmedabad,4320.9876543209875
65 Lac ,Ready to Move,New Property,Unfurnished,,,,6500000.0,1215.0,0.0,2.0,3.0,0.0,ahmedabad,5349.794238683127
20 Lac ,Ready to Move,Resale,Semi-Furnished,,"Garden/Park, Main Road",Freehold,2000000.0,450.0,2.0,2.0,1.0,0.0,ahmedabad,4444.444444444444
20 Lac ,Ready to Move,Resale,Semi-Furnished,,,,2000000.0,570.0,2.0,2.0,0.0,0.0,ahmedabad,3508.7719298245615
85 Lac ,Ready to Move,Resale,Semi-Furnished,East,"Garden/Park, Pool, Main Road",Freehold,8500000.0,720.0,0.0,2.0,1.0,1.0,ahmedabad,11805.555555555555
1.61 Cr ,Ready to Move,Resale,Furnished,,,,16100000.000000002,2250.0,4.0,4.0,0.0,0.0,ahmedabad,7155.555555555557
65 Lac ,Ready to Move,Resale,Unfurnished,,,,6500000.0,1764.0,9.0,3.0,0.0,0.0,ahmedabad,3684.8072562358275
66.7 Lac ,Ready to Move,Resale,Unfurnished,,,,6670000.0,1730.0,6.0,3.0,0.0,0.0,ahmedabad,3855.491329479769
82 Lac ,Ready to Move,Resale,Furnished,,,,8200000.0,1440.0,7.0,3.0,0.0,0.0,ahmedabad,5694.444444444444
58 Lac ,Ready to Move,Resale,Semi-Furnished,North - West,,Freehold,5800000.0,760.0,9.0,2.0,2.0,2.0,ahmedabad,7631.578947368421
2.15 Cr ,Ready to Move,Resale,Furnished,North,,Freehold,21500000.0,3250.0,2.0,4.0,1.0,1.0,ahmedabad,6615.384615384615
2.65 Cr ,Ready to Move,Resale,Furnished,East,"Garden/Park, Main Road",Freehold,26500000.0,1362.0,7.0,3.0,1.0,2.0,ahmedabad,19456.681350954477
77 Lac ,Ready to Move,Resale,Semi-Furnished,West,Main Road,Freehold,7700000.0,1233.0,5.0,3.0,3.0,1.0,ahmedabad,6244.931062449311
70.1 Lac ,Ready to Move,New Property,Unfurnished,East,"Garden/Park, Main Road",Freehold,7009999.999999999,1630.0,6.0,3.0,1.0,2.0,ahmedabad,4300.613496932515
1.12 Cr ,Ready to Move,New Property,Unfurnished,East,"Garden/Park, Main Road",Freehold,11200000.000000002,1250.0,6.0,3.0,1.0,1.0,ahmedabad,8960.000000000002
52 Lac ,Ready to Move,Resale,Furnished,,,,5200000.0,900.0,2.0,2.0,0.0,0.0,ahmedabad,5777.777777777777
1.20 Cr ,Ready to Move,Resale,Semi-Furnished,,,,12000000.0,2250.0,2.0,3.0,0.0,0.0,ahmedabad,5333.333333333333
58 Lac ,Ready to Move,Resale,Furnished,,,,5800000.0,1332.0,5.0,2.0,0.0,0.0,ahmedabad,4354.354354354355
65 Lac ,Ready to Move,Resale,Semi-Furnished,,,,6500000.0,1000.0,1.0,2.0,0.0,0.0,ahmedabad,6500.0
55 Lac ,Ready to Move,Resale,Furnished,East,"Garden/Park, Main Road",Freehold,5500000.0,1440.0,1.0,2.0,2.0,1.0,ahmedabad,3819.4444444444443
1.80 Cr ,Ready to Move,New Property,Unfurnished,East,Garden/Park,Freehold,18000000.0,1494.0,1.0,3.0,1.0,1.0,ahmedabad,12048.192771084337
54 Lac ,Ready to Move,Resale,Semi-Furnished,North - East,"Garden/Park, Main Road",Freehold,5400000.0,739.0,9.0,2.0,1.0,1.0,ahmedabad,7307.171853856563
57.9 Lac ,Ready to Move,New Property,Unfurnished,East,"Garden/Park, Main Road",Freehold,5790000.0,1315.0,8.0,2.0,1.0,1.0,ahmedabad,4403.041825095057
1.11 Cr ,Ready to Move,Resale,Unfurnished,East,"Garden/Park, Main Road",Freehold,11100000.000000002,1150.0,12.0,3.0,1.0,2.0,ahmedabad,9652.17391304348
40 Lac ,Ready to Move,Resale,Unfurnished,East,Main Road,Freehold,4000000.0,825.0,1.0,2.0,1.0,0.0,ahmedabad,4848.484848484848
65.7 Lac ,Ready to Move,New Property,Unfurnished,East,Garden/Park,Freehold,6570000.0,1665.0,8.0,3.0,1.0,1.0,ahmedabad,3945.945945945946
3.50 Cr ,Ready to Move,New Property,Unfurnished,East,Garden/Park,Freehold,35000000.0,2256.0,2.0,4.0,2.0,1.0,ahmedabad,15514.18439716312
55 Lac ,Ready to Move,Resale,Unfurnished,North - East,"Garden/Park, Main Road",Freehold,5500000.0,680.0,5.0,2.0,2.0,1.0,ahmedabad,8088.235294117647
42 Lac ,Ready to Move,Resale,Unfurnished,North - East,"Garden/Park, Main Road",,4200000.0,972.0,2.0,2.0,2.0,0.0,ahmedabad,4320.9876543209875
85 Lac ,Ready to Move,Resale,Furnished,East,Garden/Park,Freehold,8500000.0,1204.0,3.0,3.0,1.0,1.0,ahmedabad,7059.800664451827
2.75 Cr ,Ready to Move,New Property,Unfurnished,East,Garden/Park,Freehold,27500000.0,2206.0,1.0,4.0,0.0,3.0,ahmedabad,12466.001813236628
2.68 Cr ,Ready to Move,Resale,Unfurnished,East,"Garden/Park, Main Road",Freehold,26800000.0,2400.0,14.0,4.0,1.0,3.0,ahmedabad,11166.666666666666
37 Lac ,Ready to Move,Resale,Furnished,East,,Freehold,3700000.0,750.0,3.0,2.0,1.0,0.0,ahmedabad,4933.333333333333
55 Lac ,Ready to Move,Resale,Semi-Furnished,,,,5500000.0,1296.0,1.0,2.0,3.0,0.0,ahmedabad,4243.827160493827
65 Lac ,Ready to Move,Resale,Furnished,North - East,Garden/Park,Freehold,6500000.0,777.0,5.0,2.0,1.0,1.0,ahmedabad,8365.508365508365
2.80 Cr ,Ready to Move,Resale,Unfurnished,North - East,"Garden/Park, Main Road",Freehold,28000000.0,3538.0,10.0,4.0,1.0,0.0,ahmedabad,7914.075749010741
22.2 Lac ,Ready to Move,Resale,Semi-Furnished,East,"Garden/Park, Main Road",Freehold,2220000.0,646.0,0.0,1.0,1.0,1.0,ahmedabad,3436.532507739938
55 Lac ,Ready to Move,Resale,Unfurnished,East,"Garden/Park, Main Road",Freehold,5500000.0,810.0,7.0,2.0,1.0,1.0,ahmedabad,6790.123456790124
2 Cr ,Ready to Move,Resale,Semi-Furnished,East,Garden/Park,Freehold,20000000.0,1800.0,5.0,4.0,2.0,2.0,ahmedabad,11111.111111111111
46 Lac ,Ready to Move,Resale,Furnished,West,"Garden/Park, Main Road",Freehold,4600000.0,765.0,3.0,2.0,1.0,0.0,ahmedabad,6013.071895424837
51 Lac ,Ready to Move,Resale,Semi-Furnished,,,,5100000.0,1125.0,1.0,2.0,0.0,0.0,ahmedabad,4533.333333333333
23 Lac ,Ready to Move,Resale,Semi-Furnished,,,,2300000.0,500.0,1.0,1.0,0.0,0.0,ahmedabad,4600.0
65.5 Lac ,Ready to Move,Resale,Unfurnished,North - East,Garden/Park,Freehold,6550000.0,721.0,11.0,2.0,0.0,1.0,ahmedabad,9084.604715672676
61 Lac ,Ready to Move,Resale,Semi-Furnished,East,"Garden/Park, Main Road",Freehold,6100000.0,1260.0,5.0,2.0,0.0,0.0,ahmedabad,4841.269841269841
47.9 Lac ,Ready to Move,New Property,Unfurnished,,,,4790000.0,1197.0,3.0,2.0,0.0,0.0,ahmedabad,4001.6708437761067
28.5 Lac ,Ready to Move,Resale,Semi-Furnished,East,"Pool, Garden/Park, Main Road",Freehold,2850000.0,715.0,1.0,1.0,0.0,0.0,ahmedabad,3986.013986013986
55 Lac ,Ready to Move,Resale,Semi-Furnished,,,,5500000.0,1323.0,3.0,2.0,0.0,0.0,ahmedabad,4157.218442932729
1.75 Cr ,Ready to Move,Resale,Furnished,East,Garden/Park,Co-operative Society,17500000.0,1575.0,5.0,4.0,1.0,1.0,ahmedabad,11111.111111111111
2.51 Cr ,Ready to Move,Resale,Unfurnished,East,"Garden/Park, Main Road",Freehold,25099999.999999996,2300.0,11.0,4.0,2.0,0.0,ahmedabad,10913.043478260868
2.95 Cr ,Ready to Move,Resale,Furnished,East,Main Road,Freehold,29500000.0,2250.0,3.0,3.0,3.0,2.0,ahmedabad,13111.111111111111
36 Lac ,Ready to Move,Resale,Unfurnished,North,Garden/Park,Freehold,3600000.0,607.0,7.0,2.0,1.0,0.0,ahmedabad,5930.807248764415
51 Lac ,Ready to Move,Resale,Semi-Furnished,South - East,Main Road,Co-operative Society,5100000.0,1200.0,1.0,2.0,2.0,0.0,ahmedabad,4250.0
70 Lac ,Ready to Move,Resale,Furnished,East,"Garden/Park, Main Road",Freehold,7000000.0,891.0,6.0,3.0,1.0,1.0,ahmedabad,7856.341189674523
68 Lac ,Ready to Move,Resale,Semi-Furnished,,,,6800000.0,1325.0,1.0,2.0,0.0,0.0,ahmedabad,5132.075471698113
1.80 Cr ,Ready to Move,Resale,Unfurnished,East,Garden/Park,Freehold,18000000.0,2475.0,5.0,3.0,4.0,0.0,ahmedabad,7272.727272727273
78 Lac ,Ready to Move,Resale,Semi-Furnished,,,Freehold,7800000.0,887.0,5.0,3.0,0.0,0.0,ahmedabad,8793.68658399098
64.5 Lac ,Ready to Move,New Property,Unfurnished,East,"Garden/Park, Pool, Main Road",Freehold,6450000.0,917.0,4.0,3.0,1.0,1.0,ahmedabad,7033.805888767721
65 Lac ,Ready to Move,Resale,Unfurnished,,,,6500000.0,1431.6119999999999,7.0,3.0,0.0,0.0,ahmedabad,4540.336348116669
2.40 Cr ,Ready to Move,Resale,Semi-Furnished,North,Main Road,Co-operative Society,24000000.0,1970.0,4.0,4.0,1.0,2.0,ahmedabad,12182.74111675127
49 Lac ,Ready to Move,New Property,Semi-Furnished,East,"Pool, Garden/Park, Main Road",Leasehold,4900000.0,770.0,5.0,2.0,2.0,0.0,ahmedabad,6363.636363636364
1.37 Cr ,Ready to Move,New Property,Furnished,East,"Garden/Park, Main Road",Freehold,13700000.000000002,1665.0,5.0,2.0,1.0,1.0,ahmedabad,8228.228228228229
62.6 Lac ,Ready to Move,New Property,Unfurnished,East,"Garden/Park, Main Road",Freehold,6260000.0,815.0,1.0,2.0,1.0,1.0,ahmedabad,7680.981595092025
2.52 Cr ,Ready to Move,New Property,Unfurnished,East,Garden/Park,Freehold,25200000.0,1980.0,4.0,4.0,1.0,2.0,ahmedabad,12727.272727272728
2.50 Cr ,Ready to Move,Resale,Furnished,East,"Garden/Park, Main Road",Freehold,25000000.0,1610.0,2.0,3.0,1.0,2.0,ahmedabad,15527.950310559007
1.60 Cr ,Ready to Move,New Property,Unfurnished,East,"Garden/Park, Main Road",Co-operative Society,16000000.0,1455.0,15.0,4.0,3.0,2.0,ahmedabad,10996.56357388316
85 Lac ,Ready to Move,Resale,Semi-Furnished,,,,8500000.0,1250.0,3.0,2.0,0.0,0.0,ahmedabad,6800.0
62 Lac ,Ready to Move,Resale,Unfurnished,,,,6200000.0,800.0,7.0,2.0,0.0,0.0,ahmedabad,7750.0
53 Lac ,Ready to Move,Resale,Semi-Furnished,North,Garden/Park,Freehold,5300000.0,1225.0,7.0,2.0,2.0,0.0,ahmedabad,4326.530612244898
47 Lac ,Ready to Move,Resale,Unfurnished,South,"Garden/Park, Main Road",Freehold,4700000.0,1215.0,5.0,2.0,3.0,0.0,ahmedabad,3868.312757201646
60 Lac ,Ready to Move,Resale,Furnished,East,Main Road,Freehold,6000000.0,850.0,9.0,2.0,1.0,1.0,ahmedabad,7058.823529411765
1.30 Cr ,Ready to Move,Resale,Unfurnished,,,,13000000.0,2100.0,5.0,3.0,0.0,0.0,ahmedabad,6190.476190476191
15 Lac ,Ready to Move,New Property,Furnished,,,,1500000.0,68.0,4.0,1.0,0.0,0.0,ahmedabad,22058.823529411766
1.30 Cr ,Ready to Move,Resale,Furnished,,,,13000000.0,1575.0,3.0,3.0,0.0,0.0,ahmedabad,8253.968253968254
1.30 Cr ,Ready to Move,Resale,Furnished,,,,13000000.0,1574.0,3.0,3.0,0.0,0.0,ahmedabad,8259.212198221092
1.40 Cr ,Ready to Move,Resale,Unfurnished,,,,14000000.0,2097.0,1.0,3.0,0.0,0.0,ahmedabad,6676.204101096805
1.45 Cr ,Ready to Move,New Property,Furnished,,,,14500000.0,2097.0,1.0,3.0,0.0,0.0,ahmedabad,6914.639961850262
1.80 Cr ,Ready to Move,New Property,Furnished,,,,18000000.0,2500.0,2.0,3.0,0.0,0.0,ahmedabad,7200.0
1.80 Cr ,Ready to Move,Resale,Furnished,,,,18000000.0,2500.0,2.0,3.0,0.0,0.0,ahmedabad,7200.0
95 Lac ,Ready to Move,Resale,Furnished,,,,9500000.0,1200.0,1.0,2.0,0.0,0.0,ahmedabad,7916.666666666667
47 Lac ,Ready to Move,Resale,Unfurnished,East,Main Road,Freehold,4700000.0,1143.0,10.0,2.0,1.0,1.0,ahmedabad,4111.986001749781
35 Lac ,Ready to Move,Resale,Furnished,North - East,Main Road,Co-operative Society,3500000.0,540.0,3.0,1.0,2.0,0.0,ahmedabad,6481.481481481482
4.25 Cr ,Ready to Move,Resale,Furnished,North,Garden/Park,Freehold,42500000.0,4500.0,2.0,4.0,0.0,3.0,ahmedabad,9444.444444444445
5.50 Cr ,Ready to Move,Resale,Furnished,South,Garden/Park,Freehold,55000000.0,4500.0,4.0,4.0,0.0,3.0,ahmedabad,12222.222222222223
1.25 Cr ,Ready to Move,Resale,Unfurnished,West,"Garden/Park, Main Road",Freehold,12500000.0,1400.0,7.0,3.0,1.0,1.0,ahmedabad,8928.57142857143
2.84 Cr ,Ready to Move,New Property,Unfurnished,East,"Garden/Park, Pool, Main Road",Freehold,28400000.0,2160.0,4.0,4.0,1.0,3.0,ahmedabad,13148.148148148148
3.60 Cr ,Ready to Move,Resale,Unfurnished,East,"Garden/Park, Pool, Main Road",Freehold,36000000.0,2500.0,7.0,6.0,1.0,2.0,ahmedabad,14400.0
42 Lac ,Ready to Move,Resale,Semi-Furnished,East,Garden/Park,Co-operative Society,4200000.0,750.0,1.0,2.0,2.0,0.0,ahmedabad,5600.0
1.80 Cr ,Ready to Move,Resale,Unfurnished,East,"Garden/Park, Main Road",Freehold,18000000.0,2916.0,12.0,3.0,2.0,2.0,ahmedabad,6172.83950617284
43.5 Lac ,Ready to Move,Resale,Unfurnished,,,,4350000.0,1170.0,3.0,2.0,0.0,0.0,ahmedabad,3717.948717948718
48 Lac ,Ready to Move,Resale,Semi-Furnished,,,,4800000.0,1116.0,3.0,2.0,0.0,0.0,ahmedabad,4301.075268817204
40 Lac ,Ready to Move,Resale,Semi-Furnished,,,,4000000.0,1190.0,7.0,2.0,0.0,0.0,ahmedabad,3361.344537815126
1.44 Cr ,Ready to Move,Resale,Unfurnished,East,"Garden/Park, Pool, Main Road",Freehold,14400000.0,1443.0,5.0,4.0,2.0,2.0,ahmedabad,9979.20997920998
1.25 Cr ,Ready to Move,Resale,Semi-Furnished,East,Main Road,Freehold,12500000.0,1890.0,2.0,3.0,2.0,1.0,ahmedabad,6613.756613756614
49.5 Lac ,Ready to Move,New Property,Semi-Furnished,East,Garden/Park,Freehold,4950000.0,627.0,0.0,2.0,0.0,0.0,ahmedabad,7894.736842105263
1.12 Cr ,Ready to Move,Resale,Unfurnished,,,,11200000.000000002,2000.0,3.0,3.0,0.0,0.0,ahmedabad,5600.000000000001
1.15 Cr ,Ready to Move,Resale,Semi-Furnished,,,,11500000.0,1854.0,4.0,3.0,0.0,0.0,ahmedabad,6202.804746494067
1.15 Cr ,Ready to Move,Resale,Furnished,,,,11500000.0,1840.0,3.0,3.0,0.0,0.0,ahmedabad,6250.0
1.15 Cr ,Ready to Move,Resale,Unfurnished,,,,11500000.0,1725.0,4.0,3.0,0.0,0.0,ahmedabad,6666.666666666667
66 Lac ,Ready to Move,Resale,Unfurnished,East,"Garden/Park, Main Road",Freehold,6600000.0,912.0,,3.0,1.0,1.0,ahmedabad,7236.8421052631575
2 Cr ,Ready to Move,Resale,Furnished,,,,20000000.0,2385.0,10.0,3.0,0.0,0.0,ahmedabad,8385.744234800839
2.30 Cr ,Ready to Move,Resale,Unfurnished,,,,23000000.0,2385.0,3.0,3.0,0.0,0.0,ahmedabad,9643.605870020965
40 Lac ,Ready to Move,Resale,Unfurnished,,,,4000000.0,660.0,6.0,2.0,1.0,0.0,ahmedabad,6060.606060606061
3.20 Cr ,Ready to Move,New Property,Unfurnished,North - East,Garden/Park,Freehold,32000000.0,4000.0,5.0,4.0,1.0,0.0,ahmedabad,8000.0
3.50 Cr ,Ready to Move,Resale,Furnished,East,Main Road,Freehold,35000000.0,2010.0,2.0,4.0,1.0,3.0,ahmedabad,17412.935323383084
1.15 Cr ,Ready to Move,Resale,Furnished,East,"Garden/Park, Main Road",Freehold,11500000.0,1359.0,5.0,3.0,2.0,1.0,ahmedabad,8462.104488594554
5.60 Cr ,Ready to Move,New Property,Unfurnished,East,"Garden/Park, Pool, Main Road",Freehold,56000000.0,3245.0,3.0,3.0,3.0,2.0,ahmedabad,17257.318952234207
75 Lac ,Ready to Move,Resale,Furnished,,,,7500000.0,1100.0,2.0,2.0,3.0,0.0,ahmedabad,6818.181818181818
72 Lac ,Ready to Move,Resale,Unfurnished,,,,7200000.0,897.0,8.0,3.0,1.0,0.0,ahmedabad,8026.755852842809
36 Lac ,Ready to Move,Resale,,,,,3600000.0,801.0,,2.0,0.0,0.0,ahmedabad,4494.38202247191
54 Lac ,Ready to Move,Resale,Unfurnished,East,Main Road,Freehold,5400000.0,625.0,18.0,2.0,0.0,0.0,ahmedabad,8640.0
1.50 Cr ,Ready to Move,Resale,Furnished,East,Main Road,Co-operative Society,15000000.0,1200.0,5.0,3.0,1.0,2.0,ahmedabad,12500.0
45 Lac ,Ready to Move,Resale,Unfurnished,,,,4500000.0,1140.0,8.0,2.0,0.0,0.0,ahmedabad,3947.3684210526317
45 Lac ,Ready to Move,New Property,Semi-Furnished,,,,4500000.0,1285.0,10.0,2.0,0.0,0.0,ahmedabad,3501.9455252918287
52 Lac ,Ready to Move,Resale,Unfurnished,,,,5200000.0,1140.0,6.0,2.0,0.0,0.0,ahmedabad,4561.403508771929
7.5 Lac ,Ready to Move,Resale,Unfurnished,East,,Freehold,750000.0,145.0,5.0,2.0,1.0,0.0,ahmedabad,5172.413793103448
61 Lac ,Ready to Move,Resale,Semi-Furnished,East,Main Road,Freehold,6100000.0,900.0,3.0,3.0,1.0,1.0,ahmedabad,6777.777777777777
1.25 Cr ,Ready to Move,Resale,Semi-Furnished,,,,12500000.0,2600.0,8.0,3.0,0.0,0.0,ahmedabad,4807.692307692308
1.59 Cr ,Ready to Move,New Property,Unfurnished,East,Main Road,Freehold,15900000.0,3591.0,4.0,3.0,1.0,1.0,ahmedabad,4427.736006683375
30 Lac ,Ready to Move,Resale,Semi-Furnished,,,,3000000.0,972.0,5.0,2.0,0.0,0.0,ahmedabad,3086.41975308642
52 Lac ,Ready to Move,Resale,Semi-Furnished,East,"Garden/Park, Pool, Main Road",Freehold,5200000.0,760.0,11.0,3.0,0.0,1.0,ahmedabad,6842.105263157895
4.50 Cr ,Ready to Move,New Property,Unfurnished,East,Garden/Park,Co-operative Society,45000000.0,2300.0,12.0,4.0,2.0,3.0,ahmedabad,19565.217391304348
69 Lac ,Ready to Move,Resale,Semi-Furnished,,,,6900000.0,1435.0,5.0,3.0,1.0,0.0,ahmedabad,4808.3623693379795
35.8 Lac ,Ready to Move,New Property,Unfurnished,East,"Garden/Park, Main Road",Freehold,3579999.9999999995,590.0,5.0,2.0,0.0,1.0,ahmedabad,6067.796610169491
2.30 Cr ,Ready to Move,Resale,Furnished,North - West,Main Road,Freehold,23000000.0,2610.0,8.0,3.0,0.0,2.0,ahmedabad,8812.260536398468
29 Lac ,Ready to Move,Resale,Semi-Furnished,South,"Garden/Park, Main Road",Freehold,2900000.0,390.0,6.0,1.0,1.0,1.0,ahmedabad,7435.897435897436
50 Lac ,Ready to Move,Resale,Unfurnished,,,,5000000.0,1170.0,5.0,2.0,0.0,0.0,ahmedabad,4273.504273504273
51 Lac ,Ready to Move,Resale,Unfurnished,,,,5100000.0,1260.0,3.0,2.0,0.0,0.0,ahmedabad,4047.6190476190477
51 Lac ,Ready to Move,Resale,Unfurnished,,,,5100000.0,1170.0,5.0,2.0,0.0,0.0,ahmedabad,4358.974358974359
51 Lac ,Ready to Move,Resale,Unfurnished,,,,5100000.0,1269.0,5.0,2.0,0.0,0.0,ahmedabad,4018.9125295508275
1.50 Cr ,Ready to Move,Resale,Furnished,East,Main Road,Freehold,15000000.0,1500.0,12.0,3.0,4.0,0.0,ahmedabad,10000.0
86 Lac ,Ready to Move,New Property,Unfurnished,East,"Garden/Park, Main Road",Freehold,8600000.0,800.0,7.0,3.0,1.0,1.0,ahmedabad,10750.0
80 Lac ,Ready to Move,Resale,Unfurnished,,Garden/Park,Co-operative Society,8000000.0,818.064,7.0,2.0,2.0,0.0,ahmedabad,9779.18598055898
18.3 Lac ,Ready to Move,Resale,Unfurnished,East,Main Road,Co-operative Society,1830000.0,585.0,2.0,1.0,2.0,0.0,ahmedabad,3128.2051282051284
70 Lac ,Ready to Move,Resale,Semi-Furnished,East,Garden/Park,Freehold,7000000.0,1089.0,2.0,3.0,1.0,2.0,ahmedabad,6427.9155188246095
1 Cr ,Ready to Move,Resale,Semi-Furnished,East,Garden/Park,Freehold,10000000.0,1850.0,3.0,3.0,2.0,0.0,ahmedabad,5405.405405405405
58 Lac ,Ready to Move,Resale,Unfurnished,West,"Pool, Garden/Park, Main Road",Freehold,5800000.0,756.0,11.0,2.0,1.0,1.0,ahmedabad,7671.957671957672
90 Lac ,Ready to Move,Resale,Furnished,North,,Co-operative Society,9000000.0,1350.0,,3.0,3.0,1.0,ahmedabad,6666.666666666667
18 Lac ,Ready to Move,Resale,Unfurnished,East,,Freehold,1800000.0,86.0,9.0,2.0,1.0,1.0,ahmedabad,20930.232558139534
41 Lac ,Ready to Move,Resale,Unfurnished,South - East,Garden/Park,Power Of Attorney,4100000.0,590.0,2.0,2.0,0.0,202.0,ahmedabad,6949.152542372882
1.10 Cr ,Ready to Move,Resale,Unfurnished,East,Main Road,Freehold,11000000.0,2211.0,7.0,3.0,2.0,2.0,ahmedabad,4975.124378109453
59 Lac ,Ready to Move,Resale,Semi-Furnished,East,"Garden/Park, Main Road",Freehold,5900000.0,1170.0,11.0,2.0,1.0,0.0,ahmedabad,5042.735042735043
55 Lac ,Ready to Move,Resale,Furnished,,,Co-operative Society,5500000.0,1170.0,4.0,2.0,1.0,1.0,ahmedabad,4700.854700854701
2.39 Cr ,Ready to Move,New Property,Unfurnished,East,"Garden/Park, Pool, Main Road",Freehold,23900000.0,1740.0,3.0,4.0,1.0,2.0,ahmedabad,13735.632183908046
50 Lac ,Ready to Move,New Property,Furnished,West,Garden/Park,Freehold,5000000.0,1130.0,3.0,2.0,1.0,0.0,ahmedabad,4424.778761061947
8 Lac ,Ready to Move,Resale,Semi-Furnished,East,Garden/Park,Freehold,800000.0,150.0,4.0,1.0,2.0,0.0,ahmedabad,5333.333333333333
75 Lac ,Ready to Move,New Property,Unfurnished,East,"Garden/Park, Main Road",Freehold,7500000.0,788.0,1.0,3.0,1.0,1.0,ahmedabad,9517.76649746193
3.35 Cr ,Ready to Move,Resale,Semi-Furnished,East,Main Road,Freehold,33500000.0,2590.0,7.0,4.0,1.0,1.0,ahmedabad,12934.362934362935
1.50 Cr ,Ready to Move,Resale,Furnished,East,Main Road,Freehold,15000000.0,1620.0,7.0,2.0,2.0,1.0,ahmedabad,9259.25925925926
1.55 Cr ,Ready to Move,Resale,Furnished,,,Freehold,15500000.0,2360.0,7.0,3.0,0.0,1.0,ahmedabad,6567.796610169492
45 Lac ,Ready to Move,Resale,Furnished,West,"Garden/Park, Pool, Main Road",Freehold,4500000.0,781.0,,2.0,1.0,0.0,ahmedabad,5761.843790012804
76 Lac ,Ready to Move,Resale,Furnished,North - East,Main Road,Freehold,7600000.0,1339.0,3.0,2.0,1.0,1.0,ahmedabad,5675.877520537715
64.1 Lac ,Ready to Move,New Property,Unfurnished,East,"Garden/Park, Main Road",Freehold,6409999.999999999,900.0,5.0,3.0,1.0,1.0,ahmedabad,7122.222222222221
65 Lac ,Ready to Move,New Property,Unfurnished,East,Main Road,Freehold,6500000.0,1512.0,1.0,3.0,1.0,1.0,ahmedabad,4298.941798941799
1.59 Cr ,Ready to Move,New Property,Unfurnished,East,"Garden/Park, Main Road",Freehold,15900000.0,2154.0,,5.0,2.0,1.0,ahmedabad,7381.615598885794
3.90 Cr ,Ready to Move,New Property,Unfurnished,North,Main Road,Freehold,39000000.0,4000.0,2.0,4.0,3.0,3.0,ahmedabad,9750.0
69 Lac ,Ready to Move,Resale,Unfurnished,,Main Road,,6900000.0,1557.0,12.0,3.0,0.0,0.0,ahmedabad,4431.599229287091
75 Lac ,Ready to Move,Resale,Furnished,,,,7500000.0,1268.0,10.0,2.0,0.0,0.0,ahmedabad,5914.826498422713
50 Lac ,Ready to Move,Resale,Semi-Furnished,East,"Garden/Park, Main Road",Freehold,5000000.0,1215.0,4.0,2.0,1.0,0.0,ahmedabad,4115.22633744856
3.65 Cr ,Ready to Move,Resale,Furnished,,,,36500000.0,3900.0,13.0,3.0,1.0,0.0,ahmedabad,9358.97435897436
2.80 Cr ,Ready to Move,New Property,Unfurnished,East,"Garden/Park, Pool, Main Road",Freehold,28000000.0,3280.0,5.0,4.0,1.0,2.0,ahmedabad,8536.585365853658
84 Lac ,Ready to Move,Resale,Furnished,East,"Garden/Park, Main Road",,8400000.0,1100.0,10.0,2.0,1.0,0.0,ahmedabad,7636.363636363636
35 Lac ,Ready to Move,Resale,Unfurnished,,Main Road,Freehold,3500000.0,800.0,3.0,2.0,3.0,0.0,ahmedabad,4375.0
37.5 Lac ,Ready to Move,Resale,Furnished,South,Garden/Park,Freehold,3750000.0,1109.0,5.0,2.0,1.0,0.0,ahmedabad,3381.424706943192
1.68 Cr ,Ready to Move,Resale,Furnished,West,Main Road,Freehold,16800000.0,1107.0,8.0,3.0,1.0,2.0,ahmedabad,15176.151761517614
94 Lac ,Ready to Move,Resale,Unfurnished,West,Garden/Park,Freehold,9400000.0,968.0,3.0,2.0,1.0,1.0,ahmedabad,9710.743801652892
1 Cr ,Ready to Move,Resale,Furnished,,,,10000000.0,1400.0,4.0,3.0,3.0,0.0,ahmedabad,7142.857142857143
42 Lac ,Ready to Move,Resale,Unfurnished,East,,Freehold,4200000.0,808.0,1.0,2.0,1.0,0.0,ahmedabad,5198.019801980198
3.25 Cr ,Ready to Move,New Property,Unfurnished,East,Main Road,Freehold,32500000.0,2280.0,2.0,4.0,1.0,2.0,ahmedabad,14254.38596491228
60 Lac ,Ready to Move,Resale,Semi-Furnished,,,,6000000.0,1435.0,2.0,3.0,0.0,0.0,ahmedabad,4181.184668989547
23.5 Lac ,Ready to Move,Resale,Furnished,East,Garden/Park,Freehold,2350000.0,675.0,4.0,2.0,0.0,0.0,ahmedabad,3481.4814814814813
2.10 Cr ,Ready to Move,Resale,Unfurnished,East,Garden/Park,Freehold,21000000.0,3200.0,7.0,4.0,1.0,2.0,ahmedabad,6562.5
2.10 Cr ,Ready to Move,Resale,Furnished,,,Freehold,21000000.0,3000.0,5.0,4.0,2.0,1.0,ahmedabad,7000.0
70 Lac ,Ready to Move,Resale,Unfurnished,West,Main Road,Freehold,7000000.0,835.0,8.0,3.0,1.0,1.0,ahmedabad,8383.233532934131
60 Lac ,Ready to Move,Resale,Furnished,,,,6000000.0,900.0,3.0,2.0,1.0,0.0,ahmedabad,6666.666666666667
57.6 Lac ,Ready to Move,Resale,Furnished,West,Main Road,Freehold,5760000.0,783.0,3.0,2.0,1.0,0.0,ahmedabad,7356.3218390804595
75 Lac ,Ready to Move,Resale,Furnished,East,Garden/Park,Freehold,7500000.0,876.0,10.0,2.0,2.0,1.0,ahmedabad,8561.643835616438
2.05 Cr ,Ready to Move,Resale,Semi-Furnished,East,Main Road,Freehold,20500000.0,2260.0,3.0,3.0,2.0,0.0,ahmedabad,9070.79646017699
2.10 Cr ,Ready to Move,Resale,Unfurnished,North,Garden/Park,Freehold,21000000.0,3200.0,7.0,4.0,1.0,2.0,ahmedabad,6562.5
36.5 Lac ,Ready to Move,Resale,Furnished,,,,3650000.0,440.0,4.0,1.0,0.0,0.0,ahmedabad,8295.454545454546
1.15 Cr ,Ready to Move,Resale,Semi-Furnished,East,Main Road,Freehold,11500000.0,1250.0,3.0,3.0,1.0,0.0,ahmedabad,9200.0
35 Lac ,Ready to Move,Resale,Semi-Furnished,,"Garden/Park, Main Road",,3500000.0,900.0,1.0,1.0,1.0,1.0,ahmedabad,3888.8888888888887
72 Lac ,Ready to Move,Resale,Semi-Furnished,,,,7200000.0,791.0,8.0,3.0,0.0,0.0,ahmedabad,9102.402022756005
71.5 Lac ,Ready to Move,Resale,Furnished,East,"Garden/Park, Pool, Main Road",Freehold,7150000.0,900.0,2.0,2.0,2.0,1.0,ahmedabad,7944.444444444444
60 Lac ,Ready to Move,Resale,Furnished,,,,6000000.0,1170.0,6.0,2.0,0.0,0.0,ahmedabad,5128.205128205128
60 Lac ,Ready to Move,Resale,Semi-Furnished,,,,6000000.0,1200.0,8.0,2.0,0.0,0.0,ahmedabad,5000.0
70 Lac ,Ready to Move,Resale,Unfurnished,West,"Garden/Park, Main Road",Freehold,7000000.0,959.0,3.0,3.0,0.0,1.0,ahmedabad,7299.270072992701
4.25 Cr ,Ready to Move,New Property,Unfurnished,East,"Garden/Park, Main Road",Freehold,42500000.0,2367.0,2.0,4.0,2.0,2.0,ahmedabad,17955.217574989438
28 Lac ,Ready to Move,Resale,Semi-Furnished,,Garden/Park,,2800000.0,389.0,2.0,1.0,0.0,0.0,ahmedabad,7197.943444730077
3.10 Cr ,Ready to Move,Resale,Unfurnished,East,Garden/Park,Freehold,31000000.0,2018.0,7.0,4.0,2.0,1.0,ahmedabad,15361.744301288405
1.75 Cr ,Ready to Move,New Property,Unfurnished,West,Garden/Park,Freehold,17500000.0,2034.0,4.0,4.0,2.0,1.0,ahmedabad,8603.736479842675
1.50 Cr ,,Resale,Furnished,East,Garden/Park,Freehold,15000000.0,2160.0,1.0,4.0,4.0,0.0,ahmedabad,6944.444444444444
29 Lac ,Ready to Move,Other,Semi-Furnished,,,,2900000.0,700.0,3.0,1.0,0.0,0.0,ahmedabad,4142.857142857143
5.75 Cr ,Ready to Move,Resale,Unfurnished,East,"Garden/Park, Pool, Main Road",Freehold,57500000.0,3000.0,11.0,4.0,2.0,3.0,ahmedabad,19166.666666666668
27 Lac ,Ready to Move,Resale,Semi-Furnished,,Main Road,Freehold,2700000.0,120.0,4.0,2.0,2.0,0.0,ahmedabad,22500.0
72 Lac ,Ready to Move,Resale,Semi-Furnished,East,"Garden/Park, Main Road",Freehold,7200000.0,1458.0,5.0,3.0,1.0,1.0,ahmedabad,4938.271604938272
2.49 Cr ,Ready to Move,New Property,Unfurnished,East,"Garden/Park, Pool, Main Road",Freehold,24900000.000000004,2172.0,5.0,4.0,1.0,2.0,ahmedabad,11464.088397790058
77 Lac ,Ready to Move,Resale,Semi-Furnished,,"Garden/Park, Main Road",Freehold,7700000.0,980.0,10.0,3.0,1.0,1.0,ahmedabad,7857.142857142857
50 Lac ,Ready to Move,Resale,Unfurnished,,,Co-operative Society,5000000.0,990.0,6.0,2.0,2.0,0.0,ahmedabad,5050.50505050505
72 Lac ,Ready to Move,Resale,Furnished,,,,7200000.0,1485.0,2.0,3.0,3.0,0.0,ahmedabad,4848.484848484848
45 Lac ,Ready to Move,Resale,Unfurnished,,"Garden/Park, Main Road",Co-operative Society,4500000.0,630.0,,2.0,1.0,0.0,ahmedabad,7142.857142857143
1.42 Cr ,Ready to Move,Resale,Unfurnished,East,"Garden/Park, Pool, Main Road",Freehold,14200000.0,1500.0,8.0,4.0,1.0,2.0,ahmedabad,9466.666666666666
1.86 Cr ,Ready to Move,New Property,Unfurnished,East,"Garden/Park, Pool, Main Road",Freehold,18600000.0,1369.0,7.0,3.0,2.0,2.0,ahmedabad,13586.559532505478
49.5 Lac ,Ready to Move,New Property,Unfurnished,East,"Garden/Park, Pool, Main Road",Freehold,4950000.0,1120.0,6.0,2.0,1.0,1.0,ahmedabad,4419.642857142857
45 Lac ,Ready to Move,Resale,Unfurnished,East,Garden/Park,Freehold,4500000.0,658.0,5.0,2.0,0.0,1.0,ahmedabad,6838.905775075988
68 Lac ,Ready to Move,New Property,Unfurnished,East,"Garden/Park, Main Road",Freehold,6800000.0,844.0,8.0,3.0,1.0,1.0,ahmedabad,8056.872037914692
59 Lac ,Ready to Move,Resale,Semi-Furnished,East,Main Road,Freehold,5900000.0,1180.0,14.0,2.0,1.0,0.0,ahmedabad,5000.0
65 Lac ,Ready to Move,Resale,Furnished,North - East,"Garden/Park, Pool",Freehold,6500000.0,1305.0,3.0,2.0,2.0,1.0,ahmedabad,4980.842911877395
45 Lac ,Ready to Move,Resale,Semi-Furnished,East,,,4500000.0,1170.0,2.0,2.0,0.0,0.0,ahmedabad,3846.153846153846
2.65 Cr ,Ready to Move,Resale,Unfurnished,West,"Garden/Park, Main Road",Co-operative Society,26500000.0,2500.0,5.0,3.0,1.0,1.0,ahmedabad,10600.0
75 Lac ,Ready to Move,Resale,Furnished,East,Main Road,Freehold,7500000.0,1350.0,5.0,3.0,2.0,0.0,ahmedabad,5555.555555555556
1.20 Cr ,Ready to Move,Resale,Unfurnished,North - East,Garden/Park,Freehold,12000000.0,2040.0,7.0,3.0,0.0,1.0,ahmedabad,5882.35294117647
56 Lac ,Ready to Move,Resale,Unfurnished,East,"Garden/Park, Pool, Main Road",Freehold,5600000.0,700.0,11.0,2.0,1.0,1.0,ahmedabad,8000.0
1.29 Cr ,Ready to Move,Resale,Unfurnished,East,Main Road,Freehold,12900000.0,1467.0,7.0,4.0,1.0,3.0,ahmedabad,8793.456032719836
32.9 Lac ,Ready to Move,Resale,Semi-Furnished,,,,3290000.0,1080.0,3.0,2.0,0.0,0.0,ahmedabad,3046.296296296296
48 Lac ,Ready to Move,Resale,Semi-Furnished,,,,4800000.0,1200.0,13.0,2.0,0.0,0.0,ahmedabad,4000.0
1.80 Cr ,Ready to Move,Resale,Semi-Furnished,,,,18000000.0,3400.0,3.0,4.0,0.0,0.0,ahmedabad,5294.117647058823
1.85 Cr ,Ready to Move,Resale,Unfurnished,,,,18500000.0,3366.0,3.0,3.0,0.0,0.0,ahmedabad,5496.137849079026
1.90 Cr ,Ready to Move,Resale,Semi-Furnished,,,,19000000.0,3123.0,3.0,3.0,0.0,0.0,ahmedabad,6083.893691962856
1.90 Cr ,Ready to Move,Resale,Furnished,,,,19000000.0,2950.0,3.0,4.0,0.0,0.0,ahmedabad,6440.677966101695
1.95 Cr ,Ready to Move,Resale,Furnished,,,,19500000.0,3115.0,4.0,4.0,0.0,0.0,ahmedabad,6260.032102728732
75 Lac ,Ready to Move,Resale,Furnished,,,,7500000.0,1125.0,2.0,3.0,0.0,0.0,ahmedabad,6666.666666666667
2.93 Cr ,Ready to Move,Resale,Unfurnished,East,Garden/Park,Freehold,29300000.0,2704.0,7.0,5.0,1.0,1.0,ahmedabad,10835.798816568047
28 Lac ,Ready to Move,Resale,Unfurnished,East,Main Road,Freehold,2800000.0,590.0,2.0,1.0,1.0,0.0,ahmedabad,4745.762711864407
55 Lac ,Ready to Move,Resale,,,,,5500000.0,1350.0,2.0,2.0,0.0,0.0,ahmedabad,4074.074074074074
2.40 Cr ,Ready to Move,Resale,Furnished,East,Garden/Park,Freehold,24000000.0,1620.0,5.0,3.0,1.0,1.0,ahmedabad,14814.814814814816
29.5 Lac ,Ready to Move,Resale,Semi-Furnished,West,Garden/Park,Freehold,2950000.0,585.0,2.0,1.0,1.0,0.0,ahmedabad,5042.735042735043
66 Lac ,Ready to Move,Resale,Furnished,East,Garden/Park,Freehold,6600000.0,927.0,3.0,2.0,2.0,1.0,ahmedabad,7119.741100323625
50 Lac ,Ready to Move,Resale,Unfurnished,East,"Pool, Garden/Park, Main Road",Freehold,5000000.0,615.0,9.0,2.0,0.0,0.0,ahmedabad,8130.081300813008
1.95 Cr ,Ready to Move,Resale,Furnished,East,Garden/Park,Freehold,19500000.0,2628.0,10.0,4.0,1.0,1.0,ahmedabad,7420.091324200913
1.75 Cr ,Ready to Move,Resale,Unfurnished,East,Garden/Park,Freehold,17500000.0,1485.0,3.0,2.0,1.0,1.0,ahmedabad,11784.511784511784
1.75 Cr ,Ready to Move,Resale,Furnished,East,,Freehold,17500000.0,2000.0,1.0,3.0,1.0,1.0,ahmedabad,8750.0
5.90 Cr ,Ready to Move,Resale,Unfurnished,East,Main Road,Freehold,59000000.0,2797.0,10.0,5.0,1.0,2.0,ahmedabad,21094.029317125493
66 Lac ,Ready to Move,New Property,Unfurnished,North - East,"Garden/Park, Main Road",Freehold,6600000.0,940.0,2.0,3.0,1.0,1.0,ahmedabad,7021.276595744681
75 Lac ,Ready to Move,Resale,Semi-Furnished,,,Freehold,7500000.0,1440.0,3.0,3.0,0.0,1.0,ahmedabad,5208.333333333333
26 Lac ,Ready to Move,Resale,Furnished,East,,Freehold,2600000.0,498.0,2.0,1.0,1.0,0.0,ahmedabad,5220.883534136547
30 Lac ,Ready to Move,Resale,Semi-Furnished,East,"Garden/Park, Main Road",Co-operative Society,3000000.0,900.0,3.0,2.0,1.0,0.0,ahmedabad,3333.3333333333335
46 Lac ,Ready to Move,Resale,Semi-Furnished,,,,4600000.0,1247.0,4.0,2.0,0.0,0.0,ahmedabad,3688.8532477947074
70 Lac ,Ready to Move,Resale,Unfurnished,East,Garden/Park,Freehold,7000000.0,952.0,5.0,3.0,1.0,1.0,ahmedabad,7352.941176470588
78 Lac ,Ready to Move,Resale,Unfurnished,North,"Pool, Main Road",Freehold,7800000.0,1120.0,,2.0,1.0,0.0,ahmedabad,6964.285714285715
45 Lac ,Ready to Move,Resale,Unfurnished,East,Main Road,,4500000.0,963.0,3.0,2.0,2.0,0.0,ahmedabad,4672.897196261682
42 Lac ,Ready to Move,Resale,Unfurnished,East,"Garden/Park, Main Road",Freehold,4200000.0,756.0,5.0,2.0,1.0,1.0,ahmedabad,5555.555555555556
1.34 Cr ,Ready to Move,Resale,Unfurnished,East,Main Road,Co-operative Society,13400000.0,2013.0,8.0,3.0,3.0,0.0,ahmedabad,6656.731246895181
71 Lac ,Ready to Move,Resale,Semi-Furnished,East,Main Road,Freehold,7100000.0,1089.0,5.0,3.0,1.0,1.0,ahmedabad,6519.742883379247
45 Lac ,Ready to Move,Resale,Unfurnished,,,,4500000.0,1350.0,12.0,2.0,0.0,0.0,ahmedabad,3333.3333333333335
12 Lac ,Ready to Move,Resale,Unfurnished,South - East,Main Road,Power Of Attorney,1200000.0,280.0,2.0,1.0,0.0,0.0,ahmedabad,4285.714285714285
70 Lac ,Ready to Move,Resale,Semi-Furnished,,,,7000000.0,1665.0,2.0,3.0,1.0,0.0,ahmedabad,4204.204204204204
1.11 Cr ,Ready to Move,Resale,Furnished,North - East,Garden/Park,Freehold,11100000.000000002,1440.0,4.0,3.0,2.0,1.0,ahmedabad,7708.333333333335
1.80 Cr ,Ready to Move,Resale,Unfurnished,North,"Garden/Park, Main Road",Freehold,18000000.0,1200.0,7.0,3.0,1.0,1.0,ahmedabad,15000.0
45 Lac ,Ready to Move,Resale,Unfurnished,,"Garden/Park, Main Road",,4500000.0,611.0,10.0,2.0,0.0,0.0,ahmedabad,7364.9754500818335
72 Lac ,Ready to Move,Resale,Semi-Furnished,,,,7200000.0,1435.0,11.0,2.0,1.0,1.0,ahmedabad,5017.421602787456
50 Lac ,Ready to Move,Resale,Unfurnished,East,"Garden/Park, Pool, Main Road",Freehold,5000000.0,758.0,4.0,2.0,0.0,1.0,ahmedabad,6596.306068601583
41.8 Lac ,Ready to Move,New Property,Unfurnished,East,"Garden/Park, Main Road",Freehold,4179999.9999999995,700.0,4.0,2.0,1.0,1.0,ahmedabad,5971.428571428571
2.15 Cr ,Ready to Move,New Property,Unfurnished,East,"Garden/Park, Main Road",Freehold,21500000.0,3230.0,5.0,4.0,1.0,2.0,ahmedabad,6656.346749226006
76 Lac ,Ready to Move,Resale,Unfurnished,East,"Pool, Garden/Park, Main Road",Freehold,7600000.0,1280.0,6.0,3.0,2.0,1.0,ahmedabad,5937.5
55 Lac ,Ready to Move,Resale,Unfurnished,East,"Pool, Garden/Park, Main Road",Freehold,5500000.0,980.0,2.0,2.0,1.0,1.0,ahmedabad,5612.244897959184
1.44 Cr ,Ready to Move,New Property,Unfurnished,East,"Garden/Park, Main Road",Freehold,14400000.0,1278.0,2.0,3.0,1.0,1.0,ahmedabad,11267.605633802817
1.41 Cr ,Ready to Move,New Property,Unfurnished,East,"Garden/Park, Main Road",Freehold,14100000.0,2709.0,7.0,4.0,1.0,1.0,ahmedabad,5204.872646733112
7.70 Cr ,Ready to Move,Resale,Unfurnished,North,Garden/Park,Freehold,77000000.0,3200.0,9.0,5.0,1.0,4.0,ahmedabad,24062.5
65 Lac ,Ready to Move,Resale,Semi-Furnished,North - East,Garden/Park,Freehold,6500000.0,910.0,2.0,2.0,2.0,1.0,ahmedabad,7142.857142857143
42 Lac ,Ready to Move,Resale,Unfurnished,,,,4200000.0,1071.0,1.0,2.0,0.0,0.0,ahmedabad,3921.5686274509803
70 Lac ,Ready to Move,Resale,Unfurnished,North,Main Road,Freehold,7000000.0,832.0,9.0,3.0,1.0,1.0,ahmedabad,8413.461538461539
95 Lac ,Ready to Move,Resale,Unfurnished,East,Main Road,Freehold,9500000.0,1076.0,10.0,3.0,1.0,1.0,ahmedabad,8828.996282527882
77 Lac ,Ready to Move,Resale,Unfurnished,,"Garden/Park, Pool, Main Road",,7700000.0,1197.0,,2.0,1.0,0.0,ahmedabad,6432.748538011696
63 Lac ,Ready to Move,Resale,Furnished,,,,6300000.0,1980.0,1.0,3.0,0.0,0.0,ahmedabad,3181.818181818182
47 Lac ,Ready to Move,Resale,Unfurnished,East,"Garden/Park, Main Road",Freehold,4700000.0,800.0,6.0,2.0,2.0,1.0,ahmedabad,5875.0
80 Lac ,Ready to Move,Resale,Unfurnished,,Main Road,Freehold,8000000.0,855.0,2.0,2.0,2.0,0.0,ahmedabad,9356.72514619883
2.29 Cr ,Ready to Move,Resale,Unfurnished,East,Garden/Park,Freehold,22900000.0,2122.0,2.0,4.0,2.0,3.0,ahmedabad,10791.705937794533
2.29 Cr ,Ready to Move,New Property,Unfurnished,East,Main Road,Freehold,22900000.0,3538.0,8.0,4.0,1.0,3.0,ahmedabad,6472.583380440927
53.3 Lac ,Ready to Move,New Property,Unfurnished,East,"Garden/Park, Main Road",Freehold,5330000.0,900.0,6.0,3.0,1.0,1.0,ahmedabad,5922.222222222223
45 Lac ,Ready to Move,Resale,Semi-Furnished,,,,4500000.0,659.0,2.0,2.0,2.0,0.0,ahmedabad,6828.528072837633
63 Lac ,Ready to Move,New Property,Unfurnished,East,"Garden/Park, Main Road",Freehold,6300000.0,882.0,5.0,3.0,1.0,1.0,ahmedabad,7142.857142857143
84.9 Lac ,Ready to Move,Resale,Furnished,East,Main Road,Freehold,8490000.0,1060.0,2.0,3.0,1.0,1.0,ahmedabad,8009.433962264151
69 Lac ,Ready to Move,Resale,Unfurnished,East,"Garden/Park, Pool, Main Road",Freehold,6900000.0,1007.0,5.0,3.0,0.0,1.0,ahmedabad,6852.035749751738
61 Lac ,Ready to Move,Resale,Unfurnished,East,Garden/Park,Freehold,6100000.0,897.0,7.0,3.0,1.0,1.0,ahmedabad,6800.445930880714
1.60 Cr ,Ready to Move,Resale,Semi-Furnished,,,,16000000.0,900.0,0.0,4.0,0.0,0.0,ahmedabad,17777.777777777777
73 Lac ,Ready to Move,Resale,Unfurnished,East,"Garden/Park, Pool, Main Road",Freehold,7300000.0,1007.0,5.0,3.0,0.0,1.0,ahmedabad,7249.255213505462
1.50 Cr ,Ready to Move,New Property,Unfurnished,,,,15000000.0,2300.0,3.0,4.0,1.0,0.0,ahmedabad,6521.739130434783
1.75 Cr ,Ready to Move,Resale,Furnished,North,Main Road,Freehold,17500000.0,3200.0,10.0,5.0,2.0,0.0,ahmedabad,5468.75
1.25 Cr ,Ready to Move,Resale,Furnished,West,,Freehold,12500000.0,1960.0,1.0,3.0,2.0,1.0,ahmedabad,6377.551020408163
1.65 Cr ,Ready to Move,Resale,Unfurnished,,,,16500000.0,2340.0,5.0,3.0,0.0,0.0,ahmedabad,7051.282051282052
45 Lac ,Ready to Move,Resale,Unfurnished,East,"Garden/Park, Main Road",Co-operative Society,4500000.0,1170.0,5.0,2.0,3.0,0.0,ahmedabad,3846.153846153846
47 Lac ,Ready to Move,Resale,Furnished,East,"Garden/Park, Main Road",Co-operative Society,4700000.0,1205.0,3.0,2.0,2.0,1.0,ahmedabad,3900.414937759336
50 Lac ,Ready to Move,Resale,Unfurnished,East,"Garden/Park, Pool, Main Road",Freehold,5000000.0,906.0,4.0,2.0,2.0,1.0,ahmedabad,5518.763796909492
80 Lac ,Ready to Move,Resale,Unfurnished,,,,8000000.0,2027.0,3.0,4.0,0.0,0.0,ahmedabad,3946.7192895905278
85 Lac ,Ready to Move,Resale,Furnished,,,,8500000.0,810.0,5.0,2.0,2.0,0.0,ahmedabad,10493.827160493827
48 Lac ,Ready to Move,New Property,Unfurnished,North - East,Garden/Park,Freehold,4800000.0,633.0,9.0,2.0,1.0,0.0,ahmedabad,7582.938388625593
41.8 Lac ,Ready to Move,New Property,Unfurnished,North - East,Main Road,Freehold,4179999.9999999995,654.0,4.0,2.0,1.0,0.0,ahmedabad,6391.437308868501
41.8 Lac ,Ready to Move,New Property,Unfurnished,North - East,Garden/Park,Freehold,4179999.9999999995,633.0,8.0,2.0,0.0,1.0,ahmedabad,6603.4755134281195
51 Lac ,Ready to Move,Resale,Unfurnished,East,"Garden/Park, Pool, Main Road",Freehold,5100000.0,906.0,4.0,2.0,2.0,1.0,ahmedabad,5629.139072847682
1.90 Cr ,Ready to Move,Resale,Unfurnished,North - East,"Garden/Park, Pool, Main Road",Freehold,19000000.0,1800.0,5.0,4.0,1.0,2.0,ahmedabad,10555.555555555555
80 Lac ,Ready to Move,Resale,Semi-Furnished,East,"Garden/Park, Main Road",Freehold,8000000.0,1000.0,5.0,3.0,1.0,1.0,ahmedabad,8000.0
85 Lac ,Ready to Move,Resale,Furnished,East,"Garden/Park, Main Road",Freehold,8500000.0,831.0,6.0,2.0,2.0,0.0,ahmedabad,10228.64019253911
90 Lac ,Ready to Move,Resale,Semi-Furnished,,,,9000000.0,1125.0,2.0,2.0,2.0,0.0,ahmedabad,8000.0
34 Lac ,Ready to Move,Resale,Semi-Furnished,East,"Garden/Park, Main Road",Co-operative Society,3400000.0,362.0,7.0,2.0,2.0,0.0,ahmedabad,9392.265193370165
45 Lac ,Ready to Move,Resale,Furnished,East,Garden/Park,Freehold,4500000.0,850.0,5.0,2.0,1.0,0.0,ahmedabad,5294.117647058823
58 Lac ,Ready to Move,Resale,Unfurnished,East,,Co-operative Society,5800000.0,1260.0,9.0,2.0,2.0,1.0,ahmedabad,4603.174603174603
2.45 Cr ,Ready to Move,New Property,Unfurnished,,,,24500000.0,3412.0,2.0,4.0,0.0,0.0,ahmedabad,7180.539273153576
2.45 Cr ,Ready to Move,Resale,Unfurnished,,,,24500000.0,3412.0,7.0,4.0,0.0,0.0,ahmedabad,7180.539273153576
1.35 Cr ,Ready to Move,Resale,Unfurnished,,,,13500000.0,2000.0,3.0,3.0,0.0,0.0,ahmedabad,6750.0
1.35 Cr ,Ready to Move,Resale,Unfurnished,,,,13500000.0,2000.0,5.0,3.0,0.0,0.0,ahmedabad,6750.0
40 Lac ,Ready to Move,Resale,Semi-Furnished,,,,4000000.0,1260.0,3.0,2.0,0.0,0.0,ahmedabad,3174.6031746031745
1.50 Cr ,Ready to Move,Resale,Furnished,,,,15000000.0,1230.0,3.0,3.0,2.0,0.0,ahmedabad,12195.121951219513
1 Cr ,Ready to Move,Resale,Semi-Furnished,East,,Freehold,10000000.0,1650.0,8.0,3.0,1.0,1.0,ahmedabad,6060.606060606061
85 Lac ,Ready to Move,Resale,Furnished,East,"Garden/Park, Main Road",Freehold,8500000.0,960.0,12.0,3.0,2.0,1.0,ahmedabad,8854.166666666666
1.85 Cr ,Ready to Move,Resale,Unfurnished,East,"Garden/Park, Main Road",Freehold,18500000.0,1350.0,5.0,3.0,1.0,1.0,ahmedabad,13703.703703703704
1.35 Cr ,Ready to Move,Resale,Furnished,,,,13500000.0,1980.0,7.0,3.0,0.0,0.0,ahmedabad,6818.181818181818
41 Lac ,Ready to Move,Resale,Furnished,,,,4100000.0,690.0,2.0,2.0,0.0,0.0,ahmedabad,5942.028985507246
1.12 Cr ,Ready to Move,New Property,Unfurnished,East,"Garden/Park, Pool, Main Road",Freehold,11200000.000000002,2041.0,8.0,3.0,1.0,1.0,ahmedabad,5487.506124448801
48.8 Lac ,Ready to Move,Resale,Furnished,South -West,"Pool, Garden/Park, Main Road",Co-operative Society,4880000.0,750.0,4.0,2.0,1.0,0.0,ahmedabad,6506.666666666667
1.35 Cr ,Ready to Move,New Property,Unfurnished,East,"Garden/Park, Main Road",Freehold,13500000.0,1090.0,6.0,3.0,1.0,1.0,ahmedabad,12385.321100917432
50 Lac ,Ready to Move,Resale,Unfurnished,East,"Garden/Park, Main Road",Freehold,5000000.0,600.0,7.0,2.0,2.0,1.0,ahmedabad,8333.333333333334
61 Lac ,Ready to Move,New Property,Unfurnished,East,"Garden/Park, Main Road",Freehold,6100000.0,816.0,6.0,3.0,1.0,1.0,ahmedabad,7475.490196078431
3.25 Cr ,Ready to Move,Resale,Furnished,East,"Garden/Park, Main Road",Freehold,32500000.0,2400.0,4.0,4.0,1.0,2.0,ahmedabad,13541.666666666666
1.04 Cr ,Ready to Move,New Property,Unfurnished,East,Garden/Park,Co-operative Society,10400000.0,1214.0,7.0,3.0,1.0,2.0,ahmedabad,8566.7215815486
40 Lac ,Ready to Move,Resale,Furnished,West,,Freehold,4000000.0,594.0,6.0,2.0,0.0,0.0,ahmedabad,6734.006734006734
1.48 Cr ,Ready to Move,Resale,Furnished,East,Main Road,Freehold,14800000.0,2385.0,1.0,3.0,1.0,0.0,ahmedabad,6205.45073375262
38 Lac ,Ready to Move,Resale,Unfurnished,,,,3800000.0,990.0,1.0,2.0,0.0,0.0,ahmedabad,3838.3838383838383
88 Lac ,Ready to Move,Resale,Semi-Furnished,,,,8800000.0,1800.0,3.0,3.0,0.0,0.0,ahmedabad,4888.888888888889
44 Lac ,Ready to Move,Resale,Semi-Furnished,,,,4400000.0,1089.0,1.0,2.0,0.0,0.0,ahmedabad,4040.40404040404
85 Lac ,Ready to Move,Resale,Furnished,,,,8500000.0,1600.0,5.0,2.0,0.0,0.0,ahmedabad,5312.5
75 Lac ,Ready to Move,Resale,Furnished,East,Garden/Park,Freehold,7500000.0,1440.0,1.0,3.0,1.0,1.0,ahmedabad,5208.333333333333
58 Lac ,Ready to Move,Resale,Semi-Furnished,South - East,"Garden/Park, Main Road",Co-operative Society,5800000.0,1162.0,5.0,3.0,2.0,503.0,ahmedabad,4991.394148020654
1.50 Cr ,Ready to Move,Resale,Furnished,East,"Main Road, Garden/Park",Freehold,15000000.0,2043.0,1.0,3.0,1.0,0.0,ahmedabad,7342.143906020558
48 Lac ,Ready to Move,Resale,Semi-Furnished,East,Garden/Park,Freehold,4800000.0,675.0,5.0,2.0,1.0,1.0,ahmedabad,7111.111111111111
10.51 Cr ,Ready to Move,Resale,Furnished,East,"Garden/Park, Pool",Freehold,105100000.0,5000.0,15.0,5.0,3.0,3.0,ahmedabad,21020.0
90 Lac ,Ready to Move,New Property,Semi-Furnished,,,Co-operative Society,9000000.0,1150.0,2.0,3.0,3.0,0.0,ahmedabad,7826.086956521739
32 Lac ,Ready to Move,Resale,Unfurnished,East,Main Road,,3200000.0,790.0,7.0,1.0,1.0,0.0,ahmedabad,4050.6329113924053
72 Lac ,Ready to Move,Resale,Unfurnished,East,"Garden/Park, Pool, Main Road",Freehold,7200000.0,1007.0,5.0,3.0,0.0,1.0,ahmedabad,7149.950347567031
69.9 Lac ,Ready to Move,Resale,Unfurnished,,Main Road,,6990000.000000001,888.0,8.0,3.0,0.0,0.0,ahmedabad,7871.621621621623
2.45 Cr ,Ready to Move,Resale,Unfurnished,,,,24500000.0,3600.0,5.0,4.0,0.0,0.0,ahmedabad,6805.555555555556
2.45 Cr ,Ready to Move,Resale,Unfurnished,,,,24500000.0,3412.0,10.0,4.0,0.0,0.0,ahmedabad,7180.539273153576
2.45 Cr ,Ready to Move,Resale,Unfurnished,,,,24500000.0,3412.0,5.0,4.0,0.0,0.0,ahmedabad,7180.539273153576
2.45 Cr ,Ready to Move,New Property,Unfurnished,,,,24500000.0,3412.0,1.0,4.0,0.0,0.0,ahmedabad,7180.539273153576
37.5 Lac ,Ready to Move,Resale,Furnished,,,,3750000.0,1020.0,5.0,2.0,2.0,0.0,ahmedabad,3676.470588235294
70 Lac ,Ready to Move,Resale,Unfurnished,East,Main Road,Freehold,7000000.0,1170.0,7.0,2.0,2.0,1.0,ahmedabad,5982.9059829059825
36 Lac ,Ready to Move,Resale,Unfurnished,,,,3600000.0,1080.0,5.0,2.0,0.0,0.0,ahmedabad,3333.3333333333335
1.35 Cr ,Ready to Move,Resale,Unfurnished,,,,13500000.0,1999.0,8.0,3.0,0.0,0.0,ahmedabad,6753.376688344172
1.35 Cr ,Ready to Move,Resale,Semi-Furnished,,,,13500000.0,1999.0,12.0,3.0,0.0,0.0,ahmedabad,6753.376688344172
1.40 Cr ,Ready to Move,Resale,Semi-Furnished,,,,14000000.0,1999.0,10.0,3.0,0.0,0.0,ahmedabad,7003.501750875438
1.45 Cr ,Ready to Move,Resale,Semi-Furnished,,,,14500000.0,1999.0,8.0,3.0,0.0,0.0,ahmedabad,7253.626813406703
58 Lac ,Ready to Move,Resale,Unfurnished,East,,Co-operative Society,5800000.0,882.0,,2.0,0.0,1.0,ahmedabad,6575.963718820862
55 Lac ,Ready to Move,New Property,Unfurnished,East,"Garden/Park, Main Road",Freehold,5500000.0,690.0,4.0,2.0,2.0,1.0,ahmedabad,7971.014492753623
22 Lac ,Ready to Move,Resale,Unfurnished,East,,,2200000.0,527.0,4.0,2.0,2.0,0.0,ahmedabad,4174.573055028463
1.36 Cr ,Ready to Move,Resale,Unfurnished,South -West,,Freehold,13600000.000000002,1467.0,4.0,3.0,5.0,0.0,ahmedabad,9270.6203135651
70 Lac ,Ready to Move,New Property,Unfurnished,East,"Garden/Park, Main Road",Freehold,7000000.0,810.0,7.0,3.0,0.0,1.0,ahmedabad,8641.975308641975
1.27 Cr ,Ready to Move,New Property,Unfurnished,East,Main Road,Freehold,12700000.0,2013.0,8.0,3.0,2.0,2.0,ahmedabad,6308.991554893194
60 Lac ,Ready to Move,Resale,Furnished,East,,Freehold,6000000.0,1575.0,5.0,3.0,2.0,1.0,ahmedabad,3809.5238095238096
95.3 Lac ,Ready to Move,Resale,Unfurnished,East,"Garden/Park, Main Road",Freehold,9530000.0,1143.0,5.0,3.0,1.0,0.0,ahmedabad,8337.707786526684
1.55 Cr ,Ready to Move,Resale,Semi-Furnished,West,Garden/Park,Freehold,15500000.0,1200.0,1.0,3.0,1.0,2.0,ahmedabad,12916.666666666666
2.60 Cr ,Ready to Move,Resale,Furnished,,"Garden/Park, Main Road",Freehold,26000000.0,2000.0,2.0,5.0,2.0,0.0,ahmedabad,13000.0
1.40 Cr ,Ready to Move,Resale,Semi-Furnished,,,Freehold,14000000.0,2160.0,6.0,3.0,1.0,0.0,ahmedabad,6481.481481481482
75 Lac ,Ready to Move,Resale,Unfurnished,West,Garden/Park,Freehold,7500000.0,1134.0,3.0,3.0,1.0,1.0,ahmedabad,6613.756613756614
2.36 Cr ,Ready to Move,Resale,Unfurnished,East,Garden/Park,Freehold,23600000.0,1918.0,3.0,4.0,1.0,2.0,ahmedabad,12304.483837330552
92.1 Lac ,Ready to Move,New Property,Unfurnished,,,,9210000.0,1575.0,,3.0,0.0,2.0,ahmedabad,5847.619047619048
93.7 Lac ,Ready to Move,New Property,Unfurnished,,,,9370000.0,1602.0,,3.0,0.0,2.0,ahmedabad,5848.938826466916
94.2 Lac ,Ready to Move,New Property,Unfurnished,,,,9420000.0,1611.0,,3.0,0.0,2.0,ahmedabad,5847.299813780261
67 Lac ,Ready to Move,Resale,Semi-Furnished,East,Garden/Park,Freehold,6700000.0,840.0,8.0,3.0,1.0,1.0,ahmedabad,7976.190476190476
44.3 Lac ,Ready to Move,Resale,Unfurnished,East,"Garden/Park, Main Road",Freehold,4430000.0,680.0,1.0,2.0,1.0,1.0,ahmedabad,6514.705882352941
1.60 Cr ,Ready to Move,Resale,Unfurnished,East,"Garden/Park, Main Road",Freehold,16000000.0,1270.0,6.0,3.0,1.0,2.0,ahmedabad,12598.425196850394
58 Lac ,Ready to Move,Resale,Semi-Furnished,,,,5800000.0,1590.0,10.0,3.0,2.0,1.0,ahmedabad,3647.7987421383646
42 Lac ,Ready to Move,Resale,Semi-Furnished,,,,4200000.0,1179.0,1.0,2.0,0.0,0.0,ahmedabad,3562.3409669211196
53.8 Lac ,Ready to Move,New Property,Unfurnished,East,"Garden/Park, Main Road",Freehold,5380000.0,711.0,,2.0,1.0,1.0,ahmedabad,7566.8073136427565
39 Lac ,Ready to Move,Resale,Unfurnished,West,"Garden/Park, Pool, Main Road",Freehold,3900000.0,674.0,,2.0,0.0,0.0,ahmedabad,5786.350148367953
1.25 Cr ,Ready to Move,Resale,Furnished,East,,Freehold,12500000.0,1665.0,3.0,3.0,1.0,1.0,ahmedabad,7507.507507507507
71 Lac ,Ready to Move,Resale,Unfurnished,East,"Garden/Park, Pool, Main Road",Freehold,7100000.0,1007.0,5.0,3.0,0.0,1.0,ahmedabad,7050.6454816286
46 Lac ,Ready to Move,New Property,Furnished,East,Main Road,,4600000.0,537.0,5.0,2.0,2.0,0.0,ahmedabad,8566.108007448789
70 Lac ,Ready to Move,Resale,Unfurnished,East,"Garden/Park, Main Road",Freehold,7000000.0,1088.0,2.0,3.0,1.0,2.0,ahmedabad,6433.823529411765
1.15 Cr ,Ready to Move,Resale,Furnished,East,"Garden/Park, Main Road",Freehold,11500000.0,1665.0,4.0,3.0,1.0,1.0,ahmedabad,6906.906906906907
62 Lac ,Ready to Move,Resale,Unfurnished,North,Main Road,Freehold,6200000.0,990.0,4.0,2.0,1.0,0.0,ahmedabad,6262.626262626262
36 Lac ,Ready to Move,Resale,Semi-Furnished,,Garden/Park,Freehold,3600000.0,1098.0,2.0,2.0,1.0,0.0,ahmedabad,3278.688524590164
55 Lac ,Ready to Move,Resale,Semi-Furnished,East,"Garden/Park, Main Road",Freehold,5500000.0,870.0,3.0,2.0,2.0,1.0,ahmedabad,6321.83908045977
95 Lac ,Ready to Move,Resale,Furnished,North - East,Main Road,Freehold,9500000.0,1656.0,1.0,3.0,1.0,1.0,ahmedabad,5736.714975845411
65 Lac ,Ready to Move,Resale,Furnished,East,,Freehold,6500000.0,1159.0,5.0,3.0,2.0,0.0,ahmedabad,5608.283002588439
52 Lac ,Ready to Move,Resale,Furnished,East,,Freehold,5200000.0,801.0,2.0,2.0,1.0,1.0,ahmedabad,6491.8851435705365
56 Lac ,Ready to Move,Resale,Semi-Furnished,East,,Freehold,5600000.0,990.0,4.0,2.0,1.0,0.0,ahmedabad,5656.565656565656
1.25 Cr ,Ready to Move,Resale,Semi-Furnished,East,Garden/Park,Freehold,12500000.0,1350.0,14.0,3.0,1.0,2.0,ahmedabad,9259.25925925926
78.9 Lac ,Ready to Move,Resale,Unfurnished,East,Main Road,Freehold,7890000.000000001,1122.0,9.0,3.0,1.0,1.0,ahmedabad,7032.085561497327
45 Lac ,Ready to Move,Resale,Unfurnished,,,,4500000.0,1215.0,8.0,2.0,1.0,0.0,ahmedabad,3703.703703703704
72 Lac ,Ready to Move,Resale,Semi-Furnished,,,,7200000.0,1800.0,2.0,4.0,0.0,0.0,ahmedabad,4000.0
55.5 Lac ,Ready to Move,Resale,Unfurnished,East,"Garden/Park, Main Road",Co-operative Society,5550000.0,861.0,2.0,3.0,1.0,0.0,ahmedabad,6445.993031358885
2.29 Cr ,Ready to Move,Resale,Unfurnished,East,Garden/Park,Freehold,22900000.0,2122.0,,4.0,2.0,3.0,ahmedabad,10791.705937794533
57 Lac ,Ready to Move,New Property,Unfurnished,East,"Garden/Park, Pool, Main Road",Freehold,5700000.0,687.0,12.0,2.0,1.0,1.0,ahmedabad,8296.943231441048
31.8 Lac ,Ready to Move,Resale,Unfurnished,South -West,"Garden/Park, Main Road",Leasehold,3180000.0,999.0,1.0,2.0,0.0,0.0,ahmedabad,3183.1831831831832
2.25 Cr ,Ready to Move,Resale,Unfurnished,East,"Garden/Park, Pool, Main Road",Freehold,22500000.0,1925.0,9.0,4.0,1.0,2.0,ahmedabad,11688.311688311689
1.01 Cr ,Ready to Move,Resale,Semi-Furnished,East,"Garden/Park, Main Road",Freehold,10100000.0,1174.0,11.0,3.0,1.0,1.0,ahmedabad,8603.066439522998
2.93 Cr ,Ready to Move,Resale,Unfurnished,East,"Garden/Park, Pool, Main Road",Freehold,29300000.0,2704.0,,5.0,2.0,3.0,ahmedabad,10835.798816568047
87 Lac ,Ready to Move,Resale,Furnished,East,"Garden/Park, Main Road",Freehold,8700000.0,1395.0,3.0,3.0,2.0,0.0,ahmedabad,6236.559139784947
55 Lac ,Ready to Move,Resale,Unfurnished,,,,5500000.0,1755.0,2.0,3.0,3.0,0.0,ahmedabad,3133.903133903134
38 Lac ,Ready to Move,New Property,Furnished,,"Garden/Park, Main Road",Co-operative Society,3800000.0,1000.0,3.0,2.0,1.0,0.0,ahmedabad,3800.0
62.9 Lac ,Ready to Move,Resale,Unfurnished,East,Garden/Park,Freehold,6290000.0,1655.0,4.0,3.0,1.0,1.0,ahmedabad,3800.6042296072505
50 Lac ,Ready to Move,Resale,Unfurnished,East,"Garden/Park, Main Road",Freehold,5000000.0,792.0,1.0,2.0,1.0,1.0,ahmedabad,6313.131313131313
4.30 Cr ,Ready to Move,Resale,Unfurnished,North,"Garden/Park, Main Road",Freehold,43000000.0,3200.0,2.0,4.0,2.0,2.0,ahmedabad,13437.5
85 Lac ,Ready to Move,Resale,Semi-Furnished,East,"Garden/Park, Main Road",Freehold,8500000.0,2000.0,1.0,2.0,2.0,0.0,ahmedabad,4250.0
1.25 Cr ,Ready to Move,Resale,Semi-Furnished,East,"Garden/Park, Main Road",Freehold,12500000.0,1980.0,2.0,3.0,2.0,0.0,ahmedabad,6313.131313131313
1 Cr ,Ready to Move,New Property,Unfurnished,East,"Garden/Park, Pool, Main Road",Freehold,10000000.0,1409.0,4.0,3.0,1.0,2.0,ahmedabad,7097.232079488999
68 Lac ,Ready to Move,Resale,Unfurnished,East,"Garden/Park, Main Road",Freehold,6800000.0,888.0,,3.0,0.0,1.0,ahmedabad,7657.657657657658
1.70 Cr ,Ready to Move,Resale,Semi-Furnished,East,"Garden/Park, Main Road",Leasehold,17000000.0,2485.0,4.0,4.0,3.0,0.0,ahmedabad,6841.046277665996
85 Lac ,Ready to Move,Resale,Unfurnished,East,"Garden/Park, Main Road",Freehold,8500000.0,1215.0,4.0,2.0,2.0,0.0,ahmedabad,6995.884773662551
65 Lac ,Ready to Move,Resale,Furnished,,,,6500000.0,1350.0,2.0,2.0,2.0,0.0,ahmedabad,4814.814814814815
1.85 Cr ,Ready to Move,Resale,Furnished,East,"Pool, Garden/Park, Main Road",Freehold,18500000.0,2415.0,18.0,3.0,5.0,2.0,ahmedabad,7660.455486542443
45 Lac ,Ready to Move,Resale,Unfurnished,,,,4500000.0,1400.0,4.0,2.0,0.0,0.0,ahmedabad,3214.285714285714
75 Lac ,Ready to Move,Resale,Semi-Furnished,,,,7500000.0,1620.0,10.0,3.0,2.0,0.0,ahmedabad,4629.62962962963
99 Lac ,Ready to Move,Resale,Unfurnished,,,,9900000.0,1395.0,3.0,2.0,0.0,0.0,ahmedabad,7096.774193548387
43 Lac ,Ready to Move,New Property,Semi-Furnished,East,,Freehold,4300000.0,500.0,2.0,2.0,1.0,0.0,ahmedabad,8600.0
70 Lac ,Ready to Move,New Property,Unfurnished,East,"Garden/Park, Main Road",Freehold,7000000.0,935.0,8.0,3.0,1.0,1.0,ahmedabad,7486.631016042781
3.40 Cr ,Ready to Move,Resale,Furnished,East,"Garden/Park, Pool, Main Road",Freehold,34000000.0,2035.0,2.0,4.0,1.0,1.0,ahmedabad,16707.616707616708
87 Lac ,Ready to Move,Resale,Furnished,West,Garden/Park,Freehold,8700000.0,1709.0,7.0,3.0,4.0,1.0,ahmedabad,5090.6963136337035
85 Lac ,Ready to Move,Resale,Semi-Furnished,,,Freehold,8500000.0,2178.0,6.0,4.0,0.0,0.0,ahmedabad,3902.6629935720844
40 Lac ,Ready to Move,Resale,Furnished,East,"Garden/Park, Main Road",Freehold,4000000.0,1107.0,2.0,2.0,2.0,1.0,ahmedabad,3613.369467028004
80 Lac ,Ready to Move,New Property,Unfurnished,East,Main Road,Freehold,8000000.0,1575.0,6.0,3.0,2.0,0.0,ahmedabad,5079.3650793650795
3.75 Cr ,Ready to Move,Resale,Unfurnished,East,Garden/Park,Freehold,37500000.0,2425.0,4.0,5.0,2.0,3.0,ahmedabad,15463.917525773197
56 Lac ,Ready to Move,Resale,Furnished,,Garden/Park,Co-operative Society,5600000.0,1395.0,5.0,2.0,2.0,1.0,ahmedabad,4014.336917562724
1.10 Cr ,Ready to Move,Resale,Furnished,North - East,,Freehold,11000000.0,1892.0,1.0,3.0,1.0,2.0,ahmedabad,5813.953488372093
1.20 Cr ,Ready to Move,Resale,Semi-Furnished,,"Garden/Park, Main Road",Co-operative Society,12000000.0,1926.0,4.0,3.0,2.0,401.0,ahmedabad,6230.529595015576
17.9 Lac ,Ready to Move,Resale,Unfurnished,,,,1789999.9999999998,344.448,5.0,1.0,1.0,0.0,ahmedabad,5196.720549981419
1.27 Cr ,Ready to Move,Resale,Unfurnished,East,"Garden/Park, Main Road",Freehold,12700000.0,1500.0,10.0,4.0,1.0,2.0,ahmedabad,8466.666666666666
1.55 Cr ,Ready to Move,Resale,Furnished,East,Main Road,Freehold,15500000.0,1260.0,13.0,3.0,1.0,1.0,ahmedabad,12301.587301587302
62 Lac ,Ready to Move,Resale,Unfurnished,North - West,,Freehold,6200000.0,850.0,9.0,2.0,1.0,0.0,ahmedabad,7294.117647058823
45 Lac ,Ready to Move,Resale,Furnished,South -West,Main Road,Co-operative Society,4500000.0,900.0,3.0,2.0,2.0,1.0,ahmedabad,5000.0
1.11 Cr ,Ready to Move,Resale,Semi-Furnished,,,,11100000.000000002,2250.0,2.0,3.0,0.0,0.0,ahmedabad,4933.333333333334
58.9 Lac ,Ready to Move,New Property,Unfurnished,East,Garden/Park,Freehold,5890000.0,792.0,9.0,2.0,2.0,1.0,ahmedabad,7436.868686868687
50 Lac ,Ready to Move,Resale,Furnished,East,Main Road,Leasehold,5000000.0,1350.0,9.0,2.0,2.0,1.0,ahmedabad,3703.703703703704
1.18 Cr ,Ready to Move,Resale,Furnished,East,Garden/Park,Freehold,11800000.0,1235.0,13.0,3.0,1.0,1.0,ahmedabad,9554.655870445344
1.10 Cr ,Ready to Move,Resale,Unfurnished,East,Main Road,Freehold,11000000.0,1710.0,2.0,3.0,1.0,1.0,ahmedabad,6432.748538011696
38 Lac ,Ready to Move,Resale,Unfurnished,East,"Garden/Park, Main Road",Freehold,3800000.0,607.0,11.0,2.0,1.0,1.0,ahmedabad,6260.2965403624385
27 Lac ,Ready to Move,Resale,Unfurnished,,,,2700000.0,575.0,3.0,1.0,0.0,0.0,ahmedabad,4695.652173913043
40 Lac ,Ready to Move,Resale,Semi-Furnished,,,,4000000.0,1064.0,0.0,2.0,0.0,0.0,ahmedabad,3759.3984962406016
42 Lac ,Ready to Move,Resale,Semi-Furnished,,,,4200000.0,1064.0,10.0,2.0,0.0,0.0,ahmedabad,3947.3684210526317
47 Lac ,Ready to Move,Resale,Furnished,East,"Garden/Park, Main Road",Freehold,4700000.0,990.0,4.0,2.0,1.0,0.0,ahmedabad,4747.474747474747
1.45 Cr ,Ready to Move,Resale,Furnished,East,"Garden/Park, Main Road",Freehold,14500000.0,1200.0,1.0,3.0,1.0,1.0,ahmedabad,12083.333333333334
22 Lac ,Ready to Move,Resale,Furnished,,,,2200000.0,372.0,1.0,1.0,1.0,0.0,ahmedabad,5913.978494623656
45 Lac ,Ready to Move,Resale,Unfurnished,East,"Garden/Park, Main Road",Freehold,4500000.0,850.0,10.0,2.0,1.0,1.0,ahmedabad,5294.117647058823
40 Lac ,Ready to Move,Resale,Semi-Furnished,,,,4000000.0,1215.0,3.0,2.0,0.0,0.0,ahmedabad,3292.1810699588477
1 Cr ,Ready to Move,Resale,Furnished,,,Freehold,10000000.0,1350.0,3.0,3.0,1.0,0.0,ahmedabad,7407.407407407408
63 Lac ,Ready to Move,Resale,Unfurnished,East,Main Road,Co-operative Society,6300000.0,1503.0,12.0,3.0,0.0,0.0,ahmedabad,4191.616766467066
55 Lac ,Ready to Move,Resale,Unfurnished,East,"Pool, Garden/Park, Main Road",,5500000.0,1080.0,10.0,2.0,1.0,0.0,ahmedabad,5092.592592592592
55 Lac ,Ready to Move,Resale,Unfurnished,East,"Garden/Park, Main Road",Co-operative Society,5500000.0,1180.0,5.0,2.0,3.0,0.0,ahmedabad,4661.016949152542
65 Lac ,Ready to Move,Resale,Unfurnished,,,,6500000.0,2039.0,1.0,3.0,3.0,1.0,ahmedabad,3187.8371750858264
55 Lac ,Ready to Move,Resale,Furnished,,,,5500000.0,1350.0,11.0,2.0,0.0,0.0,ahmedabad,4074.074074074074
48 Lac ,Ready to Move,Resale,Unfurnished,South - East,Main Road,Co-operative Society,4800000.0,713.0,2.0,2.0,2.0,0.0,ahmedabad,6732.117812061711
1.70 Cr ,Ready to Move,Resale,Furnished,East,"Garden/Park, Main Road",Freehold,17000000.0,1800.0,2.0,3.0,1.0,1.0,ahmedabad,9444.444444444445
4.25 Cr ,Ready to Move,Resale,Semi-Furnished,East,"Garden/Park, Pool, Main Road",Freehold,42500000.0,2310.0,7.0,4.0,1.0,1.0,ahmedabad,18398.2683982684
45 Lac ,Ready to Move,Resale,Unfurnished,,,Freehold,4500000.0,1395.0,4.0,2.0,0.0,0.0,ahmedabad,3225.8064516129034
62.1 Lac ,Ready to Move,Resale,Unfurnished,East,"Garden/Park, Pool, Main Road",Freehold,6210000.0,1472.0,7.0,3.0,1.0,2.0,ahmedabad,4218.75
35 Lac ,Ready to Move,Resale,Semi-Furnished,,,,3500000.0,800.0,1.0,2.0,0.0,0.0,ahmedabad,4375.0
51 Lac ,Ready to Move,Resale,Furnished,East,,,5100000.0,1215.0,4.0,2.0,2.0,1.0,ahmedabad,4197.530864197531
11.70 Cr ,Ready to Move,New Property,Unfurnished,East,,Freehold,117000000.0,5000.0,7.0,6.0,1.0,5.0,ahmedabad,23400.0
1.65 Cr ,Ready to Move,New Property,Unfurnished,East,"Garden/Park, Main Road",Co-operative Society,16500000.0,2295.0,6.0,3.0,1.0,2.0,ahmedabad,7189.5424836601305
3.50 Cr ,Ready to Move,Resale,Furnished,,,,35000000.0,3100.0,8.0,4.0,3.0,0.0,ahmedabad,11290.322580645161
32 Lac ,Ready to Move,Resale,,,,,3200000.0,721.0,,2.0,0.0,0.0,ahmedabad,4438.2801664355065
55 Lac ,Ready to Move,Resale,Semi-Furnished,East,"Garden/Park, Main Road",Freehold,5500000.0,1170.0,2.0,2.0,1.0,0.0,ahmedabad,4700.854700854701
52 Lac ,Ready to Move,Resale,Unfurnished,East,Main Road,Freehold,5200000.0,800.0,6.0,2.0,1.0,1.0,ahmedabad,6500.0
1.75 Cr ,Ready to Move,Resale,Furnished,,,,17500000.0,2088.0,5.0,3.0,0.0,0.0,ahmedabad,8381.226053639846
1.15 Cr ,Ready to Move,Resale,Semi-Furnished,,,,11500000.0,1876.0,3.0,3.0,0.0,0.0,ahmedabad,6130.063965884861
1.15 Cr ,Ready to Move,Resale,Unfurnished,,,,11500000.0,2115.0,3.0,3.0,0.0,0.0,ahmedabad,5437.352245862884
1.20 Cr ,Ready to Move,Resale,Unfurnished,,,,12000000.0,2000.0,2.0,3.0,0.0,0.0,ahmedabad,6000.0
1.20 Cr ,Ready to Move,Resale,Furnished,,,,12000000.0,1800.0,4.0,3.0,0.0,0.0,ahmedabad,6666.666666666667
1.25 Cr ,Ready to Move,Resale,Furnished,,,,12500000.0,1980.0,3.0,3.0,0.0,0.0,ahmedabad,6313.131313131313
83 Lac ,Ready to Move,Resale,Semi-Furnished,East,Garden/Park,Freehold,8300000.0,1300.0,1.0,2.0,2.0,1.0,ahmedabad,6384.615384615385
29 Lac ,Ready to Move,Resale,Semi-Furnished,North - East,Garden/Park,Freehold,2900000.0,603.0,3.0,1.0,1.0,0.0,ahmedabad,4809.286898839137
60 Lac ,Ready to Move,Resale,Furnished,East,Garden/Park,Freehold,6000000.0,845.0,11.0,2.0,2.0,1.0,ahmedabad,7100.591715976331
65 Lac ,Ready to Move,Resale,Unfurnished,East,Garden/Park,Freehold,6500000.0,878.0,8.0,2.0,2.0,1.0,ahmedabad,7403.189066059225
1.70 Cr ,Ready to Move,Resale,Unfurnished,East,Main Road,Freehold,17000000.0,1620.0,0.0,3.0,0.0,0.0,ahmedabad,10493.827160493827
30 Lac ,Ready to Move,Resale,Semi-Furnished,,,,3000000.0,990.0,3.0,2.0,0.0,0.0,ahmedabad,3030.3030303030305
56 Lac ,Ready to Move,Resale,Unfurnished,North - East,Garden/Park,Freehold,5600000.0,1180.0,13.0,2.0,1.0,1.0,ahmedabad,4745.762711864407
4.50 Cr ,Ready to Move,Resale,Furnished,East,"Garden/Park, Pool, Main Road",Freehold,45000000.0,2500.0,2.0,4.0,1.0,1.0,ahmedabad,18000.0
70 Lac ,Ready to Move,Resale,Unfurnished,East,Garden/Park,Freehold,7000000.0,859.0,7.0,2.0,0.0,1.0,ahmedabad,8149.010477299185
1.65 Cr ,Ready to Move,Resale,Unfurnished,East,Main Road,Freehold,16500000.0,2475.0,7.0,3.0,1.0,2.0,ahmedabad,6666.666666666667
58 Lac ,Ready to Move,New Property,Unfurnished,East,"Garden/Park, Main Road",Freehold,5800000.0,669.0,11.0,2.0,1.0,1.0,ahmedabad,8669.65620328849
75 Lac ,Ready to Move,Resale,Furnished,East,"Garden/Park, Main Road",Freehold,7500000.0,890.0,,2.0,1.0,1.0,ahmedabad,8426.966292134832
88 Lac ,Ready to Move,Resale,Furnished,South -West,Garden/Park,Leasehold,8800000.0,1575.0,4.0,3.0,4.0,0.0,ahmedabad,5587.3015873015875
1.04 Cr ,Ready to Move,New Property,Unfurnished,East,Garden/Park,Freehold,10400000.0,1095.0,1.0,3.0,1.0,1.0,ahmedabad,9497.71689497717
70 Lac ,Ready to Move,Resale,Semi-Furnished,,"Garden/Park, Main Road",Co-operative Society,7000000.0,1210.0,2.0,2.0,1.0,0.0,ahmedabad,5785.123966942148
58 Lac ,Ready to Move,Resale,Semi-Furnished,North - West,Main Road,Co-operative Society,5800000.0,700.0,5.0,2.0,1.0,0.0,ahmedabad,8285.714285714286
62.5 Lac ,Ready to Move,Resale,Semi-Furnished,West,Garden/Park,Freehold,6250000.0,857.0,4.0,2.0,0.0,2.0,ahmedabad,7292.882147024504
1.30 Cr ,Ready to Move,Resale,Unfurnished,,Garden/Park,Freehold,13000000.0,1665.0,3.0,3.0,1.0,1.0,ahmedabad,7807.807807807808
85 Lac ,Ready to Move,Resale,Furnished,North - West,Garden/Park,Freehold,8500000.0,1215.0,1.0,2.0,1.0,1.0,ahmedabad,6995.884773662551
56 Lac ,Ready to Move,Resale,Unfurnished,North - East,"Garden/Park, Pool",Freehold,5600000.0,690.0,8.0,2.0,2.0,1.0,ahmedabad,8115.942028985507
68 Lac ,Ready to Move,Resale,Unfurnished,West,"Pool, Garden/Park, Main Road",Freehold,6800000.0,1440.0,8.0,3.0,1.0,0.0,ahmedabad,4722.222222222223
37 Lac ,Ready to Move,Resale,Furnished,,,,3700000.0,990.0,4.0,2.0,1.0,0.0,ahmedabad,3737.373737373737
1.23 Cr ,Ready to Move,Resale,Unfurnished,East,Garden/Park,Freehold,12300000.0,1280.0,2.0,3.0,1.0,1.0,ahmedabad,9609.375
1.50 Cr ,Ready to Move,Resale,Unfurnished,West,Main Road,Co-operative Society,15000000.0,1827.0,1.0,3.0,2.0,0.0,ahmedabad,8210.180623973727
90 Lac ,Ready to Move,Resale,Furnished,East,,Freehold,9000000.0,1248.0,1.0,3.0,2.0,0.0,ahmedabad,7211.538461538462
63 Lac ,Ready to Move,Resale,Furnished,East,"Pool, Garden/Park, Main Road",Freehold,6300000.0,980.0,8.0,2.0,1.0,1.0,ahmedabad,6428.571428571428
75 Lac ,Ready to Move,Resale,Semi-Furnished,North,,Freehold,7500000.0,1260.0,2.0,2.0,1.0,1.0,ahmedabad,5952.380952380952
2.15 Cr ,Ready to Move,Resale,Furnished,East,"Garden/Park, Main Road",Freehold,21500000.0,1410.0,6.0,3.0,1.0,2.0,ahmedabad,15248.22695035461
10.44 Cr ,Ready to Move,New Property,Unfurnished,East,Main Road,Freehold,104400000.0,4785.0,12.0,5.0,2.0,5.0,ahmedabad,21818.18181818182
1.30 Cr ,Ready to Move,Resale,Furnished,,,,13000000.0,1650.0,2.0,2.0,1.0,0.0,ahmedabad,7878.787878787879
1.22 Cr ,Ready to Move,New Property,Unfurnished,East,"Garden/Park, Main Road",Freehold,12200000.0,1296.0,7.0,3.0,1.0,1.0,ahmedabad,9413.58024691358
51 Lac ,Ready to Move,Resale,Semi-Furnished,East,"Garden/Park, Main Road",Freehold,5100000.0,800.0,3.0,2.0,1.0,1.0,ahmedabad,6375.0
81 Lac ,Ready to Move,Resale,Furnished,East,"Garden/Park, Pool, Main Road",Freehold,8100000.0,1449.0,,3.0,2.0,0.0,ahmedabad,5590.062111801242
77 Lac ,Ready to Move,Resale,Unfurnished,North - East,"Garden/Park, Pool, Main Road",Freehold,7700000.0,1530.0,10.0,3.0,2.0,1.0,ahmedabad,5032.679738562091
2.10 Cr ,Ready to Move,Resale,Unfurnished,East,Garden/Park,Freehold,21000000.0,3000.0,3.0,3.0,1.0,1.0,ahmedabad,7000.0
95 Lac ,Ready to Move,Resale,Furnished,West,Garden/Park,Freehold,9500000.0,2750.0,12.0,3.0,1.0,0.0,ahmedabad,3454.5454545454545
43 Lac ,Ready to Move,Resale,Semi-Furnished,,,Freehold,4300000.0,900.0,2.0,2.0,2.0,1.0,ahmedabad,4777.777777777777
58 Lac ,Ready to Move,Resale,Unfurnished,East,,Freehold,5800000.0,1584.0,2.0,3.0,2.0,1.0,ahmedabad,3661.6161616161617
2.80 Cr ,Ready to Move,New Property,Semi-Furnished,East,Main Road,Freehold,28000000.0,2054.0,6.0,4.0,1.0,2.0,ahmedabad,13631.937682570593
85 Lac ,Ready to Move,Resale,Furnished,East,Garden/Park,Freehold,8500000.0,1470.0,5.0,3.0,1.0,1.0,ahmedabad,5782.312925170068
56 Lac ,Ready to Move,Resale,Unfurnished,North - East,"Garden/Park, Pool, Main Road",Freehold,5600000.0,751.0,7.0,2.0,1.0,0.0,ahmedabad,7456.724367509987
1.25 Cr ,Ready to Move,New Property,Unfurnished,,"Main Road, Garden/Park",Freehold,12500000.0,1881.0,13.0,3.0,2.0,0.0,ahmedabad,6645.401382243487
1.31 Cr ,Ready to Move,New Property,Unfurnished,North,"Garden/Park, Pool, Main Road",Freehold,13100000.0,1499.0,8.0,4.0,1.0,1.0,ahmedabad,8739.159439626417
55 Lac ,Ready to Move,Resale,Semi-Furnished,,,,5500000.0,1071.0,3.0,3.0,0.0,0.0,ahmedabad,5135.387488328664
60 Lac ,Ready to Move,Resale,Semi-Furnished,North,"Garden/Park, Main Road",Freehold,6000000.0,1197.0,3.0,2.0,2.0,1.0,ahmedabad,5012.5313283208025
90 Lac ,Ready to Move,New Property,Unfurnished,,"Garden/Park, Pool, Main Road",,9000000.0,1890.0,7.0,3.0,2.0,0.0,ahmedabad,4761.9047619047615
30 Lac ,Ready to Move,Resale,Semi-Furnished,North,"Pool, Garden/Park, Main Road",Co-operative Society,3000000.0,1000.0,6.0,1.0,1.0,0.0,ahmedabad,3000.0
75 Lac ,Ready to Move,Resale,Unfurnished,East,"Garden/Park, Main Road",Freehold,7500000.0,1400.0,5.0,3.0,1.0,0.0,ahmedabad,5357.142857142857
65 Lac ,Ready to Move,Resale,Semi-Furnished,,"Garden/Park, Pool, Main Road",,6500000.0,679.0,,2.0,0.0,0.0,ahmedabad,9572.901325478646
56 Lac ,Ready to Move,Resale,Furnished,,,,5600000.0,1500.0,14.0,2.0,0.0,0.0,ahmedabad,3733.3333333333335
5.45 Cr ,Ready to Move,New Property,Unfurnished,West,"Garden/Park, Pool",Freehold,54500000.0,3270.0,4.0,4.0,1.0,2.0,ahmedabad,16666.666666666668
39.5 Lac ,Ready to Move,Resale,Unfurnished,West,Main Road,Freehold,3950000.0,765.0,1.0,2.0,2.0,0.0,ahmedabad,5163.398692810458
85 Lac ,Ready to Move,Resale,Furnished,East,Garden/Park,Freehold,8500000.0,1100.0,2.0,3.0,1.0,1.0,ahmedabad,7727.272727272727
1.41 Cr ,Ready to Move,Resale,Semi-Furnished,East,Main Road,Freehold,14100000.0,2050.0,3.0,4.0,4.0,0.0,ahmedabad,6878.048780487805
98 Lac ,Ready to Move,Resale,Unfurnished,East,Garden/Park,Freehold,9800000.0,1487.0,11.0,3.0,2.0,1.0,ahmedabad,6590.450571620713
90 Lac ,Ready to Move,Resale,Semi-Furnished,,,,9000000.0,1170.0,2.0,2.0,0.0,0.0,ahmedabad,7692.307692307692
24 Lac ,Ready to Move,Resale,Unfurnished,East,"Garden/Park, Main Road",Co-operative Society,2400000.0,770.0,3.0,1.0,1.0,1.0,ahmedabad,3116.883116883117
1.50 Cr ,Ready to Move,Other,Semi-Furnished,,,,15000000.0,3105.0,10.0,4.0,0.0,0.0,ahmedabad,4830.917874396136
90 Lac ,Ready to Move,Resale,Semi-Furnished,,Main Road,Freehold,9000000.0,1350.0,8.0,2.0,2.0,0.0,ahmedabad,6666.666666666667
78 Lac ,Ready to Move,New Property,Unfurnished,North - East,"Garden/Park, Main Road",Freehold,7800000.0,1110.0,9.0,3.0,1.0,1.0,ahmedabad,7027.027027027027
1.11 Cr ,Ready to Move,New Property,Unfurnished,East,Garden/Park,Freehold,11100000.000000002,1275.0,5.0,3.0,2.0,2.0,ahmedabad,8705.882352941178
42 Lac ,Ready to Move,Resale,Unfurnished,,,,4200000.0,1090.0,5.0,2.0,0.0,0.0,ahmedabad,3853.211009174312
38 Lac ,Ready to Move,New Property,Unfurnished,,,,3800000.0,1215.0,7.0,3.0,0.0,0.0,ahmedabad,3127.572016460905
40 Lac ,Ready to Move,New Property,Unfurnished,,,,4000000.0,1215.0,3.0,3.0,0.0,0.0,ahmedabad,3292.1810699588477
38 Lac ,Ready to Move,Resale,Unfurnished,,,,3800000.0,1125.0,1.0,2.0,0.0,0.0,ahmedabad,3377.777777777778
40 Lac ,Ready to Move,Resale,Unfurnished,,,,4000000.0,1115.0,7.0,2.0,0.0,0.0,ahmedabad,3587.4439461883408
66.6 Lac ,Ready to Move,New Property,Unfurnished,East,"Garden/Park, Main Road",Freehold,6659999.999999999,859.0,1.0,3.0,1.0,1.0,ahmedabad,7753.201396973223
86 Lac ,Ready to Move,Resale,Unfurnished,East,"Garden/Park, Pool, Main Road",Freehold,8600000.0,1729.0,5.0,3.0,3.0,1.0,ahmedabad,4973.973395026027
45 Lac ,Ready to Move,Resale,Semi-Furnished,North,,,4500000.0,855.0,3.0,1.0,1.0,0.0,ahmedabad,5263.1578947368425
24 Lac ,Ready to Move,Resale,Furnished,East,"Garden/Park, Main Road",,2400000.0,760.0,2.0,2.0,1.0,0.0,ahmedabad,3157.8947368421054
41 Lac ,Ready to Move,New Property,Unfurnished,East,Garden/Park,Freehold,4100000.0,1278.0,3.0,3.0,2.0,0.0,ahmedabad,3208.137715179969
45 Lac ,Ready to Move,Resale,Furnished,East,"Garden/Park, Main Road",Freehold,4500000.0,490.0,3.0,2.0,1.0,1.0,ahmedabad,9183.673469387755
87 Lac ,Ready to Move,Resale,Unfurnished,East,"Garden/Park, Main Road",Freehold,8700000.0,1729.0,5.0,3.0,3.0,1.0,ahmedabad,5031.81029496819
55.5 Lac ,Ready to Move,Resale,Semi-Furnished,West,"Garden/Park, Main Road",Freehold,5550000.0,825.0,8.0,2.0,0.0,0.0,ahmedabad,6727.272727272727
35 Lac ,Ready to Move,New Property,Furnished,East,Main Road,Freehold,3500000.0,630.0,13.0,2.0,1.0,0.0,ahmedabad,5555.555555555556
90 Lac ,Ready to Move,Resale,Semi-Furnished,,,,9000000.0,1575.0,4.0,3.0,1.0,1.0,ahmedabad,5714.285714285715
65 Lac ,Ready to Move,Resale,Furnished,East,,Freehold,6500000.0,1008.0,5.0,2.0,3.0,1.0,ahmedabad,6448.412698412699
1.18 Cr ,Ready to Move,Resale,Furnished,,Garden/Park,Freehold,11800000.0,1580.0,10.0,4.0,2.0,2.0,ahmedabad,7468.354430379747
2.26 Cr ,Ready to Move,New Property,Unfurnished,East,"Garden/Park, Pool",Co-operative Society,22599999.999999996,1863.0,8.0,4.0,1.0,2.0,ahmedabad,12130.971551261404
48 Lac ,Ready to Move,Resale,Furnished,East,Garden/Park,,4800000.0,925.0,4.0,2.0,0.0,0.0,ahmedabad,5189.189189189189
3.30 Cr ,Ready to Move,Resale,Furnished,,,,33000000.0,5000.0,0.0,4.0,0.0,0.0,ahmedabad,6600.0
95 Lac ,Ready to Move,Resale,Furnished,West,"Garden/Park, Main Road",Freehold,9500000.0,1665.0,10.0,3.0,0.0,0.0,ahmedabad,5705.705705705705
49.8 Lac ,Ready to Move,Resale,Unfurnished,,,,4980000.0,621.0,6.0,2.0,1.0,0.0,ahmedabad,8019.323671497585
1.05 Cr ,Ready to Move,Resale,Unfurnished,,,,10500000.0,1242.0,5.0,2.0,0.0,0.0,ahmedabad,8454.106280193237
26 Lac ,Ready to Move,Resale,Unfurnished,,,,2600000.0,648.0,7.0,1.0,2.0,0.0,ahmedabad,4012.3456790123455
73 Lac ,Ready to Move,Resale,Unfurnished,West,Main Road,Freehold,7300000.0,1710.0,2.0,3.0,2.0,0.0,ahmedabad,4269.005847953216
71 Lac ,Ready to Move,Resale,Unfurnished,North,Garden/Park,Freehold,7100000.0,569.0,3.0,2.0,1.0,1.0,ahmedabad,12478.031634446397
61 Lac ,Ready to Move,New Property,Unfurnished,East,"Garden/Park, Pool, Main Road",Freehold,6100000.0,1485.0,8.0,3.0,1.0,1.0,ahmedabad,4107.744107744108
2.02 Cr ,Ready to Move,New Property,Unfurnished,East,Garden/Park,Freehold,20200000.0,1620.0,8.0,4.0,1.0,2.0,ahmedabad,12469.135802469136
2.93 Cr ,Ready to Move,Resale,Unfurnished,East,,Freehold,29300000.0,2600.0,15.0,5.0,1.0,3.0,ahmedabad,11269.23076923077
3.04 Cr ,Ready to Move,New Property,Unfurnished,East,"Pool, Garden/Park, Main Road",Freehold,30400000.0,2600.0,11.0,4.0,1.0,3.0,ahmedabad,11692.307692307691
70 Lac ,Ready to Move,Resale,Unfurnished,East,"Garden/Park, Pool, Main Road",Freehold,7000000.0,1007.0,5.0,3.0,0.0,1.0,ahmedabad,6951.340615690169
53.5 Lac ,Ready to Move,Resale,Unfurnished,East,Garden/Park,Freehold,5350000.0,675.0,11.0,2.0,1.0,1.0,ahmedabad,7925.925925925926
61 Lac ,Ready to Move,Resale,Unfurnished,,,,6100000.0,1450.0,7.0,3.0,0.0,0.0,ahmedabad,4206.896551724138
1.40 Cr ,Ready to Move,Resale,Unfurnished,,,,14000000.0,2304.0,2.0,3.0,0.0,0.0,ahmedabad,6076.388888888889
1.50 Cr ,Ready to Move,Resale,Semi-Furnished,East,"Pool, Garden/Park, Main Road",Freehold,15000000.0,1450.0,7.0,3.0,1.0,1.0,ahmedabad,10344.827586206897
7 Lac ,Ready to Move,Resale,Unfurnished,,,,700000.0,181.0,4.0,3.0,0.0,0.0,ahmedabad,3867.403314917127
4 Cr ,Ready to Move,Resale,Unfurnished,,,,40000000.0,4700.0,3.0,5.0,0.0,0.0,ahmedabad,8510.63829787234
4.27 Cr ,Ready to Move,New Property,Unfurnished,,,,42699999.99999999,4750.0,4.0,4.0,0.0,0.0,ahmedabad,8989.473684210525
78 Lac ,Ready to Move,Resale,Furnished,,,,7800000.0,2250.0,0.0,2.0,0.0,0.0,ahmedabad,3466.6666666666665
1.08 Cr ,Ready to Move,New Property,Unfurnished,East,"Garden/Park, Pool",Co-operative Society,10800000.0,1398.0,12.0,3.0,3.0,0.0,ahmedabad,7725.321888412017
26.5 Lac ,Ready to Move,Resale,Unfurnished,East,"Garden/Park, Main Road",Co-operative Society,2650000.0,792.0,4.0,2.0,1.0,1.0,ahmedabad,3345.959595959596
32 Lac ,Ready to Move,Resale,Unfurnished,East,"Garden/Park, Main Road",Co-operative Society,3200000.0,792.0,2.0,2.0,1.0,1.0,ahmedabad,4040.40404040404
64 Lac ,Ready to Move,Resale,Unfurnished,East,"Garden/Park, Main Road",Freehold,6400000.0,1080.0,2.0,3.0,2.0,0.0,ahmedabad,5925.925925925926
1.20 Cr ,Ready to Move,Resale,Unfurnished,South,"Garden/Park, Pool",Freehold,12000000.0,1350.0,8.0,3.0,3.0,1.0,ahmedabad,8888.888888888889
65 Lac ,Ready to Move,Resale,Semi-Furnished,North,Main Road,Freehold,6500000.0,1395.0,4.0,3.0,1.0,1.0,ahmedabad,4659.4982078853045
85 Lac ,Ready to Move,Resale,Furnished,South,"Garden/Park, Pool, Main Road",Freehold,8500000.0,1665.0,2.0,3.0,2.0,0.0,ahmedabad,5105.105105105105
1.15 Cr ,Ready to Move,New Property,Unfurnished,,,,11500000.0,1845.0,2.0,3.0,0.0,0.0,ahmedabad,6233.0623306233065
1.25 Cr ,Ready to Move,New Property,Unfurnished,,,,12500000.0,1800.0,2.0,3.0,0.0,0.0,ahmedabad,6944.444444444444
84.3 Lac ,Ready to Move,New Property,Unfurnished,,,,8430000.0,2034.0,4.0,3.0,0.0,0.0,ahmedabad,4144.542772861357
85 Lac ,Ready to Move,New Property,Semi-Furnished,,,,8500000.0,2037.0,4.0,3.0,0.0,0.0,ahmedabad,4172.803141875307
1.40 Cr ,Ready to Move,Resale,Semi-Furnished,,,,14000000.0,2340.0,2.0,4.0,0.0,0.0,ahmedabad,5982.9059829059825
1.30 Cr ,Ready to Move,Resale,Furnished,,,,13000000.0,800.0,8.0,2.0,0.0,0.0,ahmedabad,16250.0
1.45 Cr ,Ready to Move,Resale,Semi-Furnished,,,,14500000.0,1950.0,4.0,3.0,0.0,0.0,ahmedabad,7435.897435897436
67 Lac ,Ready to Move,Resale,Furnished,,,,6700000.0,1350.0,3.0,2.0,0.0,0.0,ahmedabad,4962.962962962963
1.40 Cr ,Ready to Move,Resale,Furnished,,,,14000000.0,2970.0,3.0,4.0,0.0,0.0,ahmedabad,4713.804713804714
1.50 Cr ,Ready to Move,Resale,Furnished,,,,15000000.0,2070.0,5.0,4.0,0.0,0.0,ahmedabad,7246.376811594203
1.50 Cr ,Ready to Move,Resale,Furnished,,,,15000000.0,2970.0,3.0,4.0,0.0,0.0,ahmedabad,5050.50505050505
1.30 Cr ,Ready to Move,Resale,Furnished,North,,,13000000.0,1850.0,1.0,3.0,4.0,0.0,ahmedabad,7027.027027027027
85 Lac ,Ready to Move,New Property,Unfurnished,,,,8500000.0,1845.0,,3.0,0.0,0.0,ahmedabad,4607.046070460705
64 Lac ,Ready to Move,Resale,Furnished,East,Garden/Park,Freehold,6400000.0,895.0,9.0,2.0,1.0,1.0,ahmedabad,7150.8379888268155
80 Lac ,Ready to Move,Resale,Unfurnished,,,,8000000.0,400.0,5.0,1.0,0.0,0.0,ahmedabad,20000.0
1 Cr ,Ready to Move,Resale,Unfurnished,,,,10000000.0,1863.0,1.0,3.0,0.0,0.0,ahmedabad,5367.686527106817
86 Lac ,Ready to Move,Resale,Furnished,South -West,Main Road,Freehold,8600000.0,2070.0,3.0,3.0,1.0,1.0,ahmedabad,4154.589371980676
39 Lac ,Ready to Move,Resale,Unfurnished,,,,3900000.0,1242.0,6.0,2.0,0.0,0.0,ahmedabad,3140.096618357488
48 Lac ,Ready to Move,Resale,Semi-Furnished,,,,4800000.0,1215.0,3.0,2.0,0.0,0.0,ahmedabad,3950.617283950617
50 Lac ,Ready to Move,Resale,Unfurnished,,,,5000000.0,1179.0,5.0,2.0,0.0,0.0,ahmedabad,4240.882103477524
38 Lac ,Ready to Move,Resale,Unfurnished,,,,3800000.0,608.0,5.0,2.0,0.0,0.0,ahmedabad,6250.0
90 Lac ,Ready to Move,Resale,Semi-Furnished,East,Main Road,Freehold,9000000.0,1276.0,3.0,3.0,2.0,0.0,ahmedabad,7053.2915360501565
44 Lac ,Ready to Move,Resale,Unfurnished,East,Main Road,Freehold,4400000.0,715.0,5.0,2.0,2.0,1.0,ahmedabad,6153.846153846154
66 Lac ,Ready to Move,New Property,Unfurnished,,,,6600000.0,1530.0,10.0,3.0,0.0,0.0,ahmedabad,4313.725490196079
70 Lac ,Ready to Move,Resale,Unfurnished,,,,7000000.0,1530.0,7.0,3.0,0.0,0.0,ahmedabad,4575.16339869281
71 Lac ,Ready to Move,Resale,Unfurnished,,,,7100000.0,1530.0,7.0,3.0,0.0,0.0,ahmedabad,4640.522875816993
1.05 Cr ,Ready to Move,Resale,Furnished,,,,10500000.0,2025.0,3.0,3.0,0.0,0.0,ahmedabad,5185.185185185185
1.11 Cr ,Ready to Move,Resale,Unfurnished,,,,11100000.000000002,2025.0,1.0,3.0,0.0,0.0,ahmedabad,5481.481481481483
1.11 Cr ,Ready to Move,Resale,Furnished,,,,11100000.000000002,2025.0,4.0,3.0,0.0,0.0,ahmedabad,5481.481481481483
56 Lac ,Ready to Move,Resale,Semi-Furnished,East,Main Road,Freehold,5600000.0,990.0,2.0,2.0,2.0,0.0,ahmedabad,5656.565656565656
77 Lac ,Ready to Move,Resale,Unfurnished,North,Garden/Park,Freehold,7700000.0,1240.0,3.0,3.0,1.0,1.0,ahmedabad,6209.677419354839
59 Lac ,Ready to Move,Resale,Unfurnished,,,,5900000.0,1260.0,2.0,2.0,0.0,0.0,ahmedabad,4682.539682539683
54 Lac ,Ready to Move,Resale,Semi-Furnished,East,Garden/Park,Freehold,5400000.0,800.0,9.0,2.0,1.0,1.0,ahmedabad,6750.0
1.25 Cr ,Ready to Move,Resale,Furnished,North - East,,Freehold,12500000.0,1248.0,3.0,3.0,1.0,1.0,ahmedabad,10016.02564102564
51 Lac ,Ready to Move,Resale,Unfurnished,East,"Garden/Park, Pool, Main Road",Freehold,5100000.0,877.0,4.0,2.0,1.0,1.0,ahmedabad,5815.279361459521
1.85 Cr ,Ready to Move,Resale,Furnished,East,Garden/Park,Freehold,18500000.0,1400.0,2.0,4.0,1.0,1.0,ahmedabad,13214.285714285714
20 Lac ,Ready to Move,Resale,Unfurnished,,,,2000000.0,300.0,2.0,1.0,0.0,0.0,ahmedabad,6666.666666666667
35 Lac ,Ready to Move,Resale,Unfurnished,North - West,"Garden/Park, Main Road",Freehold,3500000.0,294.0,2.0,2.0,3.0,0.0,ahmedabad,11904.761904761905
3.10 Cr ,Ready to Move,Resale,Unfurnished,East,Garden/Park,Freehold,31000000.0,2050.0,5.0,4.0,1.0,2.0,ahmedabad,15121.951219512195
42 Lac ,Ready to Move,Resale,Furnished,East,Garden/Park,Freehold,4200000.0,850.0,5.0,2.0,1.0,0.0,ahmedabad,4941.176470588235
7 Cr ,Ready to Move,New Property,Unfurnished,,,,70000000.0,7000.0,5.0,4.0,0.0,0.0,ahmedabad,10000.0
70 Lac ,Ready to Move,Resale,Semi-Furnished,East,"Garden/Park, Main Road",Freehold,7000000.0,1530.0,2.0,3.0,2.0,0.0,ahmedabad,4575.16339869281
51 Lac ,Ready to Move,Resale,Semi-Furnished,,,,5100000.0,1000.0,4.0,2.0,3.0,3.0,ahmedabad,5100.0
50 Lac ,Ready to Move,Resale,Unfurnished,South -West,,,5000000.0,702.0,10.0,2.0,1.0,0.0,ahmedabad,7122.507122507122
1.45 Cr ,Ready to Move,New Property,Furnished,North - West,"Main Road, Garden/Park",Freehold,14500000.0,1410.0,6.0,3.0,3.0,0.0,ahmedabad,10283.687943262412
1.01 Cr ,Ready to Move,New Property,Unfurnished,,,,10100000.0,1728.0,,3.0,0.0,2.0,ahmedabad,5844.907407407408
1.28 Cr ,Ready to Move,New Property,Unfurnished,,,,12800000.0,2196.0,,3.0,0.0,2.0,ahmedabad,5828.779599271403
1.38 Cr ,Ready to Move,New Property,Unfurnished,,,,13799999.999999998,2376.0,,4.0,0.0,2.0,ahmedabad,5808.080808080807
37 Lac ,Ready to Move,Resale,Semi-Furnished,,,,3700000.0,1125.0,5.0,2.0,2.0,0.0,ahmedabad,3288.8888888888887
35.5 Lac ,Ready to Move,Resale,Unfurnished,East,"Garden/Park, Main Road",Freehold,3550000.0,1080.0,2.0,2.0,2.0,0.0,ahmedabad,3287.037037037037
43 Lac ,Ready to Move,Resale,Furnished,,Garden/Park,Freehold,4300000.0,765.0,1.0,2.0,2.0,0.0,ahmedabad,5620.915032679739
3.20 Cr ,Ready to Move,Resale,Unfurnished,East,Main Road,Freehold,32000000.0,2350.0,11.0,4.0,1.0,2.0,ahmedabad,13617.021276595744
1.25 Cr ,Ready to Move,Resale,Semi-Furnished,North,Main Road,Freehold,12500000.0,1230.0,1.0,3.0,3.0,1.0,ahmedabad,10162.60162601626
98.6 Lac ,Ready to Move,New Property,Unfurnished,East,"Garden/Park, Main Road",Freehold,9860000.0,1971.0,7.0,3.0,1.0,1.0,ahmedabad,5002.5367833587015
19 Lac ,Ready to Move,Resale,Semi-Furnished,,,,1900000.0,372.0,2.0,1.0,1.0,0.0,ahmedabad,5107.5268817204305
95 Lac ,Ready to Move,Resale,Semi-Furnished,North,Garden/Park,,9500000.0,2880.0,14.0,3.0,2.0,0.0,ahmedabad,3298.6111111111113
1.65 Cr ,Ready to Move,Resale,Unfurnished,East,Garden/Park,Freehold,16500000.0,1863.0,11.0,4.0,1.0,2.0,ahmedabad,8856.682769726249
40 Lac ,Ready to Move,Resale,Semi-Furnished,,,,4000000.0,505.0,6.0,2.0,0.0,0.0,ahmedabad,7920.792079207921
36 Lac ,Ready to Move,Resale,Unfurnished,,,,3600000.0,1200.0,4.0,2.0,0.0,0.0,ahmedabad,3000.0
30 Lac ,Ready to Move,Resale,Unfurnished,,,,3000000.0,592.02,2.0,1.0,2.0,0.0,ahmedabad,5067.396371744198
55 Lac ,Ready to Move,Resale,Semi-Furnished,,,,5500000.0,687.0,5.0,2.0,1.0,0.0,ahmedabad,8005.822416302765
75 Lac ,Ready to Move,Resale,Furnished,North - West,"Garden/Park, Pool, Main Road",Freehold,7500000.0,713.0,11.0,2.0,1.0,1.0,ahmedabad,10518.934081346424
51 Lac ,Ready to Move,Resale,Unfurnished,East,"Garden/Park, Pool, Main Road",Freehold,5100000.0,758.0,4.0,2.0,0.0,1.0,ahmedabad,6728.232189973614
2.25 Cr ,Ready to Move,Resale,Furnished,North,,Freehold,22500000.0,1935.0,3.0,3.0,1.0,2.0,ahmedabad,11627.906976744185
1.26 Cr ,Ready to Move,Resale,Unfurnished,East,Main Road,Freehold,12600000.0,2013.0,3.0,3.0,0.0,2.0,ahmedabad,6259.314456035768
95 Lac ,Ready to Move,Resale,Furnished,,,,9500000.0,2250.0,3.0,3.0,0.0,0.0,ahmedabad,4222.222222222223
75 Lac ,Ready to Move,Resale,Furnished,North - East,"Garden/Park, Main Road",Freehold,7500000.0,1080.0,1.0,3.0,1.0,0.0,ahmedabad,6944.444444444444
40 Lac ,Ready to Move,Resale,Semi-Furnished,,,,4000000.0,995.0,2.0,2.0,0.0,2.0,ahmedabad,4020.100502512563
1.60 Cr ,Ready to Move,Resale,Furnished,East,"Garden/Park, Main Road",Freehold,16000000.0,1900.0,1.0,3.0,1.0,1.0,ahmedabad,8421.052631578947
1.40 Cr ,Ready to Move,Resale,Unfurnished,,,,14000000.0,2850.0,1.0,3.0,0.0,0.0,ahmedabad,4912.2807017543855
1.35 Cr ,Ready to Move,Resale,Furnished,East,,,13500000.0,2466.0,7.0,3.0,1.0,2.0,ahmedabad,5474.4525547445255
3.13 Cr ,Ready to Move,New Property,Unfurnished,East,"Garden/Park, Pool, Main Road",Freehold,31300000.0,2600.0,1.0,4.0,1.0,2.0,ahmedabad,12038.461538461539
65 Lac ,Ready to Move,Resale,Furnished,,,,6500000.0,1215.0,5.0,2.0,0.0,0.0,ahmedabad,5349.794238683127
46 Lac ,Ready to Move,Resale,Unfurnished,,,,4600000.0,1265.0,6.0,2.0,0.0,0.0,ahmedabad,3636.3636363636365
46 Lac ,Ready to Move,Resale,Furnished,East,"Garden/Park, Main Road",Freehold,4600000.0,700.0,3.0,2.0,1.0,1.0,ahmedabad,6571.428571428572
47 Lac ,Ready to Move,New Property,Unfurnished,,,,4700000.0,1233.0,7.0,2.0,0.0,0.0,ahmedabad,3811.8410381184103
47 Lac ,Ready to Move,New Property,Semi-Furnished,,,,4700000.0,1233.0,7.0,2.0,0.0,0.0,ahmedabad,3811.8410381184103
66 Lac ,Ready to Move,New Property,Unfurnished,,,,6600000.0,1620.0,8.0,2.0,0.0,0.0,ahmedabad,4074.074074074074
1.17 Cr ,Ready to Move,New Property,Unfurnished,East,Garden/Park,Freehold,11700000.0,1168.0,1.0,3.0,3.0,0.0,ahmedabad,10017.123287671233
23 Lac ,Ready to Move,Resale,Semi-Furnished,East,"Garden/Park, Main Road",Co-operative Society,2300000.0,600.0,3.0,1.0,1.0,1.0,ahmedabad,3833.3333333333335
70 Lac ,Ready to Move,Resale,Unfurnished,,,,7000000.0,1290.0,5.0,2.0,0.0,0.0,ahmedabad,5426.356589147287
49.8 Lac ,Ready to Move,Resale,Furnished,,,Freehold,4980000.0,621.0,6.0,2.0,1.0,1.0,ahmedabad,8019.323671497585
50 Lac ,Ready to Move,Resale,,,,,5000000.0,950.0,,2.0,0.0,0.0,ahmedabad,5263.1578947368425
2.65 Cr ,Ready to Move,New Property,Furnished,East,"Garden/Park, Main Road",Freehold,26500000.0,1989.0,5.0,4.0,2.0,0.0,ahmedabad,13323.278029160381
45 Lac ,Ready to Move,Resale,Semi-Furnished,West,Main Road,Co-operative Society,4500000.0,990.0,2.0,2.0,0.0,2.0,ahmedabad,4545.454545454545
40 Lac ,Ready to Move,Resale,Unfurnished,,,,4000000.0,1179.0,5.0,2.0,0.0,0.0,ahmedabad,3392.705682782019
1.35 Cr ,Ready to Move,Resale,Furnished,East,Garden/Park,Co-operative Society,13500000.0,2120.0,1.0,3.0,2.0,0.0,ahmedabad,6367.924528301887
36 Lac ,Ready to Move,Resale,Furnished,East,"Garden/Park, Main Road",Freehold,3600000.0,721.0,5.0,1.0,1.0,1.0,ahmedabad,4993.065187239945
33.5 Lac ,Ready to Move,Resale,Unfurnished,North - West,,Freehold,3350000.0,1062.0,3.0,2.0,1.0,0.0,ahmedabad,3154.4256120527307
2.42 Cr ,Ready to Move,Resale,Unfurnished,North - East,"Garden/Park, Main Road",Freehold,24200000.0,3080.0,4.0,4.0,3.0,3.0,ahmedabad,7857.142857142857
70 Lac ,Ready to Move,Resale,Semi-Furnished,,,,7000000.0,1350.0,3.0,3.0,0.0,0.0,ahmedabad,5185.185185185185
78 Lac ,Ready to Move,Resale,Furnished,,,,7800000.0,1305.0,3.0,3.0,0.0,0.0,ahmedabad,5977.0114942528735
58 Lac ,Ready to Move,Resale,Furnished,,,,5800000.0,1215.0,3.0,2.0,0.0,0.0,ahmedabad,4773.6625514403295
3 Cr ,Ready to Move,Resale,Unfurnished,East,,Freehold,30000000.0,3220.0,3.0,4.0,3.0,2.0,ahmedabad,9316.770186335403
1.80 Cr ,Ready to Move,New Property,Semi-Furnished,East,Main Road,Freehold,18000000.0,2072.0,7.0,3.0,2.0,0.0,ahmedabad,8687.258687258687
1.45 Cr ,Ready to Move,New Property,Furnished,East,Garden/Park,Co-operative Society,14500000.0,1136.0,3.0,3.0,2.0,0.0,ahmedabad,12764.084507042253
11 Cr ,Ready to Move,Resale,Furnished,East,Main Road,Co-operative Society,110000000.0,6500.0,12.0,4.0,2.0,0.0,ahmedabad,16923.076923076922
75 Lac ,Ready to Move,Resale,Unfurnished,East,"Garden/Park, Pool, Main Road",Freehold,7500000.0,630.0,,2.0,1.0,0.0,ahmedabad,11904.761904761905
25 Lac ,Ready to Move,Resale,Unfurnished,East,"Garden/Park, Main Road",Co-operative Society,2500000.0,774.0,3.0,1.0,1.0,1.0,ahmedabad,3229.9741602067184
57 Lac ,Ready to Move,Resale,Semi-Furnished,West,Main Road,Freehold,5700000.0,783.0,5.0,2.0,1.0,1.0,ahmedabad,7279.693486590038
92 Lac ,Ready to Move,New Property,Unfurnished,East,Main Road,Freehold,9200000.0,1071.0,4.0,3.0,3.0,1.0,ahmedabad,8590.102707749767
72 Lac ,Ready to Move,New Property,Unfurnished,East,Garden/Park,Freehold,7200000.0,933.0,5.0,3.0,1.0,1.0,ahmedabad,7717.041800643086
85 Lac ,Ready to Move,Resale,Unfurnished,,Garden/Park,,8500000.0,1647.0,2.0,3.0,3.0,0.0,ahmedabad,5160.898603521554
3.17 Cr ,Ready to Move,New Property,Unfurnished,East,"Garden/Park, Main Road",Freehold,31700000.0,3967.0,4.0,5.0,1.0,2.0,ahmedabad,7990.92513234182
3.65 Cr ,Ready to Move,New Property,Unfurnished,North,Garden/Park,Freehold,36500000.0,4300.0,2.0,4.0,1.0,4.0,ahmedabad,8488.372093023256
85 Lac ,Ready to Move,Resale,Unfurnished,,,,8500000.0,800.0,2.0,2.0,1.0,0.0,ahmedabad,10625.0
1.95 Cr ,Ready to Move,Resale,Unfurnished,East,"Garden/Park, Main Road",Freehold,19500000.0,2200.0,7.0,4.0,2.0,1.0,ahmedabad,8863.636363636364
5.25 Cr ,Ready to Move,New Property,Unfurnished,East,"Garden/Park, Pool, Main Road",Freehold,52500000.0,5900.0,5.0,5.0,2.0,4.0,ahmedabad,8898.305084745763
85 Lac ,Ready to Move,Resale,Unfurnished,,"Garden/Park, Pool, Main Road",,8500000.0,1500.0,,2.0,2.0,0.0,ahmedabad,5666.666666666667
36 Lac ,Ready to Move,Resale,Unfurnished,,,,3600000.0,1150.0,1.0,2.0,0.0,0.0,ahmedabad,3130.4347826086955
36 Lac ,Ready to Move,Resale,Semi-Furnished,,,,3600000.0,1150.0,1.0,2.0,0.0,0.0,ahmedabad,3130.4347826086955
4.2 Lac ,Ready to Move,Resale,Semi-Furnished,,,,420000.0,130.0,1.0,2.0,0.0,0.0,ahmedabad,3230.769230769231
1.05 Cr ,Ready to Move,Resale,Unfurnished,,,,10500000.0,1917.0,6.0,3.0,0.0,0.0,ahmedabad,5477.308294209703
74 Lac ,Ready to Move,New Property,Unfurnished,,,,7400000.0,1773.0,5.0,3.0,0.0,0.0,ahmedabad,4173.716864072194
1.05 Cr ,Ready to Move,New Property,Unfurnished,East,"Garden/Park, Main Road",Freehold,10500000.0,970.0,2.0,3.0,1.0,2.0,ahmedabad,10824.742268041236
38 Lac ,Ready to Move,New Property,Furnished,,Main Road,,3800000.0,200.0,5.0,2.0,2.0,0.0,ahmedabad,19000.0
48 Lac ,Ready to Move,Resale,,,,,4800000.0,1350.0,0.0,2.0,0.0,0.0,ahmedabad,3555.5555555555557
1.05 Cr ,Ready to Move,Resale,,,,,10500000.0,1836.0,4.0,3.0,0.0,0.0,ahmedabad,5718.954248366013
35 Lac ,Ready to Move,Resale,Unfurnished,,,,3500000.0,1035.0,2.0,2.0,0.0,0.0,ahmedabad,3381.6425120772947
29 Lac ,Ready to Move,Resale,Semi-Furnished,East,Main Road,Freehold,2900000.0,540.0,2.0,2.0,0.0,1.0,ahmedabad,5370.37037037037
30 Lac ,Ready to Move,New Property,Unfurnished,,,,3000000.0,900.0,3.0,2.0,0.0,0.0,ahmedabad,3333.3333333333335
70 Lac ,Ready to Move,Resale,Semi-Furnished,,,,7000000.0,990.0,5.0,2.0,0.0,0.0,ahmedabad,7070.707070707071
1.35 Cr ,Ready to Move,Resale,Furnished,,,,13500000.0,3276.0,8.0,3.0,0.0,0.0,ahmedabad,4120.879120879121
60 Lac ,Ready to Move,Resale,Unfurnished,,,,6000000.0,1395.0,1.0,2.0,0.0,0.0,ahmedabad,4301.075268817204
70 Lac ,Ready to Move,Resale,Semi-Furnished,,,,7000000.0,1620.0,6.0,3.0,0.0,0.0,ahmedabad,4320.9876543209875
53.6 Lac ,Ready to Move,Resale,Semi-Furnished,,,,5360000.0,1188.0,7.0,2.0,0.0,0.0,ahmedabad,4511.784511784512
22 Lac ,Ready to Move,Resale,Semi-Furnished,,,,2200000.0,506.0,3.0,1.0,2.0,0.0,ahmedabad,4347.826086956522
42 Lac ,Ready to Move,Resale,Unfurnished,,"Garden/Park, Main Road",,4200000.0,925.0,7.0,2.0,2.0,0.0,ahmedabad,4540.540540540541
6 Cr ,Ready to Move,Resale,Unfurnished,East,Main Road,Freehold,60000000.0,2859.0,4.0,5.0,2.0,3.0,ahmedabad,20986.35886673662
75 Lac ,Ready to Move,Resale,Semi-Furnished,East,"Pool, Garden/Park, Main Road",Freehold,7500000.0,800.0,7.0,3.0,0.0,0.0,ahmedabad,9375.0
26.5 Lac ,Ready to Move,Resale,Unfurnished,North,Garden/Park,Freehold,2650000.0,450.0,1.0,1.0,1.0,0.0,ahmedabad,5888.888888888889
64 Lac ,Ready to Move,Resale,Furnished,,"Garden/Park, Main Road",,6400000.0,1305.0,9.0,2.0,1.0,0.0,ahmedabad,4904.214559386974
2.35 Cr ,Ready to Move,Resale,Furnished,East,Garden/Park,Freehold,23500000.0,1807.0,5.0,3.0,1.0,2.0,ahmedabad,13004.98063087991
1.30 Cr ,Ready to Move,Resale,Semi-Furnished,North - East,Garden/Park,Freehold,13000000.0,1150.0,3.0,3.0,1.0,1.0,ahmedabad,11304.347826086956
71 Lac ,Ready to Move,Resale,Semi-Furnished,,,,7100000.0,1215.0,3.0,3.0,0.0,0.0,ahmedabad,5843.621399176955
2.70 Cr ,Ready to Move,Resale,Unfurnished,East,Garden/Park,Freehold,27000000.0,1968.0,5.0,4.0,1.0,2.0,ahmedabad,13719.512195121952
32 Lac ,Ready to Move,Resale,Unfurnished,East,"Garden/Park, Main Road",Freehold,3200000.0,400.0,5.0,1.0,0.0,1.0,ahmedabad,8000.0
1.45 Cr ,Ready to Move,Resale,Semi-Furnished,East,"Main Road, Garden/Park, Pool",Freehold,14500000.0,1200.0,8.0,3.0,1.0,0.0,ahmedabad,12083.333333333334
1.10 Cr ,Ready to Move,New Property,Unfurnished,East,"Garden/Park, Pool",Freehold,11000000.0,2013.0,3.0,3.0,2.0,0.0,ahmedabad,5464.48087431694
65 Lac ,Ready to Move,Resale,Furnished,East,Main Road,Co-operative Society,6500000.0,1035.0,9.0,2.0,2.0,0.0,ahmedabad,6280.193236714976
62 Lac ,Ready to Move,Resale,Unfurnished,,Garden/Park,Co-operative Society,6200000.0,945.0,3.0,2.0,2.0,0.0,ahmedabad,6560.846560846561
46 Lac ,Ready to Move,Resale,Unfurnished,,Garden/Park,Freehold,4600000.0,1035.0,3.0,2.0,2.0,0.0,ahmedabad,4444.444444444444
2 Lac ,Ready to Move,Resale,Furnished,,,Freehold,200000.0,55.0,3.0,1.0,1.0,0.0,ahmedabad,3636.3636363636365
3.15 Cr ,Ready to Move,Resale,Semi-Furnished,East,Garden/Park,Freehold,31500000.0,2170.0,0.0,3.0,1.0,3.0,ahmedabad,14516.129032258064
47 Lac ,Ready to Move,Resale,Unfurnished,,,,4700000.0,650.0,3.0,2.0,1.0,0.0,ahmedabad,7230.7692307692305
46 Lac ,Ready to Move,Resale,Furnished,North - East,Garden/Park,Freehold,4600000.0,990.0,2.0,2.0,2.0,1.0,ahmedabad,4646.464646464647
70 Lac ,Ready to Move,Resale,Furnished,East,"Garden/Park, Pool, Main Road",Freehold,7000000.0,1478.0,5.0,3.0,1.0,1.0,ahmedabad,4736.129905277402
45 Lac ,Ready to Move,Resale,Furnished,North,,Freehold,4500000.0,839.592,1.0,1.0,2.0,1.0,ahmedabad,5359.746162421748
50 Lac ,Ready to Move,Resale,Unfurnished,East,"Garden/Park, Pool, Main Road",Freehold,5000000.0,877.0,4.0,2.0,1.0,1.0,ahmedabad,5701.254275940707
38 Lac ,Ready to Move,Resale,Unfurnished,,Main Road,Freehold,3800000.0,550.0,2.0,2.0,2.0,0.0,ahmedabad,6909.090909090909
70 Lac ,Ready to Move,Resale,Semi-Furnished,East,Garden/Park,Freehold,7000000.0,700.0,9.0,2.0,2.0,0.0,ahmedabad,10000.0
52 Lac ,Ready to Move,Resale,Unfurnished,,,,5200000.0,1575.0,3.0,3.0,2.0,0.0,ahmedabad,3301.5873015873017
32 Lac ,Ready to Move,Resale,Unfurnished,,,,3200000.0,990.0,2.0,2.0,2.0,1.0,ahmedabad,3232.3232323232323
3.29 Cr ,Ready to Move,Resale,Unfurnished,East,"Garden/Park, Main Road",Freehold,32900000.0,4400.0,9.0,4.0,2.0,3.0,ahmedabad,7477.272727272727
3.32 Cr ,Ready to Move,Resale,Unfurnished,East,"Garden/Park, Main Road",Freehold,33200000.0,4400.0,2.0,4.0,2.0,0.0,ahmedabad,7545.454545454545
3.35 Cr ,Ready to Move,Resale,Unfurnished,East,"Garden/Park, Pool, Main Road",Freehold,33500000.0,4400.0,3.0,4.0,2.0,0.0,ahmedabad,7613.636363636364
1.44 Cr ,Ready to Move,New Property,Unfurnished,East,Garden/Park,Freehold,14400000.0,1172.0,3.0,3.0,1.0,1.0,ahmedabad,12286.689419795222
79 Lac ,Ready to Move,Resale,Furnished,East,Main Road,Freehold,7900000.0,1130.0,7.0,3.0,2.0,1.0,ahmedabad,6991.150442477876
49.1 Lac ,Ready to Move,Resale,Unfurnished,East,Garden/Park,Freehold,4910000.0,715.0,9.0,2.0,1.0,1.0,ahmedabad,6867.132867132867
80 Lac ,Ready to Move,New Property,Unfurnished,East,Main Road,Freehold,8000000.0,1505.0,12.0,3.0,3.0,2.0,ahmedabad,5315.614617940199
41 Lac ,Ready to Move,Resale,Unfurnished,North - East,Garden/Park,Freehold,4100000.0,1260.0,5.0,2.0,2.0,1.0,ahmedabad,3253.968253968254
55 Lac ,Ready to Move,Resale,Unfurnished,East,"Pool, Garden/Park, Main Road",Freehold,5500000.0,527.0,1.0,2.0,1.0,0.0,ahmedabad,10436.432637571157
3.25 Cr ,Ready to Move,New Property,Unfurnished,East,Main Road,Freehold,32500000.0,2070.0,4.0,4.0,1.0,0.0,ahmedabad,15700.483091787439
68 Lac ,Ready to Move,Resale,Semi-Furnished,North - East,,Freehold,6800000.0,1430.0,9.0,3.0,1.0,1.0,ahmedabad,4755.244755244756
70 Lac ,Ready to Move,Resale,Semi-Furnished,,,,7000000.0,1440.0,6.0,3.0,0.0,0.0,ahmedabad,4861.111111111111
36 Lac ,Ready to Move,Resale,Semi-Furnished,,,,3600000.0,815.0,1.0,2.0,1.0,0.0,ahmedabad,4417.17791411043
1.59 Cr ,Ready to Move,Resale,Unfurnished,,,,15900000.0,2535.0,3.0,4.0,1.0,0.0,ahmedabad,6272.189349112426
1 Cr ,Ready to Move,Resale,Unfurnished,East,"Garden/Park, Main Road",Freehold,10000000.0,1850.0,7.0,3.0,1.0,1.0,ahmedabad,5405.405405405405
75 Lac ,Ready to Move,Resale,Semi-Furnished,,,,7500000.0,1440.0,1.0,3.0,3.0,0.0,ahmedabad,5208.333333333333
35 Lac ,Ready to Move,Resale,Unfurnished,,"Garden/Park, Main Road",Co-operative Society,3500000.0,882.0,6.0,2.0,0.0,0.0,ahmedabad,3968.253968253968
2.60 Cr ,Ready to Move,Resale,Semi-Furnished,East,"Garden/Park, Pool, Main Road",Freehold,26000000.0,1849.0,5.0,4.0,1.0,2.0,ahmedabad,14061.654948620877
53 Lac ,Ready to Move,Resale,Unfurnished,East,"Garden/Park, Pool, Main Road",Freehold,5300000.0,877.0,4.0,2.0,1.0,1.0,ahmedabad,6043.32953249715
48 Lac ,Ready to Move,Resale,Semi-Furnished,East,"Garden/Park, Main Road",Freehold,4800000.0,675.0,4.0,2.0,2.0,1.0,ahmedabad,7111.111111111111
90 Lac ,Ready to Move,,Furnished,,,,9000000.0,1500.0,1.0,3.0,0.0,0.0,ahmedabad,6000.0
43 Lac ,Ready to Move,Resale,Semi-Furnished,,,,4300000.0,600.0,1.0,2.0,2.0,0.0,ahmedabad,7166.666666666667
2 Cr ,Ready to Move,Resale,Unfurnished,,,,20000000.0,3270.0,17.0,4.0,0.0,1.0,ahmedabad,6116.207951070336
3.70 Cr ,Ready to Move,Resale,Furnished,,,,37000000.0,3900.0,4.0,3.0,0.0,0.0,ahmedabad,9487.179487179486
3.90 Cr ,Ready to Move,Resale,Furnished,,,,39000000.0,3900.0,2.0,5.0,0.0,0.0,ahmedabad,10000.0
52 Lac ,Ready to Move,Resale,Unfurnished,,,,5200000.0,1285.0,5.0,2.0,0.0,0.0,ahmedabad,4046.692607003891
53 Lac ,Ready to Move,Resale,Semi-Furnished,North,,Freehold,5300000.0,1125.0,1.0,2.0,3.0,1.0,ahmedabad,4711.111111111111
40 Lac ,Ready to Move,Resale,Furnished,,,,4000000.0,600.0,6.0,1.0,1.0,0.0,ahmedabad,6666.666666666667
40 Lac ,Ready to Move,Resale,Semi-Furnished,,,,4000000.0,705.0,2.0,2.0,1.0,0.0,ahmedabad,5673.758865248227
1.75 Cr ,Ready to Move,Resale,Semi-Furnished,,,,17500000.0,1206.0,1.0,3.0,1.0,0.0,ahmedabad,14510.77943615257
53.5 Lac ,Ready to Move,Resale,Unfurnished,East,Garden/Park,Freehold,5350000.0,750.0,4.0,2.0,0.0,1.0,ahmedabad,7133.333333333333
1.25 Cr ,Ready to Move,Resale,Unfurnished,South -West,"Garden/Park, Main Road",Co-operative Society,12500000.0,1350.0,5.0,3.0,3.0,0.0,ahmedabad,9259.25925925926
85 Lac ,Ready to Move,Resale,Unfurnished,East,"Pool, Garden/Park",Freehold,8500000.0,888.0,13.0,2.0,1.0,0.0,ahmedabad,9572.072072072073
60 Lac ,Ready to Move,Resale,Unfurnished,West,"Garden/Park, Pool, Main Road",Freehold,6000000.0,1143.0,6.0,2.0,2.0,0.0,ahmedabad,5249.343832020997
30 Lac ,Ready to Move,Resale,Semi-Furnished,East,"Garden/Park, Main Road",Freehold,3000000.0,409.0,2.0,1.0,1.0,1.0,ahmedabad,7334.963325183374
1.08 Cr ,Ready to Move,Resale,Unfurnished,East,Main Road,Freehold,10800000.0,1150.0,10.0,3.0,1.0,2.0,ahmedabad,9391.304347826086
1.20 Cr ,Ready to Move,Resale,Unfurnished,West,"Garden/Park, Pool, Main Road",Freehold,12000000.0,1729.0,12.0,3.0,3.0,0.0,ahmedabad,6940.427993059572
50 Lac ,Ready to Move,Resale,Furnished,,,,5000000.0,800.0,3.0,2.0,0.0,0.0,ahmedabad,6250.0
75 Lac ,Ready to Move,Resale,Furnished,,,,7500000.0,1215.0,7.0,2.0,0.0,0.0,ahmedabad,6172.83950617284
56.3 Lac ,Ready to Move,Resale,Unfurnished,East,"Garden/Park, Pool, Main Road",Freehold,5630000.0,801.0,8.0,2.0,1.0,1.0,ahmedabad,7028.714107365793
58 Lac ,Ready to Move,Resale,Furnished,West,Garden/Park,Freehold,5800000.0,945.0,4.0,2.0,1.0,1.0,ahmedabad,6137.5661375661375
23 Lac ,Ready to Move,Resale,Semi-Furnished,,,,2300000.0,765.0,2.0,2.0,0.0,0.0,ahmedabad,3006.5359477124184
40 Lac ,Ready to Move,Resale,Semi-Furnished,,,,4000000.0,900.0,3.0,2.0,2.0,0.0,ahmedabad,4444.444444444444
60 Lac ,Ready to Move,Resale,Furnished,East,Main Road,Freehold,6000000.0,990.0,2.0,2.0,2.0,1.0,ahmedabad,6060.606060606061
75 Lac ,Ready to Move,Resale,Furnished,,,,7500000.0,1215.0,2.0,2.0,0.0,0.0,ahmedabad,6172.83950617284
1.34 Cr ,Ready to Move,New Property,Unfurnished,East,"Garden/Park, Main Road",Freehold,13400000.0,1242.0,3.0,3.0,1.0,1.0,ahmedabad,10789.049919484702
1.25 Cr ,Ready to Move,Resale,Unfurnished,,,,12500000.0,2187.0,2.0,3.0,0.0,0.0,ahmedabad,5715.592135345221
1.30 Cr ,Ready to Move,Resale,Furnished,,,,13000000.0,2232.0,2.0,3.0,0.0,0.0,ahmedabad,5824.372759856631
35 Lac ,Ready to Move,Resale,Furnished,,,,3500000.0,1125.0,2.0,2.0,2.0,0.0,ahmedabad,3111.1111111111113
1.55 Cr ,Ready to Move,Resale,Semi-Furnished,,,,15500000.0,1980.0,1.0,3.0,1.0,0.0,ahmedabad,7828.282828282829
70 Lac ,Ready to Move,Resale,Unfurnished,East,"Garden/Park, Pool, Main Road",Freehold,7000000.0,1111.0,6.0,3.0,1.0,1.0,ahmedabad,6300.630063006301
1.33 Cr ,Ready to Move,New Property,Unfurnished,East,"Garden/Park, Main Road",Freehold,13300000.0,1242.0,2.0,3.0,1.0,1.0,ahmedabad,10708.5346215781
1.28 Cr ,Ready to Move,New Property,Unfurnished,East,"Garden/Park, Main Road",Freehold,12800000.0,1242.0,3.0,3.0,1.0,1.0,ahmedabad,10305.958132045089
30 Lac ,Ready to Move,Resale,Furnished,,,,3000000.0,670.0,3.0,1.0,0.0,0.0,ahmedabad,4477.611940298508
24.5 Lac ,Ready to Move,Resale,Unfurnished,East,,Co-operative Society,2450000.0,693.0,6.0,1.0,1.0,0.0,ahmedabad,3535.3535353535353
4.30 Cr ,Ready to Move,Resale,Unfurnished,,Main Road,Freehold,43000000.0,2300.0,5.0,3.0,0.0,3.0,ahmedabad,18695.652173913044
75 Lac ,Ready to Move,Resale,Unfurnished,East,"Garden/Park, Main Road",Freehold,7500000.0,840.0,11.0,2.0,2.0,1.0,ahmedabad,8928.57142857143
66 Lac ,Ready to Move,Resale,Furnished,East,"Garden/Park, Main Road",Freehold,6600000.0,901.0,2.0,3.0,1.0,1.0,ahmedabad,7325.19422863485
49.5 Lac ,Ready to Move,New Property,Semi-Furnished,East,Main Road,Freehold,4950000.0,650.0,13.0,2.0,1.0,1.0,ahmedabad,7615.384615384615
36.5 Lac ,Ready to Move,Resale,Unfurnished,,,,3650000.0,1044.0,4.0,2.0,0.0,0.0,ahmedabad,3496.1685823754788
49 Lac ,Ready to Move,Resale,Unfurnished,,,,4900000.0,1400.0,4.0,2.0,0.0,0.0,ahmedabad,3500.0
70 Lac ,Ready to Move,New Property,Unfurnished,,,,7000000.0,2000.0,3.0,3.0,0.0,0.0,ahmedabad,3500.0
72.6 Lac ,Ready to Move,Resale,Unfurnished,,,,7259999.999999999,1995.0,10.0,3.0,0.0,0.0,ahmedabad,3639.0977443609017
68 Lac ,Ready to Move,Resale,Unfurnished,East,"Garden/Park, Pool, Main Road",Freehold,6800000.0,1123.0,8.0,3.0,2.0,1.0,ahmedabad,6055.209260908281
38 Lac ,Ready to Move,Resale,Unfurnished,East,Main Road,Co-operative Society,3800000.0,699.66,3.0,2.0,2.0,0.0,ahmedabad,5431.209444587371
64 Lac ,Ready to Move,Resale,Unfurnished,East,"Garden/Park, Main Road",Freehold,6400000.0,721.0,2.0,2.0,0.0,0.0,ahmedabad,8876.560332871013
72.6 Lac ,Ready to Move,Resale,Unfurnished,,,,7259999.999999999,1995.0,9.0,3.0,0.0,0.0,ahmedabad,3639.0977443609017
69 Lac ,Ready to Move,Resale,Unfurnished,East,"Garden/Park, Pool, Main Road",Freehold,6900000.0,1123.0,8.0,3.0,2.0,1.0,ahmedabad,6144.256455921639
55 Lac ,Ready to Move,Resale,Semi-Furnished,,,,5500000.0,1180.0,4.0,2.0,2.0,0.0,ahmedabad,4661.016949152542
3.02 Cr ,Ready to Move,Resale,Unfurnished,East,,Freehold,30200000.0,2700.0,2.0,5.0,1.0,2.0,ahmedabad,11185.185185185184
6.50 Cr ,Ready to Move,Resale,Furnished,East,"Garden/Park, Main Road",Freehold,65000000.0,2580.0,2.0,4.0,1.0,2.0,ahmedabad,25193.798449612405
72 Lac ,Ready to Move,Resale,Unfurnished,East,Main Road,Freehold,7200000.0,742.0,1.0,2.0,1.0,1.0,ahmedabad,9703.504043126684
1.20 Cr ,Ready to Move,New Property,Furnished,,,,12000000.0,2160.0,7.0,3.0,0.0,0.0,ahmedabad,5555.555555555556
46.2 Lac ,Ready to Move,New Property,Unfurnished,North - East,Pool,Freehold,4620000.0,633.0,7.0,2.0,0.0,1.0,ahmedabad,7298.578199052133
85 Lac ,Ready to Move,Resale,Semi-Furnished,West,"Garden/Park, Pool, Main Road",Freehold,8500000.0,1367.0,,3.0,1.0,1.0,ahmedabad,6217.995610826628
65 Lac ,Ready to Move,Resale,Furnished,West,Garden/Park,Freehold,6500000.0,810.0,5.0,1.0,1.0,0.0,ahmedabad,8024.691358024691
33.5 Lac ,Ready to Move,Resale,Unfurnished,West,Garden/Park,Freehold,3350000.0,720.0,2.0,2.0,1.0,0.0,ahmedabad,4652.777777777777
70 Lac ,Ready to Move,New Property,Furnished,East,"Garden/Park, Main Road",Freehold,7000000.0,731.0,7.0,2.0,1.0,1.0,ahmedabad,9575.92339261286
31 Lac ,Ready to Move,Resale,Furnished,,"Garden/Park, Main Road",,3100000.0,500.0,7.0,2.0,0.0,0.0,ahmedabad,6200.0
40 Lac ,Ready to Move,New Property,Unfurnished,North - East,Main Road,Freehold,4000000.0,633.0,10.0,2.0,0.0,1.0,ahmedabad,6319.11532385466
60.2 Lac ,Ready to Move,New Property,Unfurnished,North - East,Pool,Freehold,6020000.0,750.0,2.0,2.0,1.0,1.0,ahmedabad,8026.666666666667
70 Lac ,Ready to Move,New Property,Unfurnished,North - East,Garden/Park,Freehold,7000000.0,900.0,7.0,3.0,2.0,0.0,ahmedabad,7777.777777777777
62 Lac ,Ready to Move,New Property,Unfurnished,North - East,Garden/Park,Freehold,6200000.0,888.0,9.0,3.0,1.0,1.0,ahmedabad,6981.981981981982
2.93 Cr ,Ready to Move,New Property,Unfurnished,,,,29300000.0,2614.0,7.0,6.0,2.0,2.0,ahmedabad,11208.875286916604
40 Lac ,Ready to Move,Resale,Unfurnished,South,Garden/Park,Freehold,4000000.0,900.0,4.0,2.0,3.0,0.0,ahmedabad,4444.444444444444
38 Lac ,Ready to Move,Resale,Unfurnished,East,Main Road,Freehold,3800000.0,885.0,4.0,2.0,2.0,2.0,ahmedabad,4293.785310734464
51 Lac ,Ready to Move,Resale,Unfurnished,East,"Garden/Park, Pool, Main Road",Freehold,5100000.0,825.0,4.0,2.0,2.0,1.0,ahmedabad,6181.818181818182
1.05 Cr ,Ready to Move,New Property,Semi-Furnished,North,Garden/Park,Freehold,10500000.0,1460.0,6.0,3.0,1.0,1.0,ahmedabad,7191.780821917808
33 Lac ,Ready to Move,Resale,Unfurnished,,,,3300000.0,112.0,1.0,2.0,1.0,0.0,ahmedabad,29464.285714285714
72 Lac ,Ready to Move,New Property,Semi-Furnished,,,,7200000.0,1680.0,6.0,3.0,0.0,0.0,ahmedabad,4285.714285714285
1.75 Cr ,Ready to Move,Resale,Furnished,,,,17500000.0,2400.0,3.0,3.0,0.0,0.0,ahmedabad,7291.666666666667
1.15 Cr ,Ready to Move,Resale,Unfurnished,East,"Garden/Park, Main Road",Freehold,11500000.0,1306.0,13.0,3.0,3.0,1.0,ahmedabad,8805.513016845329
50 Lac ,Ready to Move,Resale,Unfurnished,East,"Garden/Park, Pool, Main Road",Freehold,5000000.0,845.0,4.0,2.0,1.0,1.0,ahmedabad,5917.15976331361
58 Lac ,Ready to Move,Other,Furnished,,,,5800000.0,1070.0,1.0,2.0,0.0,0.0,ahmedabad,5420.560747663551
52 Lac ,Ready to Move,Resale,Unfurnished,East,"Garden/Park, Pool, Main Road",Freehold,5200000.0,825.0,4.0,2.0,2.0,1.0,ahmedabad,6303.030303030303
1.50 Cr ,Ready to Move,Resale,Furnished,North - East,Main Road,Freehold,15000000.0,1325.0,5.0,3.0,1.0,1.0,ahmedabad,11320.754716981131
2 Cr ,Ready to Move,Resale,Furnished,East,"Garden/Park, Pool, Main Road",Freehold,20000000.0,1600.0,-1.0,3.0,3.0,2.0,ahmedabad,12500.0
74 Lac ,Ready to Move,Resale,Unfurnished,,"Garden/Park, Main Road",Co-operative Society,7400000.0,756.0,,2.0,3.0,0.0,ahmedabad,9788.359788359789
75 Lac ,Ready to Move,Resale,Furnished,,,,7500000.0,1600.0,3.0,3.0,0.0,0.0,ahmedabad,4687.5
51 Lac ,Ready to Move,Resale,Semi-Furnished,,,,5100000.0,1200.0,4.0,2.0,0.0,0.0,ahmedabad,4250.0
53 Lac ,Ready to Move,Resale,Furnished,,,,5300000.0,1215.0,4.0,2.0,0.0,0.0,ahmedabad,4362.139917695473
76 Lac ,Ready to Move,Resale,Semi-Furnished,,,,7600000.0,1600.0,3.0,3.0,0.0,0.0,ahmedabad,4750.0
5.51 Cr ,Ready to Move,Resale,Furnished,,,,55100000.0,5600.0,6.0,5.0,0.0,0.0,ahmedabad,9839.285714285714
78 Lac ,Ready to Move,Resale,Semi-Furnished,,,,7800000.0,1854.0,4.0,2.0,0.0,0.0,ahmedabad,4207.119741100324
68 Lac ,Ready to Move,Resale,Unfurnished,,,,6800000.0,1800.0,4.0,2.0,0.0,0.0,ahmedabad,3777.777777777778
75 Lac ,Ready to Move,Resale,Unfurnished,,,,7500000.0,1800.0,4.0,3.0,0.0,0.0,ahmedabad,4166.666666666667
80 Lac ,Ready to Move,Resale,Semi-Furnished,,,,8000000.0,1845.0,4.0,3.0,0.0,0.0,ahmedabad,4336.043360433604
1.10 Cr ,Ready to Move,New Property,Unfurnished,,,,11000000.0,2160.0,3.0,3.0,0.0,0.0,ahmedabad,5092.592592592592
3.11 Cr ,Ready to Move,Resale,Furnished,East,Garden/Park,Freehold,31100000.0,5000.0,10.0,5.0,3.0,2.0,ahmedabad,6220.0
58 Lac ,Ready to Move,New Property,Unfurnished,East,"Garden/Park, Pool, Main Road",Freehold,5800000.0,1185.0,8.0,2.0,1.0,1.0,ahmedabad,4894.514767932489
42 Lac ,Ready to Move,Resale,Furnished,,,,4200000.0,990.0,2.0,2.0,1.0,0.0,ahmedabad,4242.424242424242
56.5 Lac ,Ready to Move,New Property,Unfurnished,North - East,Main Road,Freehold,5650000.0,988.0,4.0,2.0,0.0,1.0,ahmedabad,5718.6234817813765
40.8 Lac ,Ready to Move,New Property,Unfurnished,North - East,Main Road,Freehold,4079999.9999999995,633.0,12.0,2.0,0.0,1.0,ahmedabad,6445.497630331753
42 Lac ,Ready to Move,New Property,Unfurnished,North - East,Main Road,Freehold,4200000.0,633.0,4.0,2.0,0.0,0.0,ahmedabad,6635.071090047393
70 Lac ,Ready to Move,New Property,Semi-Furnished,,Main Road,,7000000.0,1130.0,9.0,2.0,3.0,0.0,ahmedabad,6194.690265486725
51 Lac ,Ready to Move,Resale,Unfurnished,East,"Garden/Park, Pool, Main Road",Freehold,5100000.0,845.0,4.0,2.0,1.0,1.0,ahmedabad,6035.502958579882
53 Lac ,Ready to Move,Resale,Unfurnished,East,"Garden/Park, Pool, Main Road",Freehold,5300000.0,891.0,3.0,3.0,2.0,1.0,ahmedabad,5948.372615039281
75 Lac ,Ready to Move,Resale,Furnished,,,,7500000.0,1170.0,4.0,2.0,0.0,0.0,ahmedabad,6410.25641025641
1 Cr ,Ready to Move,Resale,Furnished,,,,10000000.0,2000.0,4.0,3.0,0.0,0.0,ahmedabad,5000.0
1.80 Cr ,Ready to Move,New Property,Unfurnished,East,Garden/Park,Freehold,18000000.0,1975.0,10.0,4.0,1.0,2.0,ahmedabad,9113.924050632912
4.20 Cr ,Ready to Move,Resale,Furnished,East,Garden/Park,Freehold,42000000.0,2552.0,5.0,4.0,1.0,2.0,ahmedabad,16457.6802507837
54 Lac ,Ready to Move,Resale,Unfurnished,East,"Garden/Park, Pool, Main Road",Freehold,5400000.0,891.0,3.0,3.0,2.0,1.0,ahmedabad,6060.606060606061
47 Lac ,Ready to Move,Resale,Unfurnished,East,"Garden/Park, Pool, Main Road",Freehold,4700000.0,845.0,4.0,2.0,1.0,1.0,ahmedabad,5562.130177514793
60 Lac ,Ready to Move,New Property,Unfurnished,,,,6000000.0,1450.0,6.0,2.0,0.0,0.0,ahmedabad,4137.931034482759
80 Lac ,Ready to Move,Resale,Furnished,,,,8000000.0,1755.0,4.0,3.0,0.0,0.0,ahmedabad,4558.404558404558
96 Lac ,Ready to Move,Resale,Furnished,,,,9600000.0,1602.0,2.0,3.0,0.0,0.0,ahmedabad,5992.509363295881
92 Lac ,Ready to Move,Resale,Unfurnished,,,,9200000.0,1620.0,1.0,3.0,0.0,0.0,ahmedabad,5679.0123456790125
45 Lac ,Ready to Move,Resale,Unfurnished,,,,4500000.0,1125.0,6.0,2.0,0.0,0.0,ahmedabad,4000.0
1.20 Cr ,Ready to Move,Resale,Furnished,,,,12000000.0,1700.0,1.0,2.0,0.0,0.0,ahmedabad,7058.823529411765
1.50 Cr ,Ready to Move,New Property,Unfurnished,,,,15000000.0,2200.0,1.0,3.0,0.0,0.0,ahmedabad,6818.181818181818
1.20 Cr ,Ready to Move,Resale,Semi-Furnished,,,,12000000.0,2007.0,1.0,3.0,0.0,0.0,ahmedabad,5979.073243647234
1.25 Cr ,Ready to Move,Resale,Furnished,,,,12500000.0,2007.0,1.0,3.0,0.0,0.0,ahmedabad,6228.201295465869
37 Lac ,Ready to Move,Resale,Semi-Furnished,,,,3700000.0,1150.0,1.0,1.0,0.0,0.0,ahmedabad,3217.391304347826
48 Lac ,Ready to Move,Resale,Furnished,,,,4800000.0,1035.0,2.0,2.0,0.0,0.0,ahmedabad,4637.68115942029
50 Lac ,Ready to Move,Resale,Unfurnished,,,,5000000.0,990.0,10.0,2.0,0.0,0.0,ahmedabad,5050.50505050505
52 Lac ,Ready to Move,Resale,Semi-Furnished,North,Garden/Park,Freehold,5200000.0,1128.0,6.0,2.0,0.0,1.0,ahmedabad,4609.929078014185
69 Lac ,Ready to Move,Resale,Unfurnished,East,Garden/Park,Freehold,6900000.0,830.0,7.0,3.0,1.0,1.0,ahmedabad,8313.253012048193
2.70 Cr ,Ready to Move,Resale,Unfurnished,North,Main Road,Freehold,27000000.0,1968.0,7.0,4.0,2.0,2.0,ahmedabad,13719.512195121952
70 Lac ,Ready to Move,New Property,Unfurnished,East,Garden/Park,Freehold,7000000.0,950.0,7.0,3.0,1.0,1.0,ahmedabad,7368.421052631579
55 Lac ,Ready to Move,Resale,Unfurnished,,,,5500000.0,990.0,8.0,2.0,0.0,0.0,ahmedabad,5555.555555555556
80 Lac ,Ready to Move,Resale,Semi-Furnished,,,,8000000.0,1215.0,7.0,3.0,0.0,0.0,ahmedabad,6584.3621399176955
60 Lac ,Ready to Move,Resale,Semi-Furnished,,,,6000000.0,1125.0,6.0,2.0,0.0,0.0,ahmedabad,5333.333333333333
60 Lac ,Ready to Move,Resale,Semi-Furnished,,,,6000000.0,1125.0,5.0,2.0,0.0,0.0,ahmedabad,5333.333333333333
1.26 Cr ,Ready to Move,Resale,Unfurnished,,,,12600000.0,2079.0,7.0,3.0,0.0,0.0,ahmedabad,6060.606060606061
70 Lac ,Ready to Move,Resale,Semi-Furnished,,,,7000000.0,1100.0,6.0,3.0,0.0,0.0,ahmedabad,6363.636363636364
90 Lac ,Ready to Move,Resale,Furnished,,,,9000000.0,1600.0,1.0,3.0,0.0,0.0,ahmedabad,5625.0
1 Cr ,Ready to Move,New Property,Furnished,,,,10000000.0,1728.0,4.0,3.0,0.0,0.0,ahmedabad,5787.037037037037
62 Lac ,Ready to Move,New Property,Unfurnished,East,"Garden/Park, Pool, Main Road",Freehold,6200000.0,841.0,5.0,2.0,1.0,1.0,ahmedabad,7372.17598097503
78 Lac ,Ready to Move,,Furnished,,,,7800000.0,1130.0,2.0,2.0,0.0,0.0,ahmedabad,6902.654867256637
65 Lac ,Ready to Move,Resale,Furnished,,,,6500000.0,1370.0,5.0,3.0,0.0,0.0,ahmedabad,4744.525547445255
45 Lac ,Ready to Move,Resale,Unfurnished,East,"Garden/Park, Pool, Main Road",Freehold,4500000.0,891.0,3.0,3.0,2.0,1.0,ahmedabad,5050.50505050505
45 Lac ,Ready to Move,Resale,Unfurnished,East,"Garden/Park, Main Road",Freehold,4500000.0,999.0,9.0,2.0,1.0,1.0,ahmedabad,4504.504504504504
80 Lac ,Ready to Move,Resale,Unfurnished,North - East,"Garden/Park, Pool, Main Road",Freehold,8000000.0,800.0,5.0,2.0,1.0,1.0,ahmedabad,10000.0
25 Lac ,Ready to Move,,Semi-Furnished,,,,2500000.0,240.0,2.0,1.0,0.0,0.0,ahmedabad,10416.666666666666
1.60 Cr ,Ready to Move,Resale,Unfurnished,East,Garden/Park,Freehold,16000000.0,1780.0,3.0,4.0,2.0,3.0,ahmedabad,8988.76404494382
55 Lac ,Ready to Move,Resale,Furnished,,,,5500000.0,1035.0,5.0,2.0,0.0,0.0,ahmedabad,5314.009661835748
70 Lac ,Ready to Move,Resale,Furnished,,,,7000000.0,1579.0,4.0,2.0,0.0,0.0,ahmedabad,4433.185560481317
1.10 Cr ,Ready to Move,Resale,Furnished,,,,11000000.0,1485.0,5.0,3.0,0.0,0.0,ahmedabad,7407.407407407408
48 Lac ,Ready to Move,Resale,Furnished,North - East,"Garden/Park, Main Road",Freehold,4800000.0,800.0,7.0,2.0,1.0,1.0,ahmedabad,6000.0
45 Lac ,Ready to Move,Resale,Unfurnished,East,"Garden/Park, Main Road",Freehold,4500000.0,800.0,3.0,2.0,1.0,1.0,ahmedabad,5625.0
1.95 Cr ,Ready to Move,Resale,Semi-Furnished,,,,19500000.0,2646.0,7.0,3.0,0.0,0.0,ahmedabad,7369.614512471655
1.95 Cr ,Ready to Move,Resale,Semi-Furnished,,,,19500000.0,2646.0,7.0,4.0,0.0,0.0,ahmedabad,7369.614512471655
2 Cr ,Ready to Move,New Property,Unfurnished,,,,20000000.0,2646.0,7.0,3.0,0.0,0.0,ahmedabad,7558.578987150416
2.25 Cr ,Ready to Move,Resale,Semi-Furnished,,,,22500000.0,3350.0,6.0,4.0,0.0,0.0,ahmedabad,6716.417910447762
40 Lac ,Ready to Move,Resale,Semi-Furnished,,,,4000000.0,990.0,4.0,2.0,0.0,0.0,ahmedabad,4040.40404040404
55 Lac ,Ready to Move,Resale,Unfurnished,East,"Garden/Park, Pool, Main Road",Freehold,5500000.0,891.0,3.0,3.0,2.0,1.0,ahmedabad,6172.83950617284
48 Lac ,Ready to Move,Resale,Unfurnished,East,"Garden/Park, Pool, Main Road",Freehold,4800000.0,845.0,4.0,2.0,1.0,1.0,ahmedabad,5680.473372781065
2.35 Cr ,Ready to Move,New Property,Unfurnished,,,,23500000.0,3350.0,8.0,4.0,0.0,0.0,ahmedabad,7014.925373134329
10.3 Lac ,Ready to Move,Resale,Semi-Furnished,,,,1030000.0000000001,274.0,1.0,2.0,0.0,0.0,ahmedabad,3759.1240875912413
40 Lac ,Ready to Move,Resale,Furnished,,,,4000000.0,990.0,1.0,2.0,0.0,0.0,ahmedabad,4040.40404040404
2.35 Cr ,Ready to Move,Resale,Unfurnished,,,,23500000.0,3350.0,4.0,4.0,0.0,0.0,ahmedabad,7014.925373134329
44 Lac ,Ready to Move,Resale,Semi-Furnished,,,,4400000.0,1152.0,7.0,2.0,0.0,0.0,ahmedabad,3819.4444444444443
44 Lac ,Ready to Move,Resale,Furnished,,,,4400000.0,1089.0,4.0,2.0,0.0,0.0,ahmedabad,4040.40404040404
48 Lac ,Ready to Move,Resale,Semi-Furnished,,,,4800000.0,1150.0,2.0,2.0,0.0,0.0,ahmedabad,4173.913043478261
1.13 Cr ,Ready to Move,New Property,Unfurnished,East,Main Road,Freehold,11299999.999999998,1118.0,2.0,3.0,1.0,2.0,ahmedabad,10107.334525939175
96.5 Lac ,Ready to Move,Resale,Unfurnished,East,Garden/Park,Freehold,9650000.0,1962.0,2.0,3.0,3.0,1.0,ahmedabad,4918.450560652395
67 Lac ,Ready to Move,Resale,Semi-Furnished,,,,6700000.0,1113.0,2.0,2.0,1.0,0.0,ahmedabad,6019.766397124888
55 Lac ,Ready to Move,Resale,Semi-Furnished,,,,5500000.0,1150.0,1.0,2.0,0.0,0.0,ahmedabad,4782.608695652174
41 Lac ,Ready to Move,Resale,Unfurnished,,,,4100000.0,1350.0,1.0,2.0,2.0,0.0,ahmedabad,3037.037037037037
50 Lac ,Ready to Move,New Property,Unfurnished,East,Garden/Park,Freehold,5000000.0,790.0,5.0,2.0,1.0,1.0,ahmedabad,6329.113924050633
1.77 Cr ,Ready to Move,New Property,Unfurnished,East,"Garden/Park, Main Road",Freehold,17700000.0,2513.0,4.0,4.0,1.0,2.0,ahmedabad,7043.374452845205
1.23 Cr ,Ready to Move,New Property,Unfurnished,East,Main Road,Freehold,12300000.0,1215.0,2.0,3.0,1.0,2.0,ahmedabad,10123.456790123457
2.20 Cr ,Ready to Move,Resale,Furnished,,,,22000000.0,3750.0,1.0,4.0,0.0,0.0,ahmedabad,5866.666666666667
2 Cr ,Ready to Move,Resale,Furnished,,,,20000000.0,3300.0,1.0,4.0,0.0,0.0,ahmedabad,6060.606060606061
2.20 Cr ,Ready to Move,Resale,Semi-Furnished,,,,22000000.0,3375.0,1.0,4.0,0.0,0.0,ahmedabad,6518.518518518518
59 Lac ,Ready to Move,New Property,Semi-Furnished,West,"Garden/Park, Main Road",Freehold,5900000.0,708.0,13.0,2.0,1.0,1.0,ahmedabad,8333.333333333334
49 Lac ,Ready to Move,Resale,Unfurnished,East,"Garden/Park, Pool, Main Road",Freehold,4900000.0,845.0,4.0,2.0,1.0,1.0,ahmedabad,5798.816568047338
1.10 Cr ,Ready to Move,Resale,Unfurnished,East,"Garden/Park, Main Road",Freehold,11000000.0,2253.0,7.0,3.0,1.0,2.0,ahmedabad,4882.3790501553485
28 Lac ,Ready to Move,Resale,Unfurnished,,,Co-operative Society,2800000.0,792.0,2.0,1.0,2.0,0.0,ahmedabad,3535.3535353535353
1.65 Cr ,Ready to Move,New Property,Unfurnished,East,"Garden/Park, Main Road",Freehold,16500000.0,1204.0,7.0,3.0,1.0,2.0,ahmedabad,13704.318936877076
45 Lac ,Ready to Move,Resale,Unfurnished,East,Main Road,Freehold,4500000.0,810.0,2.0,2.0,2.0,0.0,ahmedabad,5555.555555555556
79 Lac ,Ready to Move,Resale,Furnished,,,,7900000.0,1170.0,1.0,3.0,0.0,0.0,ahmedabad,6752.136752136752
1.72 Cr ,Ready to Move,New Property,Unfurnished,East,Garden/Park,Co-operative Society,17200000.0,2475.0,4.0,3.0,1.0,0.0,ahmedabad,6949.49494949495
70 Lac ,Ready to Move,New Property,Unfurnished,North - East,Main Road,Freehold,7000000.0,900.0,3.0,3.0,1.0,1.0,ahmedabad,7777.777777777777
1.04 Cr ,Ready to Move,New Property,Semi-Furnished,East,Garden/Park,Freehold,10400000.0,1450.0,7.0,3.0,2.0,1.0,ahmedabad,7172.413793103448
2.82 Cr ,Ready to Move,Resale,Furnished,East,Garden/Park,Freehold,28200000.0,3780.0,10.0,4.0,3.0,2.0,ahmedabad,7460.31746031746
2.47 Cr ,Ready to Move,Resale,Unfurnished,North,Garden/Park,Freehold,24700000.000000004,3330.0,10.0,4.0,3.0,0.0,ahmedabad,7417.417417417419
1.75 Cr ,Ready to Move,Resale,Unfurnished,,,,17500000.0,2400.0,3.0,4.0,0.0,0.0,ahmedabad,7291.666666666667
56 Lac ,Ready to Move,Resale,Furnished,,,,5600000.0,990.0,0.0,2.0,0.0,0.0,ahmedabad,5656.565656565656
38 Lac ,Ready to Move,Resale,Unfurnished,,,,3800000.0,909.0,1.0,2.0,0.0,0.0,ahmedabad,4180.418041804181
45 Lac ,Ready to Move,Resale,Semi-Furnished,,,,4500000.0,666.0,0.0,1.0,0.0,0.0,ahmedabad,6756.756756756757
67 Lac ,Ready to Move,Resale,Unfurnished,,,,6700000.0,1600.0,8.0,3.0,0.0,0.0,ahmedabad,4187.5
53 Lac ,Ready to Move,Resale,Unfurnished,East,"Garden/Park, Pool, Main Road",Freehold,5300000.0,825.0,4.0,2.0,2.0,1.0,ahmedabad,6424.242424242424
51 Lac ,Ready to Move,Resale,Semi-Furnished,North - West,Garden/Park,Freehold,5100000.0,975.0,13.0,2.0,2.0,1.0,ahmedabad,5230.7692307692305
45 Lac ,Ready to Move,Resale,Unfurnished,,,,4500000.0,945.0,4.0,2.0,0.0,0.0,ahmedabad,4761.9047619047615
46 Lac ,Ready to Move,Resale,Unfurnished,,,,4600000.0,1250.0,5.0,2.0,0.0,0.0,ahmedabad,3680.0
48.5 Lac ,Ready to Move,Resale,Furnished,,,,4850000.0,1000.0,1.0,2.0,0.0,0.0,ahmedabad,4850.0
50 Lac ,Ready to Move,Resale,Unfurnished,,,,5000000.0,1134.0,3.0,2.0,0.0,0.0,ahmedabad,4409.171075837742
52 Lac ,Ready to Move,Resale,Unfurnished,,,,5200000.0,1134.0,3.0,2.0,0.0,0.0,ahmedabad,4585.537918871252
52 Lac ,Ready to Move,Resale,Unfurnished,,,,5200000.0,1125.0,2.0,2.0,0.0,0.0,ahmedabad,4622.222222222223
55 Lac ,Ready to Move,Resale,Furnished,,,,5500000.0,1053.0,2.0,2.0,0.0,0.0,ahmedabad,5223.171889838556
47 Lac ,Ready to Move,Resale,Semi-Furnished,,,,4700000.0,1089.0,6.0,2.0,0.0,0.0,ahmedabad,4315.886134067952
2.65 Cr ,Ready to Move,Resale,Furnished,,,,26500000.0,2727.0,6.0,3.0,0.0,0.0,ahmedabad,9717.638430509718
36 Lac ,Ready to Move,Resale,Unfurnished,,,,3600000.0,1116.0,2.0,2.0,0.0,0.0,ahmedabad,3225.8064516129034
2.90 Cr ,Ready to Move,Resale,Unfurnished,,,,29000000.0,3200.0,5.0,4.0,0.0,0.0,ahmedabad,9062.5
41 Lac ,Ready to Move,Resale,Unfurnished,,,,4100000.0,1125.0,3.0,2.0,0.0,0.0,ahmedabad,3644.4444444444443
2.90 Cr ,Ready to Move,Resale,Furnished,,,,29000000.0,2700.0,4.0,4.0,0.0,0.0,ahmedabad,10740.74074074074
1.24 Cr ,Ready to Move,New Property,Unfurnished,,,,12400000.0,2187.0,10.0,3.0,0.0,0.0,ahmedabad,5669.86739826246
3 Cr ,Ready to Move,Resale,Unfurnished,,,,30000000.0,3500.0,1.0,4.0,0.0,0.0,ahmedabad,8571.42857142857
3 Cr ,Ready to Move,Resale,Unfurnished,,,,30000000.0,4000.0,1.0,4.0,0.0,0.0,ahmedabad,7500.0
3.20 Cr ,Ready to Move,Resale,Furnished,,,,32000000.0,4200.0,2.0,4.0,0.0,0.0,ahmedabad,7619.047619047619
54 Lac ,Ready to Move,Resale,Unfurnished,East,"Garden/Park, Pool, Main Road",Freehold,5400000.0,825.0,4.0,2.0,2.0,1.0,ahmedabad,6545.454545454545
75 Lac ,Ready to Move,Resale,Unfurnished,East,Main Road,Freehold,7500000.0,860.0,5.0,3.0,0.0,1.0,ahmedabad,8720.93023255814
58.8 Lac ,Ready to Move,New Property,Unfurnished,North - East,Garden/Park,Freehold,5880000.0,624.0,5.0,2.0,1.0,0.0,ahmedabad,9423.076923076924
44 Lac ,Ready to Move,New Property,Unfurnished,East,Main Road,Freehold,4400000.0,633.0,10.0,2.0,1.0,1.0,ahmedabad,6951.026856240126
58.5 Lac ,Ready to Move,New Property,Unfurnished,North - East,Main Road,Freehold,5850000.0,646.0,11.0,2.0,0.0,1.0,ahmedabad,9055.727554179566
70 Lac ,Ready to Move,Resale,Unfurnished,East,"Garden/Park, Pool, Main Road",Freehold,7000000.0,1123.0,8.0,3.0,2.0,1.0,ahmedabad,6233.303650934996
38 Lac ,Ready to Move,Resale,Semi-Furnished,West,Garden/Park,Freehold,3800000.0,765.0,5.0,2.0,1.0,0.0,ahmedabad,4967.320261437909
71 Lac ,Ready to Move,Resale,Unfurnished,East,"Garden/Park, Pool, Main Road",Freehold,7100000.0,1123.0,8.0,3.0,2.0,1.0,ahmedabad,6322.350845948353
56 Lac ,Ready to Move,Resale,Semi-Furnished,,Garden/Park,Freehold,5600000.0,750.0,5.0,2.0,2.0,0.0,ahmedabad,7466.666666666667
49.5 Lac ,Ready to Move,New Property,Unfurnished,North - East,Pool,Freehold,4950000.0,666.0,20.0,2.0,1.0,1.0,ahmedabad,7432.4324324324325
41.8 Lac ,Ready to Move,New Property,Unfurnished,North - East,Garden/Park,Freehold,4179999.9999999995,669.0,4.0,2.0,0.0,1.0,ahmedabad,6248.13153961136
48 Lac ,Ready to Move,New Property,Unfurnished,North - East,Garden/Park,Freehold,4800000.0,633.0,1.0,2.0,1.0,0.0,ahmedabad,7582.938388625593
45 Lac ,Ready to Move,New Property,Unfurnished,North - East,Garden/Park,Freehold,4500000.0,633.0,8.0,2.0,1.0,1.0,ahmedabad,7109.004739336493
64 Lac ,Ready to Move,New Property,Unfurnished,East,Garden/Park,Freehold,6400000.0,888.0,19.0,2.0,1.0,1.0,ahmedabad,7207.207207207207
95.8 Lac ,Ready to Move,New Property,Unfurnished,North - East,Garden/Park,Freehold,9580000.0,924.0,8.0,3.0,1.0,1.0,ahmedabad,10367.965367965367
36.5 Lac ,Ready to Move,Resale,Unfurnished,North,Garden/Park,Co-operative Society,3650000.0,700.0,5.0,2.0,2.0,0.0,ahmedabad,5214.285714285715
67 Lac ,Ready to Move,Resale,Unfurnished,East,"Pool, Garden/Park, Main Road",Freehold,6700000.0,900.0,4.0,3.0,0.0,0.0,ahmedabad,7444.444444444444
65 Lac ,Ready to Move,Resale,Semi-Furnished,,Main Road,Freehold,6500000.0,1305.0,3.0,2.0,0.0,0.0,ahmedabad,4980.842911877395
48 Lac ,Ready to Move,New Property,Furnished,East,Garden/Park,Freehold,4800000.0,1350.0,6.0,2.0,2.0,0.0,ahmedabad,3555.5555555555557
50 Lac ,Ready to Move,New Property,Unfurnished,East,"Garden/Park, Main Road",Freehold,5000000.0,639.0,5.0,2.0,1.0,1.0,ahmedabad,7824.726134585289
51 Lac ,Ready to Move,Resale,Unfurnished,,,Co-operative Society,5100000.0,1080.0,0.0,1.0,2.0,0.0,ahmedabad,4722.222222222223
1.61 Cr ,Ready to Move,Resale,Furnished,North,Main Road,Freehold,16100000.000000002,1226.0,4.0,3.0,2.0,1.0,ahmedabad,13132.137030995107
52 Lac ,Ready to Move,Resale,Unfurnished,East,"Garden/Park, Main Road",Freehold,5200000.0,1010.0,5.0,3.0,2.0,0.0,ahmedabad,5148.514851485149
1.24 Cr ,Ready to Move,New Property,Unfurnished,North,,Freehold,12400000.0,1860.0,3.0,3.0,1.0,2.0,ahmedabad,6666.666666666667
55 Lac ,Ready to Move,New Property,Unfurnished,East,Garden/Park,Freehold,5500000.0,1548.0,5.0,3.0,2.0,0.0,ahmedabad,3552.97157622739
46 Lac ,Ready to Move,New Property,Unfurnished,East,"Garden/Park, Main Road",Freehold,4600000.0,705.0,11.0,2.0,1.0,1.0,ahmedabad,6524.822695035461
46 Lac ,Ready to Move,New Property,Unfurnished,East,"Garden/Park, Main Road",Freehold,4600000.0,705.0,5.0,2.0,1.0,1.0,ahmedabad,6524.822695035461
2.50 Cr ,Ready to Move,Resale,Semi-Furnished,West,Main Road,Freehold,25000000.0,2000.0,1.0,4.0,1.0,0.0,ahmedabad,12500.0
70 Lac ,Ready to Move,Resale,Semi-Furnished,,,,7000000.0,1315.0,8.0,2.0,0.0,0.0,ahmedabad,5323.19391634981
48 Lac ,Ready to Move,Resale,Unfurnished,East,"Garden/Park, Pool, Main Road",Freehold,4800000.0,758.0,4.0,2.0,0.0,1.0,ahmedabad,6332.453825857519
56 Lac ,Ready to Move,Resale,Unfurnished,East,Garden/Park,Freehold,5600000.0,715.0,6.0,2.0,1.0,1.0,ahmedabad,7832.167832167832
65.1 Lac ,Ready to Move,Resale,Semi-Furnished,East,Garden/Park,Freehold,6509999.999999999,906.0,7.0,2.0,2.0,1.0,ahmedabad,7185.430463576158
50 Lac ,Ready to Move,Resale,Unfurnished,East,"Garden/Park, Pool, Main Road",Freehold,5000000.0,820.0,4.0,2.0,2.0,1.0,ahmedabad,6097.5609756097565
65.5 Lac ,Ready to Move,Resale,Unfurnished,East,"Garden/Park, Pool, Main Road",Freehold,6550000.0,1413.0,12.0,2.0,2.0,0.0,ahmedabad,4635.527246992215
57 Lac ,Ready to Move,Resale,Furnished,,Garden/Park,,5700000.0,819.0,1.0,2.0,2.0,1.0,ahmedabad,6959.706959706959
80 Lac ,Ready to Move,Resale,Furnished,,Main Road,,8000000.0,1845.0,5.0,3.0,2.0,0.0,ahmedabad,4336.043360433604
2 Cr ,Ready to Move,Resale,Furnished,,,,20000000.0,2490.0,10.0,4.0,4.0,0.0,ahmedabad,8032.128514056225
54 Lac ,Ready to Move,Resale,Furnished,East,Main Road,Freehold,5400000.0,1133.0,8.0,2.0,1.0,1.0,ahmedabad,4766.107678729038
55 Lac ,Ready to Move,New Property,Unfurnished,East,"Garden/Park, Main Road",Freehold,5500000.0,829.0,5.0,2.0,1.0,1.0,ahmedabad,6634.499396863691
47 Lac ,Ready to Move,Resale,Unfurnished,,,,4700000.0,900.0,5.0,2.0,1.0,0.0,ahmedabad,5222.222222222223
1.50 Cr ,Ready to Move,Resale,Semi-Furnished,East,Garden/Park,Co-operative Society,15000000.0,2007.0,10.0,3.0,1.0,1.0,ahmedabad,7473.841554559043
52 Lac ,Ready to Move,Resale,Semi-Furnished,East,Main Road,Freehold,5200000.0,900.0,5.0,3.0,2.0,1.0,ahmedabad,5777.777777777777
51 Lac ,Ready to Move,Resale,Unfurnished,East,"Garden/Park, Pool, Main Road",Freehold,5100000.0,820.0,4.0,2.0,2.0,1.0,ahmedabad,6219.512195121952
45 Lac ,Ready to Move,Resale,Unfurnished,East,"Garden/Park, Main Road",Freehold,4500000.0,900.0,4.0,2.0,1.0,0.0,ahmedabad,5000.0
3 Cr ,Ready to Move,Resale,Furnished,East,"Garden/Park, Main Road",Freehold,30000000.0,1800.0,1.0,4.0,3.0,3.0,ahmedabad,16666.666666666668
49 Lac ,Ready to Move,Resale,Unfurnished,East,"Garden/Park, Pool, Main Road",Freehold,4900000.0,758.0,4.0,2.0,0.0,1.0,ahmedabad,6464.379947229551
58 Lac ,Ready to Move,New Property,Unfurnished,East,"Main Road, Garden/Park, Pool",Freehold,5800000.0,688.0,12.0,2.0,1.0,1.0,ahmedabad,8430.232558139534
1.23 Cr ,Ready to Move,Resale,Unfurnished,East,Main Road,Freehold,12300000.0,1110.0,12.0,3.0,1.0,0.0,ahmedabad,11081.081081081082
50 Lac ,Ready to Move,Resale,Unfurnished,,,,5000000.0,990.0,2.0,2.0,1.0,0.0,ahmedabad,5050.50505050505
90 Lac ,Ready to Move,Resale,Unfurnished,,Main Road,,9000000.0,1710.0,1.0,3.0,1.0,0.0,ahmedabad,5263.1578947368425
1.16 Cr ,Ready to Move,Resale,Unfurnished,East,Garden/Park,Freehold,11600000.0,1433.0,2.0,3.0,1.0,1.0,ahmedabad,8094.905792044661
32 Lac ,Ready to Move,Resale,Unfurnished,North,"Garden/Park, Main Road",Freehold,3200000.0,580.0,2.0,2.0,3.0,0.0,ahmedabad,5517.241379310345
60 Lac ,Ready to Move,New Property,Unfurnished,East,Main Road,Co-operative Society,6000000.0,910.0,5.0,3.0,0.0,1.0,ahmedabad,6593.406593406594
55 Lac ,Ready to Move,Resale,Furnished,,,,5500000.0,1100.0,7.0,2.0,0.0,0.0,ahmedabad,5000.0
2.10 Cr ,Ready to Move,Resale,Unfurnished,East,"Garden/Park, Pool",Freehold,21000000.0,1920.0,13.0,6.0,2.0,2.0,ahmedabad,10937.5
46 Lac ,Ready to Move,Resale,Semi-Furnished,,,,4600000.0,1206.0,6.0,2.0,1.0,0.0,ahmedabad,3814.262023217247
55.5 Lac ,Ready to Move,Resale,Furnished,North - East,"Garden/Park, Main Road",Co-operative Society,5550000.0,953.0,4.0,2.0,1.0,0.0,ahmedabad,5823.714585519412
87 Lac ,Ready to Move,Resale,Unfurnished,East,"Garden/Park, Main Road",Freehold,8700000.0,1800.0,11.0,3.0,2.0,1.0,ahmedabad,4833.333333333333
2.85 Cr ,Ready to Move,Resale,Unfurnished,,,,28500000.0,3885.0,7.0,4.0,0.0,0.0,ahmedabad,7335.907335907336
42 Lac ,Ready to Move,New Property,Unfurnished,East,Garden/Park,Freehold,4200000.0,1287.0,4.0,2.0,2.0,0.0,ahmedabad,3263.4032634032633
54.5 Lac ,Ready to Move,New Property,Unfurnished,East,Garden/Park,Freehold,5450000.0,1215.0,3.0,2.0,2.0,0.0,ahmedabad,4485.59670781893
35 Lac ,Ready to Move,Resale,Furnished,East,Main Road,Freehold,3500000.0,325.0,0.0,2.0,1.0,1.0,ahmedabad,10769.23076923077
75 Lac ,Ready to Move,Resale,Unfurnished,East,"Garden/Park, Pool, Main Road",Freehold,7500000.0,792.0,2.0,3.0,1.0,1.0,ahmedabad,9469.69696969697
2 Cr ,Ready to Move,Resale,Furnished,North - East,Main Road,Freehold,20000000.0,1605.0,0.0,4.0,1.0,2.0,ahmedabad,12461.059190031152
1.43 Cr ,Ready to Move,Resale,Unfurnished,East,Garden/Park,Co-operative Society,14300000.0,2682.0,4.0,3.0,1.0,0.0,ahmedabad,5331.841909023117
50 Lac ,Ready to Move,Resale,Unfurnished,,"Pool, Garden/Park, Main Road",Co-operative Society,5000000.0,900.0,12.0,2.0,2.0,0.0,ahmedabad,5555.555555555556
1.25 Cr ,Ready to Move,Resale,Semi-Furnished,West,Main Road,Freehold,12500000.0,1700.0,9.0,3.0,1.0,1.0,ahmedabad,7352.941176470588
1.10 Cr ,Ready to Move,New Property,Unfurnished,East,"Pool, Garden/Park, Main Road",Freehold,11000000.0,2158.0,5.0,3.0,3.0,0.0,ahmedabad,5097.312326227989
1.05 Cr ,Ready to Move,Resale,Semi-Furnished,,,,10500000.0,1180.0,6.0,3.0,1.0,0.0,ahmedabad,8898.305084745763
70 Lac ,Ready to Move,Resale,Semi-Furnished,North - East,"Garden/Park, Pool",Freehold,7000000.0,810.0,4.0,3.0,1.0,1.0,ahmedabad,8641.975308641975
90 Lac ,Ready to Move,New Property,Furnished,East,Main Road,Freehold,9000000.0,899.0,3.0,3.0,1.0,1.0,ahmedabad,10011.123470522803
95 Lac ,Ready to Move,Resale,Semi-Furnished,East,"Garden/Park, Main Road",Freehold,9500000.0,1890.0,4.0,4.0,2.0,1.0,ahmedabad,5026.455026455026
20 Lac ,Ready to Move,Resale,Unfurnished,,"Garden/Park, Main Road",Co-operative Society,2000000.0,490.0,1.0,1.0,1.0,1.0,ahmedabad,4081.6326530612246
42.5 Lac ,Ready to Move,Resale,Semi-Furnished,North - East,Garden/Park,Co-operative Society,4250000.0,1359.0,4.0,2.0,1.0,4.0,ahmedabad,3127.299484915379
75 Lac ,Ready to Move,Resale,Unfurnished,East,Garden/Park,Co-operative Society,7500000.0,850.0,12.0,2.0,1.0,0.0,ahmedabad,8823.529411764706
59.2 Lac ,Ready to Move,Resale,Unfurnished,East,"Pool, Garden/Park",Freehold,5920000.0,1555.0,5.0,3.0,1.0,1.0,ahmedabad,3807.0739549839227
1.90 Cr ,Ready to Move,Resale,Unfurnished,North,"Garden/Park, Main Road",Freehold,19000000.0,1960.0,4.0,4.0,1.0,1.0,ahmedabad,9693.877551020409
1.35 Cr ,Ready to Move,New Property,Unfurnished,East,"Garden/Park, Pool, Main Road",Freehold,13500000.0,1187.0,13.0,3.0,2.0,2.0,ahmedabad,11373.209772535805
45 Lac ,Ready to Move,New Property,Semi-Furnished,East,,,4500000.0,1080.0,1.0,2.0,1.0,0.0,ahmedabad,4166.666666666667
72 Lac ,Ready to Move,Resale,Unfurnished,East,Garden/Park,Freehold,7200000.0,1325.0,5.0,2.0,1.0,1.0,ahmedabad,5433.962264150943
78 Lac ,Ready to Move,Resale,Unfurnished,East,Garden/Park,Freehold,7800000.0,1281.0,3.0,3.0,1.0,1.0,ahmedabad,6088.992974238876
75 Lac ,Ready to Move,Resale,Unfurnished,,,,7500000.0,467.0,1.0,3.0,0.0,0.0,ahmedabad,16059.957173447538
74.3 Lac ,Ready to Move,New Property,Unfurnished,East,"Garden/Park, Main Road",Freehold,7430000.0,1651.0,7.0,3.0,1.0,1.0,ahmedabad,4500.3028467595395
47 Lac ,Ready to Move,Resale,Furnished,East,"Garden/Park, Main Road",Freehold,4700000.0,1350.0,6.0,3.0,2.0,0.0,ahmedabad,3481.4814814814813
55 Lac ,Ready to Move,Resale,Unfurnished,East,Garden/Park,Freehold,5500000.0,800.0,5.0,2.0,1.0,1.0,ahmedabad,6875.0
22 Lac ,Ready to Move,Resale,Semi-Furnished,,,,2200000.0,520.0,3.0,1.0,1.0,2.0,ahmedabad,4230.7692307692305
55 Lac ,Ready to Move,Resale,Unfurnished,East,Garden/Park,Freehold,5500000.0,783.0,4.0,2.0,2.0,1.0,ahmedabad,7024.265644955301
39 Lac ,Ready to Move,Resale,Unfurnished,East,"Garden/Park, Main Road",Freehold,3900000.0,643.0,5.0,2.0,1.0,0.0,ahmedabad,6065.318818040436
64 Lac ,Ready to Move,Resale,Semi-Furnished,North,Main Road,Freehold,6400000.0,1300.0,5.0,2.0,1.0,1.0,ahmedabad,4923.076923076923
1.15 Cr ,Ready to Move,Resale,Semi-Furnished,East,"Garden/Park, Main Road",Freehold,11500000.0,2100.0,3.0,3.0,3.0,0.0,ahmedabad,5476.190476190476
35 Lac ,Ready to Move,Resale,Unfurnished,,,,3500000.0,885.0,5.0,1.0,2.0,0.0,ahmedabad,3954.8022598870057
1.80 Cr ,Ready to Move,New Property,Unfurnished,East,Main Road,Freehold,18000000.0,2088.0,11.0,3.0,2.0,0.0,ahmedabad,8620.689655172413
35 Lac ,Ready to Move,Resale,Unfurnished,,,,3500000.0,900.0,4.0,2.0,1.0,0.0,ahmedabad,3888.8888888888887
81 Lac ,Ready to Move,Resale,Unfurnished,East,"Garden/Park, Pool, Main Road",,8100000.0,841.0,14.0,3.0,3.0,0.0,ahmedabad,9631.391200951248
1.50 Cr ,Ready to Move,Resale,Furnished,East,"Garden/Park, Main Road",Freehold,15000000.0,1129.0,6.0,3.0,1.0,1.0,ahmedabad,13286.093888396812
90 Lac ,Ready to Move,Resale,Unfurnished,,,Freehold,9000000.0,2200.0,2.0,3.0,1.0,0.0,ahmedabad,4090.909090909091
1.05 Cr ,Ready to Move,Resale,Furnished,East,Main Road,Freehold,10500000.0,1215.0,5.0,2.0,0.0,0.0,ahmedabad,8641.975308641975
56.5 Lac ,Ready to Move,Resale,Unfurnished,East,Garden/Park,Freehold,5650000.0,715.0,6.0,2.0,1.0,1.0,ahmedabad,7902.097902097902
46 Lac ,Ready to Move,Resale,Unfurnished,East,Garden/Park,Freehold,4600000.0,1341.0,4.0,2.0,1.0,1.0,ahmedabad,3430.27591349739
49.8 Lac ,Ready to Move,New Property,Unfurnished,East,"Garden/Park, Main Road",Freehold,4980000.0,1185.0,7.0,2.0,1.0,2.0,ahmedabad,4202.53164556962
73 Lac ,Ready to Move,Resale,Semi-Furnished,North,"Pool, Garden/Park, Main Road",Leasehold,7300000.0,860.0,5.0,3.0,0.0,1.0,ahmedabad,8488.372093023256
80 Lac ,Ready to Move,Resale,Semi-Furnished,South - East,Garden/Park,Freehold,8000000.0,1270.0,2.0,2.0,2.0,0.0,ahmedabad,6299.212598425197
1.80 Cr ,Ready to Move,Resale,Unfurnished,,,,18000000.0,1415.0,11.0,3.0,2.0,0.0,ahmedabad,12720.848056537103
55 Lac ,Ready to Move,Resale,Unfurnished,North - East,Garden/Park,Freehold,5500000.0,1350.0,5.0,2.0,1.0,1.0,ahmedabad,4074.074074074074
1.05 Cr ,Ready to Move,Resale,Unfurnished,East,Main Road,Freehold,10500000.0,1463.0,5.0,4.0,2.0,1.0,ahmedabad,7177.033492822967
95 Lac ,Ready to Move,Resale,Furnished,North - East,"Garden/Park, Main Road",Freehold,9500000.0,1900.0,4.0,3.0,3.0,1.0,ahmedabad,5000.0
1.79 Cr ,Ready to Move,Resale,Semi-Furnished,,,Freehold,17900000.0,3040.0,2.0,4.0,0.0,0.0,ahmedabad,5888.1578947368425
2.91 Cr ,Ready to Move,Resale,Furnished,East,"Garden/Park, Main Road",Freehold,29100000.0,1994.0,5.0,4.0,1.0,2.0,ahmedabad,14593.781344032097
43.5 Lac ,Ready to Move,Resale,Unfurnished,East,"Garden/Park, Main Road",Freehold,4350000.0,1141.0,5.0,2.0,1.0,1.0,ahmedabad,3812.4452234881683
66 Lac ,Ready to Move,New Property,Unfurnished,East,"Garden/Park, Main Road",Freehold,6600000.0,793.0,7.0,2.0,1.0,1.0,ahmedabad,8322.82471626734
75 Lac ,Ready to Move,Resale,Unfurnished,East,Garden/Park,Co-operative Society,7500000.0,2394.0,3.0,3.0,2.0,0.0,ahmedabad,3132.8320802005014
83.5 Lac ,Ready to Move,Resale,Unfurnished,East,"Pool, Garden/Park, Main Road",Freehold,8350000.0,1530.0,12.0,3.0,0.0,1.0,ahmedabad,5457.516339869281
55 Lac ,Ready to Move,Resale,Unfurnished,East,"Garden/Park, Pool, Main Road",Freehold,5500000.0,945.0,3.0,2.0,3.0,0.0,ahmedabad,5820.10582010582
70 Lac ,Ready to Move,Resale,Furnished,East,Main Road,Freehold,7000000.0,1800.0,8.0,2.0,2.0,0.0,ahmedabad,3888.8888888888887
3.35 Cr ,Ready to Move,Resale,Furnished,South,Main Road,Freehold,33500000.0,2700.0,4.0,4.0,1.0,1.0,ahmedabad,12407.407407407407
86 Lac ,Ready to Move,New Property,Unfurnished,East,"Garden/Park, Main Road",Freehold,8600000.0,1002.0,7.0,3.0,1.0,1.0,ahmedabad,8582.834331337326
57 Lac ,Ready to Move,Resale,Unfurnished,East,"Garden/Park, Main Road",Freehold,5700000.0,1179.0,6.0,2.0,2.0,0.0,ahmedabad,4834.605597964377
98 Lac ,Ready to Move,Resale,Unfurnished,North - East,Garden/Park,Freehold,9800000.0,1500.0,3.0,3.0,3.0,1.0,ahmedabad,6533.333333333333
45 Lac ,Ready to Move,Resale,Semi-Furnished,,,,4500000.0,1050.0,4.0,2.0,2.0,0.0,ahmedabad,4285.714285714285
45 Lac ,Ready to Move,New Property,Semi-Furnished,East,"Garden/Park, Main Road",Freehold,4500000.0,1053.0,3.0,2.0,2.0,1.0,ahmedabad,4273.504273504273
64 Lac ,Ready to Move,Resale,Unfurnished,East,"Garden/Park, Main Road",Freehold,6400000.0,1890.0,5.0,3.0,2.0,2.0,ahmedabad,3386.2433862433863
34 Lac ,Ready to Move,Resale,Semi-Furnished,,,,3400000.0,972.0,3.0,2.0,0.0,0.0,ahmedabad,3497.9423868312756
57 Lac ,Ready to Move,Resale,Semi-Furnished,,,Freehold,5700000.0,900.0,2.0,2.0,1.0,0.0,ahmedabad,6333.333333333333
75 Lac ,Ready to Move,Resale,Unfurnished,East,Main Road,Freehold,7500000.0,750.0,5.0,3.0,1.0,1.0,ahmedabad,10000.0
53 Lac ,Ready to Move,Resale,Furnished,,,,5300000.0,1260.0,2.0,2.0,0.0,0.0,ahmedabad,4206.349206349207
44 Lac ,Ready to Move,Resale,Unfurnished,,,,4400000.0,1233.0,1.0,2.0,0.0,0.0,ahmedabad,3568.5320356853204
3.23 Cr ,Ready to Move,New Property,Unfurnished,East,"Garden/Park, Main Road",Freehold,32300000.0,3800.0,3.0,5.0,1.0,3.0,ahmedabad,8500.0
48 Lac ,Ready to Move,Resale,Furnished,West,Main Road,Freehold,4800000.0,792.0,2.0,2.0,2.0,1.0,ahmedabad,6060.606060606061
65 Lac ,Ready to Move,Resale,Semi-Furnished,North - East,Garden/Park,Freehold,6500000.0,850.0,12.0,3.0,1.0,1.0,ahmedabad,7647.058823529412
1.10 Cr ,Ready to Move,Resale,Unfurnished,East,Main Road,Freehold,11000000.0,2250.0,3.0,4.0,2.0,0.0,ahmedabad,4888.888888888889
73 Lac ,Ready to Move,New Property,Unfurnished,West,Garden/Park,Freehold,7300000.0,789.0,13.0,3.0,1.0,1.0,ahmedabad,9252.217997465146
52 Lac ,Ready to Move,Resale,Unfurnished,East,"Garden/Park, Pool, Main Road",Freehold,5200000.0,820.0,4.0,2.0,2.0,1.0,ahmedabad,6341.463414634146
1.25 Cr ,Ready to Move,Resale,Unfurnished,East,Garden/Park,Freehold,12500000.0,1404.0,9.0,3.0,1.0,1.0,ahmedabad,8903.133903133903
1.60 Cr ,Ready to Move,Resale,Unfurnished,North,Garden/Park,Freehold,16000000.0,3200.0,9.0,5.0,2.0,2.0,ahmedabad,5000.0
36 Lac ,Ready to Move,Resale,Semi-Furnished,,,,3600000.0,613.548,4.0,2.0,1.0,0.0,ahmedabad,5867.511588335387
61.3 Lac ,Ready to Move,New Property,Unfurnished,East,"Garden/Park, Main Road",Co-operative Society,6130000.0,882.0,8.0,3.0,1.0,1.0,ahmedabad,6950.113378684808
27 Lac ,Ready to Move,Resale,Unfurnished,,,,2700000.0,631.0,5.0,1.0,0.0,0.0,ahmedabad,4278.92234548336
48 Lac ,Ready to Move,Resale,Unfurnished,East,Garden/Park,Freehold,4800000.0,819.0,4.0,2.0,2.0,0.0,ahmedabad,5860.805860805861
75 Lac ,Ready to Move,Resale,Semi-Furnished,North,"Pool, Garden/Park, Main Road",Freehold,7500000.0,860.0,5.0,3.0,0.0,1.0,ahmedabad,8720.93023255814
70 Lac ,Ready to Move,Resale,Semi-Furnished,,,,7000000.0,1414.0,11.0,2.0,1.0,0.0,ahmedabad,4950.495049504951
47 Lac ,Ready to Move,Resale,Unfurnished,East,Garden/Park,Freehold,4700000.0,700.0,2.0,2.0,1.0,0.0,ahmedabad,6714.285714285715
68 Lac ,Ready to Move,Resale,Furnished,,,,6800000.0,1330.0,4.0,3.0,0.0,0.0,ahmedabad,5112.7819548872185
40 Lac ,Ready to Move,Resale,Furnished,South - East,,,4000000.0,1215.0,4.0,2.0,3.0,1.0,ahmedabad,3292.1810699588477
35 Lac ,Ready to Move,Resale,Furnished,,,,3500000.0,400.0,4.0,2.0,2.0,0.0,ahmedabad,8750.0
4.50 Cr ,Ready to Move,Resale,Furnished,East,Garden/Park,Freehold,45000000.0,2700.0,3.0,4.0,1.0,2.0,ahmedabad,16666.666666666668
36 Lac ,Ready to Move,Resale,Furnished,East,,Freehold,3600000.0,762.0,2.0,2.0,1.0,0.0,ahmedabad,4724.4094488188975
1.20 Cr ,Ready to Move,Resale,Furnished,,,,12000000.0,1080.0,2.0,3.0,1.0,0.0,ahmedabad,11111.111111111111
48 Lac ,Ready to Move,Resale,Unfurnished,South - East,,Freehold,4800000.0,1125.0,4.0,2.0,1.0,0.0,ahmedabad,4266.666666666667
45 Lac ,Ready to Move,Resale,Semi-Furnished,,,,4500000.0,1089.0,5.0,2.0,0.0,0.0,ahmedabad,4132.231404958678
1.95 Cr ,Ready to Move,Resale,Furnished,East,Garden/Park,Freehold,19500000.0,1500.0,2.0,3.0,1.0,2.0,ahmedabad,13000.0
39 Lac ,Ready to Move,Resale,Unfurnished,West,Main Road,Freehold,3900000.0,1260.0,3.0,2.0,3.0,0.0,ahmedabad,3095.2380952380954
45 Lac ,Ready to Move,Resale,Semi-Furnished,East,"Garden/Park, Main Road",Freehold,4500000.0,1080.0,5.0,2.0,2.0,0.0,ahmedabad,4166.666666666667
42 Lac ,Ready to Move,Resale,Unfurnished,North - East,Garden/Park,,4200000.0,903.0,13.0,2.0,1.0,0.0,ahmedabad,4651.162790697675
1.11 Cr ,Ready to Move,Resale,Semi-Furnished,North - East,"Garden/Park, Main Road",Freehold,11100000.000000002,1410.0,1.0,3.0,2.0,1.0,ahmedabad,7872.3404255319165
25 Lac ,Ready to Move,Resale,Unfurnished,North,Main Road,Freehold,2500000.0,121.0,3.0,2.0,3.0,0.0,ahmedabad,20661.15702479339
60 Lac ,Ready to Move,Resale,Unfurnished,East,Main Road,Freehold,6000000.0,1233.0,11.0,2.0,2.0,1.0,ahmedabad,4866.1800486618
34 Lac ,Ready to Move,Resale,Furnished,East,Garden/Park,Freehold,3400000.0,675.0,3.0,1.0,1.0,0.0,ahmedabad,5037.037037037037
1.30 Cr ,Ready to Move,Resale,Semi-Furnished,,,Freehold,13000000.0,1908.0,4.0,3.0,4.0,0.0,ahmedabad,6813.417190775682
10.5 Lac ,Ready to Move,New Property,Unfurnished,,,,1050000.0,80.0,1.0,1.0,1.0,0.0,ahmedabad,13125.0
72.1 Lac ,Ready to Move,Resale,Unfurnished,East,Garden/Park,Freehold,7209999.999999999,1111.0,8.0,3.0,2.0,1.0,ahmedabad,6489.648964896489
45 Lac ,Ready to Move,Resale,Furnished,,,,4500000.0,1180.0,4.0,2.0,0.0,0.0,ahmedabad,3813.5593220338983
62 Lac ,Ready to Move,Resale,Semi-Furnished,,,Freehold,6200000.0,1330.0,3.0,3.0,2.0,1.0,ahmedabad,4661.654135338345
47 Lac ,Ready to Move,Resale,Unfurnished,East,"Garden/Park, Pool, Main Road",Freehold,4700000.0,758.0,4.0,2.0,0.0,1.0,ahmedabad,6200.527704485488
48 Lac ,Ready to Move,Resale,Unfurnished,East,"Garden/Park, Pool, Main Road",Freehold,4800000.0,820.0,4.0,2.0,2.0,1.0,ahmedabad,5853.658536585366
2.75 Cr ,Ready to Move,Resale,Unfurnished,North - East,Garden/Park,Freehold,27500000.0,2520.0,1.0,4.0,1.0,2.0,ahmedabad,10912.698412698413
45 Lac ,Ready to Move,Resale,Unfurnished,North - West,"Pool, Garden/Park",Freehold,4500000.0,1323.0,4.0,2.0,2.0,0.0,ahmedabad,3401.360544217687
1.65 Cr ,Ready to Move,Resale,Furnished,South - East,"Garden/Park, Main Road",Freehold,16500000.0,1620.0,7.0,3.0,1.0,1.0,ahmedabad,10185.185185185184
22 Lac ,Ready to Move,Resale,,,,,2200000.0,419.796,,2.0,0.0,0.0,ahmedabad,5240.640692145709
1.34 Cr ,Ready to Move,Resale,Unfurnished,South,"Pool, Garden/Park, Main Road",,13400000.0,1100.0,4.0,3.0,1.0,0.0,ahmedabad,12181.818181818182
37 Lac ,Ready to Move,Resale,Unfurnished,East,Garden/Park,Freehold,3700000.0,1120.0,5.0,2.0,1.0,1.0,ahmedabad,3303.5714285714284
90 Lac ,Ready to Move,Resale,Furnished,East,Main Road,Freehold,9000000.0,1220.0,7.0,3.0,1.0,1.0,ahmedabad,7377.049180327869
60 Lac ,Ready to Move,Resale,Furnished,North - East,"Garden/Park, Main Road",Freehold,6000000.0,1200.0,6.0,2.0,1.0,1.0,ahmedabad,5000.0
65 Lac ,Ready to Move,Resale,Unfurnished,East,Garden/Park,Freehold,6500000.0,900.0,8.0,2.0,1.0,1.0,ahmedabad,7222.222222222223
2.25 Cr ,Ready to Move,Resale,Furnished,East,Garden/Park,Freehold,22500000.0,2610.0,8.0,3.0,0.0,2.0,ahmedabad,8620.689655172413
65 Lac ,Ready to Move,New Property,Semi-Furnished,East,Main Road,Freehold,6500000.0,812.0,6.0,2.0,2.0,0.0,ahmedabad,8004.926108374384
80 Lac ,Ready to Move,Resale,Unfurnished,South - East,"Garden/Park, Main Road",Freehold,8000000.0,888.0,13.0,2.0,1.0,0.0,ahmedabad,9009.009009009009
2.10 Cr ,Ready to Move,Resale,Unfurnished,East,"Garden/Park, Main Road",Freehold,21000000.0,1500.0,5.0,4.0,1.0,2.0,ahmedabad,14000.0
1.80 Cr ,Ready to Move,Resale,Unfurnished,East,"Garden/Park, Main Road",Freehold,18000000.0,1665.0,7.0,4.0,2.0,2.0,ahmedabad,10810.81081081081
55 Lac ,Ready to Move,Resale,Semi-Furnished,,,,5500000.0,1280.0,7.0,2.0,0.0,0.0,ahmedabad,4296.875
55 Lac ,Ready to Move,Resale,Unfurnished,,,,5500000.0,1215.0,6.0,2.0,0.0,0.0,ahmedabad,4526.748971193416
1.75 Cr ,Ready to Move,Resale,Furnished,,,,17500000.0,3600.0,6.0,2.0,0.0,0.0,ahmedabad,4861.111111111111
60 Lac ,Ready to Move,Resale,Unfurnished,West,"Main Road, Garden/Park",Freehold,6000000.0,835.0,7.0,3.0,1.0,1.0,ahmedabad,7185.62874251497
2.70 Cr ,Ready to Move,New Property,Unfurnished,,,,27000000.0,1773.0,21.0,4.0,2.0,0.0,ahmedabad,15228.426395939086
1.20 Cr ,Ready to Move,Resale,Furnished,East,Garden/Park,Freehold,12000000.0,1200.0,7.0,3.0,1.0,1.0,ahmedabad,10000.0
40 Lac ,Ready to Move,Resale,Unfurnished,South - East,Main Road,Freehold,4000000.0,630.0,1.0,2.0,1.0,0.0,ahmedabad,6349.206349206349
75 Lac ,Ready to Move,New Property,Furnished,East,,Co-operative Society,7500000.0,722.0,12.0,2.0,0.0,0.0,ahmedabad,10387.811634349031
87 Lac ,Ready to Move,New Property,Unfurnished,East,"Garden/Park, Main Road",Freehold,8700000.0,1080.0,3.0,3.0,2.0,0.0,ahmedabad,8055.555555555556
85 Lac ,Ready to Move,Resale,Furnished,,,,8500000.0,1485.0,4.0,3.0,3.0,0.0,ahmedabad,5723.905723905724
55 Lac ,Ready to Move,New Property,Unfurnished,East,"Garden/Park, Main Road",Freehold,5500000.0,820.0,5.0,3.0,1.0,0.0,ahmedabad,6707.317073170731
50 Lac ,Ready to Move,Resale,Unfurnished,,,,5000000.0,1200.0,5.0,2.0,2.0,0.0,ahmedabad,4166.666666666667
65 Lac ,Ready to Move,Resale,Furnished,East,"Garden/Park, Main Road",Freehold,6500000.0,1233.0,9.0,3.0,2.0,1.0,ahmedabad,5271.69505271695
61.7 Lac ,Ready to Move,New Property,Unfurnished,East,Main Road,Freehold,6170000.0,1435.0,12.0,3.0,2.0,1.0,ahmedabad,4299.651567944251
75 Lac ,Ready to Move,Resale,Furnished,East,Garden/Park,Co-operative Society,7500000.0,1000.0,3.0,2.0,2.0,0.0,ahmedabad,7500.0
70 Lac ,Ready to Move,Resale,Furnished,,Garden/Park,,7000000.0,1065.0,1.0,2.0,0.0,0.0,ahmedabad,6572.769953051643
43 Lac ,Ready to Move,Resale,Semi-Furnished,East,"Garden/Park, Main Road",Freehold,4300000.0,750.0,3.0,2.0,1.0,1.0,ahmedabad,5733.333333333333
42.4 Lac ,Ready to Move,New Property,Unfurnished,North - East,Garden/Park,Freehold,4240000.0,633.0,9.0,2.0,0.0,1.0,ahmedabad,6698.26224328594
41 Lac ,Ready to Move,New Property,Unfurnished,North - East,Main Road,Freehold,4100000.0,633.0,12.0,2.0,0.0,1.0,ahmedabad,6477.093206951027
42 Lac ,Ready to Move,New Property,Unfurnished,North - East,Garden/Park,Freehold,4200000.0,633.0,12.0,2.0,0.0,1.0,ahmedabad,6635.071090047393
2.40 Cr ,Ready to Move,New Property,Furnished,East,Garden/Park,Freehold,24000000.0,2700.0,12.0,4.0,2.0,2.0,ahmedabad,8888.888888888889
55 Lac ,Ready to Move,Resale,Unfurnished,East,Main Road,Freehold,5500000.0,758.0,10.0,2.0,1.0,1.0,ahmedabad,7255.936675461741
65 Lac ,Ready to Move,Resale,Unfurnished,East,Main Road,Freehold,6500000.0,1197.0,5.0,2.0,1.0,0.0,ahmedabad,5430.242272347536
43.6 Lac ,Ready to Move,New Property,Unfurnished,East,"Garden/Park, Pool, Main Road",Freehold,4360000.0,665.0,8.0,2.0,1.0,1.0,ahmedabad,6556.390977443609
60 Lac ,Ready to Move,Resale,Furnished,East,Main Road,Freehold,6000000.0,950.0,3.0,2.0,2.0,1.0,ahmedabad,6315.789473684211
1.55 Cr ,Ready to Move,Resale,Furnished,North - East,"Garden/Park, Main Road",Freehold,15500000.0,1401.0,11.0,3.0,2.0,1.0,ahmedabad,11063.526052819414
95 Lac ,Ready to Move,Resale,Furnished,East,Main Road,Freehold,9500000.0,1193.0,5.0,3.0,1.0,1.0,ahmedabad,7963.118189438391
54.9 Lac ,Ready to Move,New Property,Unfurnished,East,"Garden/Park, Pool, Main Road",Freehold,5490000.0,816.0,7.0,3.0,1.0,1.0,ahmedabad,6727.941176470588
91 Lac ,Ready to Move,Resale,Semi-Furnished,East,,Freehold,9100000.0,1488.0,3.0,3.0,3.0,0.0,ahmedabad,6115.591397849463
1.25 Cr ,Ready to Move,Resale,Furnished,,,,12500000.0,2061.0,0.0,4.0,0.0,1.0,ahmedabad,6065.016982047549
30 Lac ,Ready to Move,Resale,Unfurnished,,,,3000000.0,1000.0,6.0,2.0,0.0,0.0,ahmedabad,3000.0
1.60 Cr ,Ready to Move,Resale,Unfurnished,North - East,Garden/Park,Freehold,16000000.0,1345.0,9.0,3.0,1.0,1.0,ahmedabad,11895.910780669145
89 Lac ,Ready to Move,Resale,Unfurnished,,,,8900000.0,1500.0,13.0,3.0,0.0,0.0,ahmedabad,5933.333333333333
78.5 Lac ,Ready to Move,Resale,Unfurnished,East,,Freehold,7850000.0,948.0,11.0,3.0,1.0,1.0,ahmedabad,8280.590717299578
40 Lac ,Ready to Move,Resale,Semi-Furnished,,,,4000000.0,1116.0,4.0,2.0,0.0,0.0,ahmedabad,3584.2293906810037
3.50 Cr ,Ready to Move,Resale,Furnished,East,Main Road,Freehold,35000000.0,4500.0,2.0,4.0,4.0,3.0,ahmedabad,7777.777777777777
78 Lac ,Ready to Move,Resale,Unfurnished,,,,7800000.0,1845.0,9.0,3.0,0.0,0.0,ahmedabad,4227.642276422765
2.10 Cr ,Ready to Move,Resale,Unfurnished,East,"Garden/Park, Main Road",Freehold,21000000.0,1920.0,7.0,4.0,1.0,1.0,ahmedabad,10937.5
2.30 Cr ,Ready to Move,Resale,Unfurnished,East,"Garden/Park, Main Road",Freehold,23000000.0,2500.0,10.0,4.0,1.0,0.0,ahmedabad,9200.0
41 Lac ,Ready to Move,Resale,Unfurnished,West,"Garden/Park, Main Road",Freehold,4100000.0,800.0,,2.0,1.0,0.0,ahmedabad,5125.0
1.55 Cr ,Ready to Move,Resale,Furnished,East,"Garden/Park, Main Road",Freehold,15500000.0,2000.0,10.0,4.0,2.0,1.0,ahmedabad,7750.0
4.75 Cr ,Ready to Move,Resale,Unfurnished,North - East,"Garden/Park, Main Road",Freehold,47500000.0,5000.0,7.0,5.0,1.0,0.0,ahmedabad,9500.0
52 Lac ,Ready to Move,Resale,Semi-Furnished,East,"Garden/Park, Main Road",Freehold,5200000.0,1350.0,1.0,2.0,1.0,1.0,ahmedabad,3851.8518518518517
48.4 Lac ,Ready to Move,New Property,Unfurnished,East,"Garden/Park, Main Road",Freehold,4840000.0,1080.0,4.0,3.0,1.0,0.0,ahmedabad,4481.481481481482
68 Lac ,Ready to Move,New Property,Unfurnished,East,Main Road,Freehold,6800000.0,1550.0,9.0,3.0,3.0,1.0,ahmedabad,4387.096774193548
30 Lac ,Ready to Move,Resale,Unfurnished,South - East,,Freehold,3000000.0,675.0,4.0,2.0,1.0,0.0,ahmedabad,4444.444444444444
6.46 Cr ,Ready to Move,Resale,Unfurnished,North,Main Road,Freehold,64600000.0,3000.0,3.0,5.0,1.0,3.0,ahmedabad,21533.333333333332
60 Lac ,Ready to Move,Resale,Unfurnished,East,Main Road,Co-operative Society,6000000.0,522.0,1.0,1.0,0.0,1.0,ahmedabad,11494.252873563219
63.8 Lac ,Ready to Move,New Property,Unfurnished,East,Garden/Park,Freehold,6380000.0,1555.0,3.0,3.0,1.0,1.0,ahmedabad,4102.893890675241
75 Lac ,Ready to Move,Resale,Semi-Furnished,,Garden/Park,Freehold,7500000.0,930.0,2.0,3.0,0.0,0.0,ahmedabad,8064.5161290322585
50 Lac ,Ready to Move,Resale,Unfurnished,,"Pool, Garden/Park",Freehold,5000000.0,1350.0,18.0,2.0,1.0,1.0,ahmedabad,3703.703703703704
35 Lac ,Ready to Move,New Property,Unfurnished,East,"Garden/Park, Pool, Main Road",Freehold,3500000.0,721.0,9.0,1.0,0.0,0.0,ahmedabad,4854.368932038835
32 Lac ,Ready to Move,Resale,Furnished,East,,,3200000.0,765.0,4.0,2.0,2.0,1.0,ahmedabad,4183.006535947712
55 Lac ,Ready to Move,Resale,Unfurnished,,,,5500000.0,1228.0,13.0,2.0,0.0,0.0,ahmedabad,4478.827361563518
67 Lac ,Ready to Move,Resale,Furnished,East,Garden/Park,Freehold,6700000.0,945.0,4.0,2.0,1.0,1.0,ahmedabad,7089.94708994709
1.25 Cr ,Ready to Move,Resale,Furnished,East,Garden/Park,Freehold,12500000.0,1950.0,1.0,3.0,1.0,1.0,ahmedabad,6410.25641025641
47 Lac ,Ready to Move,Resale,Semi-Furnished,,,,4700000.0,1044.0,2.0,2.0,2.0,0.0,ahmedabad,4501.91570881226
1.55 Cr ,Ready to Move,Resale,Furnished,East,,Freehold,15500000.0,1860.0,5.0,3.0,1.0,1.0,ahmedabad,8333.333333333334
1.35 Cr ,Ready to Move,Resale,Furnished,,,,13500000.0,1100.0,5.0,3.0,1.0,0.0,ahmedabad,12272.727272727272
35 Lac ,Ready to Move,Resale,Semi-Furnished,North,Main Road,Freehold,3500000.0,596.0,9.0,2.0,0.0,0.0,ahmedabad,5872.48322147651
75 Lac ,Ready to Move,Resale,Unfurnished,East,"Garden/Park, Pool, Main Road",Co-operative Society,7500000.0,1650.0,3.0,3.0,1.0,1.0,ahmedabad,4545.454545454545
3.25 Cr ,Ready to Move,Resale,Furnished,East,Garden/Park,Freehold,32500000.0,2160.0,4.0,4.0,1.0,2.0,ahmedabad,15046.296296296296
55 Lac ,Ready to Move,Resale,Semi-Furnished,,,,5500000.0,1067.0,5.0,2.0,0.0,0.0,ahmedabad,5154.639175257732
47.5 Lac ,Ready to Move,Resale,Unfurnished,East,Garden/Park,Freehold,4750000.0,819.0,3.0,2.0,1.0,0.0,ahmedabad,5799.7557997558
29 Lac ,Ready to Move,Resale,Unfurnished,,"Garden/Park, Main Road",,2900000.0,137.0,1.0,2.0,2.0,0.0,ahmedabad,21167.883211678833
50 Lac ,Ready to Move,Resale,Furnished,East,"Garden/Park, Main Road",Freehold,5000000.0,720.0,4.0,2.0,2.0,1.0,ahmedabad,6944.444444444444
75 Lac ,Ready to Move,Resale,Unfurnished,East,Garden/Park,Freehold,7500000.0,768.0,2.0,3.0,1.0,0.0,ahmedabad,9765.625
1.30 Cr ,Ready to Move,Resale,Furnished,East,Main Road,Freehold,13000000.0,1260.0,1.0,3.0,1.0,1.0,ahmedabad,10317.460317460318
55 Lac ,Ready to Move,Resale,Semi-Furnished,West,"Garden/Park, Main Road",Freehold,5500000.0,972.0,1.0,2.0,2.0,1.0,ahmedabad,5658.436213991769
1.35 Cr ,Ready to Move,Resale,Unfurnished,East,Garden/Park,Co-operative Society,13500000.0,1600.0,1.0,3.0,2.0,1.0,ahmedabad,8437.5
1.67 Cr ,Ready to Move,New Property,Unfurnished,East,Garden/Park,Freehold,16700000.0,1733.0,8.0,4.0,1.0,3.0,ahmedabad,9636.468551644548
78 Lac ,Ready to Move,Resale,Semi-Furnished,East,Garden/Park,Freehold,7800000.0,1300.0,4.0,3.0,1.0,2.0,ahmedabad,6000.0
35 Lac ,Ready to Move,New Property,Unfurnished,East,"Garden/Park, Pool, Main Road",Freehold,3500000.0,721.0,9.0,2.0,0.0,0.0,ahmedabad,4854.368932038835
73 Lac ,Ready to Move,Resale,Unfurnished,East,Main Road,Freehold,7300000.0,1350.0,1.0,2.0,1.0,1.0,ahmedabad,5407.407407407408
80 Lac ,Ready to Move,Resale,Unfurnished,,,,8000000.0,1485.0,1.0,3.0,0.0,0.0,ahmedabad,5387.2053872053875
90 Lac ,Ready to Move,Resale,Furnished,,,,9000000.0,1530.0,4.0,3.0,0.0,0.0,ahmedabad,5882.35294117647
95 Lac ,Ready to Move,Resale,Furnished,,,,9500000.0,1530.0,4.0,3.0,0.0,0.0,ahmedabad,6209.150326797386
97.5 Lac ,Ready to Move,Resale,Furnished,,,,9750000.0,1530.0,4.0,3.0,0.0,0.0,ahmedabad,6372.549019607844
58 Lac ,Ready to Move,Resale,Unfurnished,,Garden/Park,Freehold,5800000.0,710.0,10.0,2.0,1.0,0.0,ahmedabad,8169.014084507042
2.25 Cr ,Ready to Move,Resale,Unfurnished,East,Garden/Park,Freehold,22500000.0,1450.0,13.0,3.0,1.0,2.0,ahmedabad,15517.241379310344
2 Cr ,Ready to Move,Resale,Unfurnished,West,Main Road,Freehold,20000000.0,1872.0,2.0,4.0,2.0,2.0,ahmedabad,10683.760683760684
47.5 Lac ,Ready to Move,Resale,Furnished,,,,4750000.0,1200.0,1.0,2.0,1.0,0.0,ahmedabad,3958.3333333333335
35 Lac ,Ready to Move,Resale,Unfurnished,,,,3500000.0,675.0,1.0,2.0,1.0,0.0,ahmedabad,5185.185185185185
52 Lac ,Ready to Move,Resale,Semi-Furnished,,,,5200000.0,1130.0,1.0,2.0,0.0,0.0,ahmedabad,4601.769911504425
22.4 Lac ,Ready to Move,New Property,Unfurnished,North - East,Main Road,Freehold,2240000.0,358.0,5.0,1.0,0.0,1.0,ahmedabad,6256.983240223463
55 Lac ,Ready to Move,Resale,Semi-Furnished,North - East,"Garden/Park, Pool, Main Road",Freehold,5500000.0,700.0,5.0,2.0,1.0,1.0,ahmedabad,7857.142857142857
28 Lac ,Ready to Move,Resale,Unfurnished,,,,2800000.0,900.0,0.0,1.0,0.0,0.0,ahmedabad,3111.1111111111113
3.47 Cr ,Ready to Move,Resale,Unfurnished,East,Main Road,Freehold,34700000.0,2085.0,12.0,4.0,1.0,3.0,ahmedabad,16642.685851318944
72 Lac ,Ready to Move,Resale,Unfurnished,East,Garden/Park,Freehold,7200000.0,1111.0,8.0,3.0,2.0,1.0,ahmedabad,6480.648064806481
1.12 Cr ,Ready to Move,Resale,Unfurnished,East,"Garden/Park, Pool, Main Road",Freehold,11200000.000000002,2041.0,7.0,3.0,1.0,2.0,ahmedabad,5487.506124448801
72 Lac ,Ready to Move,Resale,Semi-Furnished,East,"Pool, Garden/Park",Freehold,7200000.0,700.0,7.0,3.0,1.0,1.0,ahmedabad,10285.714285714286
56.5 Lac ,Ready to Move,Resale,Unfurnished,East,,Freehold,5650000.0,743.0,4.0,2.0,1.0,0.0,ahmedabad,7604.306864064603
2.88 Cr ,Ready to Move,Resale,Unfurnished,West,Garden/Park,Freehold,28800000.0,2704.0,3.0,6.0,1.0,3.0,ahmedabad,10650.887573964497
80 Lac ,Ready to Move,Resale,Unfurnished,,,,8000000.0,1650.0,5.0,3.0,2.0,0.0,ahmedabad,4848.484848484848
1.01 Cr ,Ready to Move,New Property,Unfurnished,West,Garden/Park,Freehold,10100000.0,2030.0,10.0,3.0,1.0,1.0,ahmedabad,4975.369458128079
1.25 Cr ,Ready to Move,Resale,Furnished,North - East,"Garden/Park, Main Road",Freehold,12500000.0,1248.0,3.0,2.0,1.0,0.0,ahmedabad,10016.02564102564
60 Lac ,Ready to Move,Resale,Semi-Furnished,East,Main Road,Co-operative Society,6000000.0,945.0,9.0,2.0,2.0,0.0,ahmedabad,6349.206349206349
3 Cr ,Ready to Move,Resale,Semi-Furnished,East,"Pool, Garden/Park, Main Road",Freehold,30000000.0,3000.0,8.0,4.0,1.0,2.0,ahmedabad,10000.0
75 Lac ,Ready to Move,Resale,Furnished,East,"Garden/Park, Main Road",Freehold,7500000.0,1908.0,5.0,3.0,1.0,0.0,ahmedabad,3930.817610062893
90 Lac ,Ready to Move,Resale,Furnished,East,"Garden/Park, Main Road",Freehold,9000000.0,1773.0,4.0,3.0,1.0,0.0,ahmedabad,5076.1421319796955
89.9 Lac ,Ready to Move,Resale,Unfurnished,East,Main Road,Freehold,8990000.0,1450.0,3.0,3.0,2.0,1.0,ahmedabad,6200.0
45 Lac ,Ready to Move,Resale,Semi-Furnished,,,,4500000.0,1135.0,3.0,2.0,0.0,1.0,ahmedabad,3964.7577092511015
2 Cr ,Ready to Move,Resale,Furnished,East,Garden/Park,Freehold,20000000.0,2250.0,1.0,3.0,1.0,1.0,ahmedabad,8888.888888888889
83 Lac ,Ready to Move,Resale,Furnished,South,Garden/Park,Freehold,8300000.0,1130.0,1.0,3.0,2.0,0.0,ahmedabad,7345.132743362832
59 Lac ,Ready to Move,Resale,Furnished,East,"Garden/Park, Main Road",Freehold,5900000.0,1485.0,1.0,3.0,1.0,0.0,ahmedabad,3973.063973063973
65 Lac ,Ready to Move,Resale,Furnished,North,"Garden/Park, Main Road",Freehold,6500000.0,800.0,9.0,2.0,2.0,1.0,ahmedabad,8125.0
80 Lac ,Ready to Move,Resale,Semi-Furnished,,,,8000000.0,1080.0,1.0,2.0,1.0,0.0,ahmedabad,7407.407407407408
2.14 Cr ,Ready to Move,Resale,Furnished,East,,Freehold,21400000.0,1485.0,7.0,3.0,1.0,2.0,ahmedabad,14410.774410774411
6.4 Lac ,Ready to Move,Resale,Semi-Furnished,,,,640000.0,125.0,5.0,2.0,0.0,0.0,ahmedabad,5120.0
60 Lac ,Ready to Move,Resale,Semi-Furnished,,,,6000000.0,1125.0,2.0,2.0,0.0,0.0,ahmedabad,5333.333333333333
70 Lac ,Ready to Move,Resale,Unfurnished,North - East,Garden/Park,Freehold,7000000.0,1709.0,8.0,3.0,1.0,1.0,ahmedabad,4095.962551199532
51 Lac ,Ready to Move,Resale,Semi-Furnished,East,"Garden/Park, Main Road",Freehold,5100000.0,702.0,2.0,2.0,2.0,1.0,ahmedabad,7264.957264957265
85 Lac ,Ready to Move,Resale,Semi-Furnished,West,Garden/Park,Freehold,8500000.0,1440.0,4.0,3.0,1.0,0.0,ahmedabad,5902.777777777777
52 Lac ,Ready to Move,Resale,Semi-Furnished,East,Garden/Park,Freehold,5200000.0,712.0,2.0,2.0,0.0,1.0,ahmedabad,7303.3707865168535
1.35 Cr ,Ready to Move,Resale,Furnished,East,"Garden/Park, Main Road",Freehold,13500000.0,828.0,2.0,3.0,1.0,1.0,ahmedabad,16304.347826086956
75 Lac ,Ready to Move,Resale,Unfurnished,,,,7500000.0,1260.0,4.0,3.0,1.0,0.0,ahmedabad,5952.380952380952
85 Lac ,Ready to Move,Resale,Furnished,,,,8500000.0,1260.0,9.0,2.0,4.0,1.0,ahmedabad,6746.0317460317465
1.10 Cr ,Ready to Move,Resale,Semi-Furnished,East,Main Road,Freehold,11000000.0,1600.0,6.0,3.0,2.0,1.0,ahmedabad,6875.0
45 Lac ,Ready to Move,Resale,Unfurnished,,"Garden/Park, Pool, Main Road",,4500000.0,976.0,,2.0,0.0,0.0,ahmedabad,4610.6557377049185
46 Lac ,Ready to Move,New Property,Furnished,East,Garden/Park,Freehold,4600000.0,1206.0,3.0,3.0,2.0,0.0,ahmedabad,3814.262023217247
60 Lac ,Ready to Move,Resale,Furnished,,,,6000000.0,627.0,4.0,2.0,0.0,0.0,ahmedabad,9569.377990430621
1.60 Cr ,Ready to Move,Resale,Furnished,,,,16000000.0,2593.0,8.0,3.0,2.0,0.0,ahmedabad,6170.458927882762
2.10 Cr ,Ready to Move,Resale,Furnished,East,"Garden/Park, Main Road",Freehold,21000000.0,1566.0,2.0,3.0,3.0,2.0,ahmedabad,13409.961685823755
98 Lac ,Ready to Move,Resale,Furnished,East,Main Road,Freehold,9800000.0,1755.0,9.0,3.0,1.0,1.0,ahmedabad,5584.045584045584
4.51 Cr ,Ready to Move,Resale,Unfurnished,East,"Garden/Park, Main Road",Freehold,45100000.0,6944.0,16.0,7.0,1.0,1.0,ahmedabad,6494.815668202765
74 Lac ,Ready to Move,Resale,Furnished,,Main Road,Co-operative Society,7400000.0,900.0,5.0,2.0,0.0,1.0,ahmedabad,8222.222222222223
1.21 Cr ,Ready to Move,Resale,Semi-Furnished,,Garden/Park,,12100000.0,1500.0,2.0,3.0,2.0,0.0,ahmedabad,8066.666666666667
1.60 Cr ,Ready to Move,New Property,Furnished,South - East,Garden/Park,Freehold,16000000.0,1635.0,1.0,3.0,1.0,0.0,ahmedabad,9785.932721712537
59 Lac ,Ready to Move,Resale,Furnished,West,Main Road,Freehold,5900000.0,1170.0,3.0,2.0,2.0,0.0,ahmedabad,5042.735042735043
26 Lac ,Ready to Move,Resale,Semi-Furnished,,,,2600000.0,720.0,4.0,1.0,0.0,0.0,ahmedabad,3611.1111111111113
21.6 Lac ,Ready to Move,Resale,Semi-Furnished,,,,2160000.0,630.0,,2.0,0.0,0.0,ahmedabad,3428.5714285714284
40 Lac ,,Resale,Semi-Furnished,North - West,,,4000000.0,1250.0,3.0,2.0,1.0,0.0,ahmedabad,3200.0
2.40 Cr ,Ready to Move,New Property,Unfurnished,East,Garden/Park,Freehold,24000000.0,2124.0,7.0,4.0,1.0,2.0,ahmedabad,11299.435028248588
41.3 Lac ,Ready to Move,Resale,Semi-Furnished,,,,4129999.9999999995,1125.0,,3.0,0.0,0.0,ahmedabad,3671.111111111111
50 Lac ,Ready to Move,Resale,Unfurnished,East,Main Road,Freehold,5000000.0,642.0,2.0,2.0,1.0,1.0,ahmedabad,7788.16199376947
1 Cr ,Ready to Move,New Property,Furnished,East,"Main Road, Garden/Park, Pool",Freehold,10000000.0,941.0,1.0,3.0,1.0,0.0,ahmedabad,10626.992561105208
1.38 Cr ,Ready to Move,Resale,Unfurnished,East,Garden/Park,Freehold,13799999.999999998,2623.0,5.0,4.0,1.0,1.0,ahmedabad,5261.151353412123
4.50 Cr ,Ready to Move,Resale,Unfurnished,East,"Garden/Park, Main Road",Freehold,45000000.0,3132.0,4.0,4.0,1.0,2.0,ahmedabad,14367.816091954022
1.45 Cr ,Ready to Move,Resale,Furnished,North - East,"Garden/Park, Main Road",Freehold,14500000.0,1107.0,1.0,2.0,2.0,1.0,ahmedabad,13098.464317976513
1.18 Cr ,Ready to Move,Resale,Unfurnished,East,"Garden/Park, Main Road",Freehold,11800000.0,1359.0,8.0,3.0,1.0,2.0,ahmedabad,8682.855040470935
1.35 Cr ,Ready to Move,Resale,Unfurnished,South - East,"Garden/Park, Pool",Freehold,13500000.0,1166.0,7.0,3.0,2.0,0.0,ahmedabad,11578.044596912521
59.2 Lac ,Ready to Move,New Property,Unfurnished,East,"Garden/Park, Main Road",Freehold,5920000.0,900.0,5.0,3.0,1.0,1.0,ahmedabad,6577.777777777777
1.60 Cr ,Ready to Move,Resale,Semi-Furnished,East,Main Road,Freehold,16000000.0,1512.0,8.0,4.0,1.0,0.0,ahmedabad,10582.010582010582
72 Lac ,Ready to Move,Resale,Unfurnished,East,"Garden/Park, Main Road",Freehold,7200000.0,1620.0,3.0,3.0,1.0,0.0,ahmedabad,4444.444444444444
44 Lac ,Ready to Move,Resale,Semi-Furnished,East,"Pool, Garden/Park, Main Road",Freehold,4400000.0,600.0,9.0,2.0,1.0,1.0,ahmedabad,7333.333333333333
24 Lac ,Ready to Move,Resale,Semi-Furnished,East,"Garden/Park, Main Road",Freehold,2400000.0,730.0,2.0,1.0,1.0,0.0,ahmedabad,3287.671232876712
45 Lac ,Ready to Move,New Property,Semi-Furnished,East,"Garden/Park, Main Road",Freehold,4500000.0,1027.0,7.0,2.0,0.0,0.0,ahmedabad,4381.694255111976
2.60 Cr ,Ready to Move,Resale,Furnished,East,Main Road,Power Of Attorney,26000000.0,3918.0,7.0,6.0,2.0,2.0,ahmedabad,6636.038795303726
37 Lac ,Ready to Move,Resale,Unfurnished,North - East,Main Road,Freehold,3700000.0,571.0,6.0,2.0,0.0,0.0,ahmedabad,6479.859894921191
65 Lac ,Ready to Move,Resale,Unfurnished,East,Main Road,Freehold,6500000.0,878.0,4.0,2.0,1.0,0.0,ahmedabad,7403.189066059225
68 Lac ,Ready to Move,Resale,Furnished,East,"Garden/Park, Main Road",Freehold,6800000.0,820.0,1.0,2.0,2.0,1.0,ahmedabad,8292.682926829268
2.63 Cr ,Ready to Move,Resale,Unfurnished,North - East,"Pool, Garden/Park, Main Road",Freehold,26300000.0,4385.0,9.0,4.0,1.0,0.0,ahmedabad,5997.7194982896235
80 Lac ,Ready to Move,Resale,Semi-Furnished,East,Main Road,Freehold,8000000.0,1700.0,11.0,3.0,1.0,0.0,ahmedabad,4705.882352941177
57 Lac ,Ready to Move,Resale,Semi-Furnished,East,Garden/Park,Freehold,5700000.0,1220.0,11.0,2.0,1.0,1.0,ahmedabad,4672.131147540984
73.3 Lac ,Ready to Move,New Property,Unfurnished,East,"Garden/Park, Main Road",Freehold,7330000.0,936.0,5.0,3.0,1.0,1.0,ahmedabad,7831.196581196581
85 Lac ,Ready to Move,Resale,Furnished,North - East,,Freehold,8500000.0,1485.0,8.0,3.0,1.0,1.0,ahmedabad,5723.905723905724
1.44 Cr ,Ready to Move,Resale,Unfurnished,East,Garden/Park,Freehold,14400000.0,1450.0,5.0,4.0,1.0,2.0,ahmedabad,9931.034482758621
2.50 Cr ,Ready to Move,Resale,Furnished,East,,Freehold,25000000.0,1470.0,10.0,3.0,1.0,1.0,ahmedabad,17006.802721088436
3.50 Cr ,Ready to Move,Resale,Furnished,East,"Garden/Park, Pool, Main Road",Freehold,35000000.0,2300.0,-1.0,4.0,2.0,2.0,ahmedabad,15217.391304347826
85 Lac ,Ready to Move,Resale,Semi-Furnished,,,,8500000.0,1530.0,3.0,3.0,2.0,0.0,ahmedabad,5555.555555555556
2.70 Cr ,Ready to Move,Resale,Unfurnished,North - East,"Garden/Park, Main Road",Freehold,27000000.0,3538.0,11.0,4.0,1.0,0.0,ahmedabad,7631.430186546071
32.5 Lac ,Ready to Move,Resale,Unfurnished,,,,3250000.0,900.0,2.0,2.0,2.0,0.0,ahmedabad,3611.1111111111113
65 Lac ,Ready to Move,Resale,Furnished,East,Garden/Park,Freehold,6500000.0,950.0,2.0,3.0,1.0,1.0,ahmedabad,6842.105263157895
75 Lac ,Ready to Move,Resale,Unfurnished,East,Garden/Park,Freehold,7500000.0,990.0,3.0,2.0,2.0,0.0,ahmedabad,7575.757575757576
2.13 Cr ,Ready to Move,Resale,Furnished,East,,Freehold,21300000.0,1485.0,8.0,3.0,1.0,2.0,ahmedabad,14343.434343434343
70 Lac ,Ready to Move,Resale,Semi-Furnished,,,,7000000.0,1260.0,5.0,3.0,0.0,0.0,ahmedabad,5555.555555555556
26 Lac ,Ready to Move,Resale,Unfurnished,East,"Garden/Park, Main Road",Freehold,2600000.0,646.0,14.0,1.0,1.0,0.0,ahmedabad,4024.7678018575853
2.29 Cr ,Ready to Move,Resale,Unfurnished,East,Garden/Park,Freehold,22900000.0,1850.0,10.0,5.0,1.0,3.0,ahmedabad,12378.378378378378
84 Lac ,Ready to Move,Resale,Unfurnished,East,Garden/Park,Co-operative Society,8400000.0,1620.0,4.0,2.0,2.0,1.0,ahmedabad,5185.185185185185
1.40 Cr ,Ready to Move,Resale,Furnished,North,Main Road,Freehold,14000000.0,1250.0,1.0,3.0,1.0,0.0,ahmedabad,11200.0
1.20 Cr ,Ready to Move,Resale,Unfurnished,South - East,Main Road,Freehold,12000000.0,940.0,4.0,3.0,1.0,0.0,ahmedabad,12765.95744680851
1.20 Cr ,Ready to Move,New Property,Unfurnished,South,Garden/Park,Freehold,12000000.0,1620.0,4.0,3.0,2.0,0.0,ahmedabad,7407.407407407408
50 Lac ,Ready to Move,Resale,Semi-Furnished,,,,5000000.0,1039.0,1.0,2.0,2.0,0.0,ahmedabad,4812.319538017325
44.5 Lac ,Ready to Move,Resale,Unfurnished,East,Garden/Park,Freehold,4450000.0,712.0,8.0,2.0,0.0,1.0,ahmedabad,6250.0
98 Lac ,Ready to Move,Resale,Semi-Furnished,East,Garden/Park,Freehold,9800000.0,1440.0,1.0,3.0,3.0,1.0,ahmedabad,6805.555555555556
24 Lac ,Ready to Move,Resale,Semi-Furnished,East,Garden/Park,Co-operative Society,2400000.0,646.0,1.0,1.0,1.0,0.0,ahmedabad,3715.170278637771
48 Lac ,Ready to Move,Resale,Furnished,East,"Garden/Park, Main Road",Freehold,4800000.0,585.0,3.0,2.0,1.0,1.0,ahmedabad,8205.128205128205
1.40 Cr ,Ready to Move,Resale,Unfurnished,North - West,Garden/Park,Freehold,14000000.0,1285.0,1.0,3.0,1.0,1.0,ahmedabad,10894.941634241246
60 Lac ,Ready to Move,Other,Semi-Furnished,,,,6000000.0,1260.0,4.0,3.0,0.0,0.0,ahmedabad,4761.9047619047615
95 Lac ,Ready to Move,Resale,Semi-Furnished,,,,9500000.0,1710.0,1.0,3.0,0.0,0.0,ahmedabad,5555.555555555556
4.96 Cr ,Ready to Move,Resale,Unfurnished,East,,Freehold,49600000.0,5225.0,8.0,5.0,1.0,4.0,ahmedabad,9492.822966507178
56 Lac ,Ready to Move,New Property,Unfurnished,East,"Garden/Park, Main Road",Freehold,5600000.0,702.0,5.0,2.0,1.0,1.0,ahmedabad,7977.207977207977
2.59 Cr ,Ready to Move,Resale,Unfurnished,East,"Garden/Park, Main Road",Freehold,25900000.0,2000.0,6.0,5.0,1.0,3.0,ahmedabad,12950.0
65 Lac ,Ready to Move,New Property,Unfurnished,East,"Garden/Park, Main Road",Freehold,6500000.0,930.0,1.0,3.0,1.0,1.0,ahmedabad,6989.247311827957
1.45 Cr ,Ready to Move,Resale,Furnished,East,"Garden/Park, Main Road",Freehold,14500000.0,2000.0,11.0,3.0,2.0,1.0,ahmedabad,7250.0
2.60 Cr ,Ready to Move,Resale,Furnished,East,"Pool, Garden/Park, Main Road",Freehold,26000000.0,3780.0,2.0,4.0,2.0,2.0,ahmedabad,6878.306878306878
55 Lac ,Ready to Move,Resale,Unfurnished,East,Garden/Park,Co-operative Society,5500000.0,792.0,0.0,1.0,1.0,0.0,ahmedabad,6944.444444444444
55 Lac ,Ready to Move,Resale,Furnished,,,,5500000.0,981.0,3.0,2.0,2.0,0.0,ahmedabad,5606.523955147808
72 Lac ,Ready to Move,Resale,Semi-Furnished,North - East,Main Road,Co-operative Society,7200000.0,1550.0,4.0,2.0,2.0,0.0,ahmedabad,4645.1612903225805
70 Lac ,Ready to Move,Resale,Furnished,,,,7000000.0,1215.0,1.0,2.0,0.0,0.0,ahmedabad,5761.316872427984
23 Lac ,Ready to Move,New Property,Unfurnished,,,,2300000.0,635.0,8.0,1.0,0.0,0.0,ahmedabad,3622.047244094488
24 Lac ,Ready to Move,Resale,Unfurnished,,,,2400000.0,640.0,5.0,2.0,0.0,0.0,ahmedabad,3750.0
26 Lac ,Ready to Move,Resale,Unfurnished,,,,2600000.0,640.0,5.0,1.0,0.0,0.0,ahmedabad,4062.5
26.5 Lac ,Ready to Move,Resale,Unfurnished,,,,2650000.0,650.0,13.0,1.0,0.0,0.0,ahmedabad,4076.923076923077
26.5 Lac ,Ready to Move,New Property,Unfurnished,,,,2650000.0,640.0,5.0,1.0,0.0,0.0,ahmedabad,4140.625
55 Lac ,Ready to Move,Resale,Furnished,,,,5500000.0,1125.0,3.0,2.0,0.0,0.0,ahmedabad,4888.888888888889
1.40 Cr ,Ready to Move,Resale,Semi-Furnished,North - East,Garden/Park,Freehold,14000000.0,1112.0,2.0,3.0,1.0,1.0,ahmedabad,12589.928057553956
1 Cr ,Ready to Move,Resale,Semi-Furnished,North,Main Road,Freehold,10000000.0,1100.0,9.0,3.0,1.0,1.0,ahmedabad,9090.90909090909
2.60 Cr ,Ready to Move,Resale,Unfurnished,East,"Garden/Park, Main Road",Freehold,26000000.0,1575.0,4.0,4.0,1.0,1.0,ahmedabad,16507.93650793651
16.5 Lac ,Ready to Move,Resale,Unfurnished,East,"Garden/Park, Pool, Main Road",Freehold,1650000.0,504.0,,2.0,0.0,0.0,ahmedabad,3273.809523809524
45 Lac ,Ready to Move,Resale,Semi-Furnished,,Garden/Park,Freehold,4500000.0,1200.0,4.0,2.0,1.0,0.0,ahmedabad,3750.0
1.34 Cr ,Ready to Move,New Property,Unfurnished,North - East,Garden/Park,Freehold,13400000.0,1134.0,6.0,3.0,1.0,1.0,ahmedabad,11816.57848324515
1.32 Cr ,Ready to Move,Resale,Unfurnished,East,Garden/Park,Freehold,13200000.0,1186.0,10.0,3.0,1.0,2.0,ahmedabad,11129.848229342328
72 Lac ,Ready to Move,Resale,Unfurnished,East,"Garden/Park, Pool, Main Road",Freehold,7200000.0,1123.0,8.0,3.0,2.0,1.0,ahmedabad,6411.39804096171
73 Lac ,Ready to Move,New Property,Unfurnished,East,Garden/Park,Freehold,7300000.0,1651.0,7.0,3.0,1.0,1.0,ahmedabad,4421.562689279224
72 Lac ,Ready to Move,Resale,Furnished,East,,Freehold,7200000.0,800.0,2.0,2.0,1.0,2.0,ahmedabad,9000.0
73 Lac ,Ready to Move,Resale,Unfurnished,East,"Garden/Park, Pool, Main Road",Freehold,7300000.0,1123.0,8.0,3.0,2.0,1.0,ahmedabad,6500.445235975067
53 Lac ,Ready to Move,Resale,Semi-Furnished,North - East,"Garden/Park, Main Road",Freehold,5300000.0,680.0,12.0,2.0,1.0,0.0,ahmedabad,7794.117647058823
1.10 Cr ,Ready to Move,New Property,Unfurnished,East,"Garden/Park, Main Road",Freehold,11000000.0,1150.0,7.0,3.0,1.0,1.0,ahmedabad,9565.217391304348
57 Lac ,Ready to Move,New Property,Unfurnished,East,Main Road,Freehold,5700000.0,616.0,14.0,2.0,0.0,2.0,ahmedabad,9253.246753246753
55 Lac ,Ready to Move,Resale,Semi-Furnished,,,,5500000.0,1791.0,2.0,3.0,0.0,0.0,ahmedabad,3070.9101060859853
4.50 Cr ,Ready to Move,Resale,Furnished,East,"Garden/Park, Main Road",Freehold,45000000.0,2310.0,6.0,4.0,1.0,3.0,ahmedabad,19480.51948051948
1.10 Cr ,Ready to Move,Resale,Unfurnished,South -West,,,11000000.0,2115.0,0.0,2.0,1.0,0.0,ahmedabad,5200.945626477542
1.26 Cr ,Ready to Move,Resale,Unfurnished,East,"Garden/Park, Main Road",Freehold,12600000.0,1251.0,9.0,3.0,1.0,1.0,ahmedabad,10071.942446043166
74 Lac ,Ready to Move,Resale,Unfurnished,East,"Garden/Park, Pool, Main Road",Freehold,7400000.0,1123.0,8.0,3.0,2.0,1.0,ahmedabad,6589.492430988424
72 Lac ,Ready to Move,Resale,Semi-Furnished,East,"Pool, Garden/Park, Main Road",Freehold,7200000.0,850.0,9.0,3.0,1.0,0.0,ahmedabad,8470.588235294117
40 Lac ,Ready to Move,Resale,Unfurnished,,"Garden/Park, Pool, Main Road",Freehold,4000000.0,739.0,,2.0,0.0,0.0,ahmedabad,5412.719891745603
33 Lac ,Ready to Move,Resale,Unfurnished,,,,3300000.0,100.0,3.0,2.0,1.0,1.0,ahmedabad,33000.0
72 Lac ,Ready to Move,Resale,Unfurnished,East,"Garden/Park, Pool, Main Road",Freehold,7200000.0,1202.0,4.0,3.0,1.0,1.0,ahmedabad,5990.016638935108
2.50 Cr ,Ready to Move,Resale,Furnished,East,"Garden/Park, Pool, Main Road",Freehold,25000000.0,1536.0,11.0,4.0,1.0,1.0,ahmedabad,16276.041666666666
45 Lac ,Ready to Move,Resale,Unfurnished,,,,4500000.0,1260.0,5.0,2.0,2.0,0.0,ahmedabad,3571.4285714285716
1.30 Cr ,Ready to Move,Resale,Furnished,North - East,,Freehold,13000000.0,1985.0,2.0,3.0,2.0,1.0,ahmedabad,6549.11838790932
72 Lac ,Ready to Move,Resale,Furnished,,,,7200000.0,1730.0,12.0,3.0,2.0,1.0,ahmedabad,4161.8497109826585
40 Lac ,Ready to Move,Resale,Unfurnished,,,,4000000.0,1200.0,3.0,2.0,0.0,0.0,ahmedabad,3333.3333333333335
81 Lac ,Ready to Move,Resale,Unfurnished,North - East,Garden/Park,Freehold,8100000.0,1730.0,3.0,3.0,1.0,0.0,ahmedabad,4682.0809248554915
3.97 Cr ,Ready to Move,Resale,Unfurnished,East,Garden/Park,Co-operative Society,39700000.0,3225.0,3.0,5.0,1.0,0.0,ahmedabad,12310.077519379845
58 Lac ,Ready to Move,Resale,Semi-Furnished,East,"Garden/Park, Main Road",Freehold,5800000.0,950.0,5.0,3.0,1.0,1.0,ahmedabad,6105.263157894737
70.5 Lac ,Ready to Move,Resale,Unfurnished,East,Garden/Park,Freehold,7050000.0,828.0,7.0,2.0,1.0,1.0,ahmedabad,8514.492753623188
45.5 Lac ,Ready to Move,Resale,Unfurnished,,,,4550000.0,1125.0,2.0,2.0,0.0,0.0,ahmedabad,4044.4444444444443
73 Lac ,Ready to Move,Resale,Unfurnished,East,"Garden/Park, Pool, Main Road",Freehold,7300000.0,1202.0,4.0,3.0,1.0,1.0,ahmedabad,6073.211314475873
60 Lac ,Ready to Move,Resale,Semi-Furnished,East,"Pool, Garden/Park, Main Road",Freehold,6000000.0,810.0,3.0,2.0,0.0,1.0,ahmedabad,7407.407407407408
1.40 Cr ,Ready to Move,Resale,Unfurnished,East,Garden/Park,Freehold,14000000.0,1575.0,1.0,3.0,1.0,2.0,ahmedabad,8888.888888888889
62 Lac ,Ready to Move,Resale,Furnished,North - East,"Garden/Park, Main Road",Freehold,6200000.0,900.0,5.0,3.0,1.0,0.0,ahmedabad,6888.888888888889
1.50 Cr ,Ready to Move,Resale,Unfurnished,,,,15000000.0,1100.0,2.0,3.0,1.0,0.0,ahmedabad,13636.363636363636
43 Lac ,Ready to Move,Resale,Unfurnished,,,Freehold,4300000.0,1100.0,2.0,2.0,2.0,0.0,ahmedabad,3909.090909090909
1.13 Cr ,Ready to Move,New Property,Unfurnished,East,"Garden/Park, Main Road",Freehold,11299999.999999998,1118.0,2.0,3.0,1.0,2.0,ahmedabad,10107.334525939175
1.23 Cr ,Ready to Move,New Property,Unfurnished,East,"Garden/Park, Main Road",Freehold,12300000.0,1215.0,2.0,3.0,1.0,2.0,ahmedabad,10123.456790123457
1.30 Cr ,Ready to Move,New Property,Unfurnished,East,"Garden/Park, Main Road",Freehold,13000000.0,1280.0,2.0,3.0,1.0,2.0,ahmedabad,10156.25
55 Lac ,Ready to Move,Resale,Unfurnished,North - East,"Garden/Park, Main Road",Freehold,5500000.0,900.0,-1.0,3.0,0.0,501.0,ahmedabad,6111.111111111111
85 Lac ,Ready to Move,Resale,Furnished,East,"Garden/Park, Main Road",Freehold,8500000.0,2450.0,10.0,3.0,3.0,0.0,ahmedabad,3469.387755102041
3.50 Cr ,Ready to Move,Resale,Furnished,East,Main Road,Freehold,35000000.0,2205.0,1.0,4.0,1.0,2.0,ahmedabad,15873.015873015873
67 Lac ,Ready to Move,Resale,Semi-Furnished,North,,Co-operative Society,6700000.0,890.0,,2.0,1.0,1.0,ahmedabad,7528.08988764045
74 Lac ,Ready to Move,Resale,Unfurnished,East,"Garden/Park, Pool, Main Road",Freehold,7400000.0,1202.0,4.0,3.0,1.0,1.0,ahmedabad,6156.4059900166385
60 Lac ,Ready to Move,Resale,Unfurnished,East,"Garden/Park, Main Road",Freehold,6000000.0,1485.0,7.0,3.0,1.0,1.0,ahmedabad,4040.40404040404
1.15 Cr ,Ready to Move,Resale,Unfurnished,North,Garden/Park,Freehold,11500000.0,1463.0,9.0,3.0,3.0,2.0,ahmedabad,7860.56049213944
62 Lac ,Ready to Move,Resale,Furnished,East,"Garden/Park, Main Road",Freehold,6200000.0,874.0,8.0,3.0,2.0,1.0,ahmedabad,7093.821510297483
1.50 Cr ,Ready to Move,Resale,Unfurnished,North - East,,Freehold,15000000.0,1360.0,2.0,3.0,3.0,1.0,ahmedabad,11029.411764705883
57 Lac ,Ready to Move,Resale,Semi-Furnished,,Main Road,Freehold,5700000.0,665.0,6.0,2.0,1.0,1.0,ahmedabad,8571.42857142857
54 Lac ,Ready to Move,Resale,Unfurnished,East,"Garden/Park, Pool, Main Road",Freehold,5400000.0,854.0,,2.0,1.0,0.0,ahmedabad,6323.185011709602
5.60 Cr ,Ready to Move,New Property,Unfurnished,East,"Garden/Park, Pool, Main Road",Freehold,56000000.0,3500.0,4.0,6.0,1.0,4.0,ahmedabad,16000.0
1.52 Cr ,Ready to Move,New Property,Unfurnished,East,Garden/Park,Freehold,15200000.0,1250.0,2.0,3.0,1.0,1.0,ahmedabad,12160.0
65 Lac ,Ready to Move,New Property,Unfurnished,North - East,Main Road,Freehold,6500000.0,900.0,5.0,2.0,2.0,0.0,ahmedabad,7222.222222222223
1.08 Cr ,Ready to Move,New Property,Unfurnished,North - East,Garden/Park,Freehold,10800000.0,924.0,4.0,3.0,2.0,1.0,ahmedabad,11688.311688311689
2.23 Cr ,Ready to Move,Resale,Unfurnished,North,Main Road,Freehold,22300000.0,2050.0,1.0,4.0,1.0,1.0,ahmedabad,10878.048780487805
60 Lac ,Ready to Move,Resale,Unfurnished,North - West,,Freehold,6000000.0,730.0,8.0,2.0,2.0,1.0,ahmedabad,8219.17808219178
60 Lac ,Ready to Move,Resale,Unfurnished,North - East,Garden/Park,Freehold,6000000.0,960.0,7.0,2.0,1.0,0.0,ahmedabad,6250.0
79.9 Lac ,Ready to Move,Resale,Unfurnished,East,Garden/Park,Freehold,7990000.000000001,1053.0,2.0,3.0,2.0,1.0,ahmedabad,7587.844254510922
95 Lac ,Ready to Move,Resale,Unfurnished,South -West,Main Road,Co-operative Society,9500000.0,1233.0,8.0,3.0,3.0,0.0,ahmedabad,7704.785077047851
40 Lac ,Ready to Move,Resale,Furnished,,,,4000000.0,1260.0,1.0,2.0,3.0,0.0,ahmedabad,3174.6031746031745
40.7 Lac ,Ready to Move,New Property,Unfurnished,East,"Garden/Park, Main Road",Freehold,4070000.0000000005,633.0,6.0,2.0,0.0,1.0,ahmedabad,6429.699842022118
65 Lac ,Ready to Move,Resale,Semi-Furnished,,"Garden/Park, Pool",Freehold,6500000.0,936.0,6.0,3.0,2.0,1.0,ahmedabad,6944.444444444444
4.19 Cr ,Ready to Move,Resale,Unfurnished,East,"Garden/Park, Pool",Freehold,41900000.00000001,3000.0,2.0,4.0,1.0,1.0,ahmedabad,13966.66666666667
70 Lac ,Ready to Move,Resale,Unfurnished,East,Garden/Park,Freehold,7000000.0,800.0,5.0,3.0,1.0,1.0,ahmedabad,8750.0
3.26 Cr ,Ready to Move,New Property,Unfurnished,East,"Pool, Garden/Park, Main Road",Freehold,32599999.999999996,3580.0,6.0,5.0,3.0,2.0,ahmedabad,9106.145251396647
50 Lac ,Ready to Move,Resale,Furnished,North,,Freehold,5000000.0,1125.0,8.0,2.0,0.0,1.0,ahmedabad,4444.444444444444
45 Lac ,Ready to Move,Resale,Unfurnished,North - East,"Garden/Park, Main Road",Freehold,4500000.0,1100.0,2.0,3.0,2.0,1.0,ahmedabad,4090.909090909091
65 Lac ,Ready to Move,Resale,Unfurnished,East,Garden/Park,Freehold,6500000.0,880.0,8.0,3.0,2.0,1.0,ahmedabad,7386.363636363636
1.35 Cr ,Ready to Move,Resale,Furnished,East,"Garden/Park, Main Road",Freehold,13500000.0,1328.0,8.0,3.0,1.0,2.0,ahmedabad,10165.66265060241
2.15 Cr ,Ready to Move,Resale,Furnished,East,Garden/Park,Freehold,21500000.0,3906.0,7.0,3.0,2.0,0.0,ahmedabad,5504.352278545827
99 Lac ,Ready to Move,Resale,Unfurnished,,"Garden/Park, Pool, Main Road",Freehold,9900000.0,1115.0,,3.0,2.0,0.0,ahmedabad,8878.923766816144
1.40 Cr ,Ready to Move,Resale,Furnished,East,,Freehold,14000000.0,2050.0,4.0,3.0,1.0,1.0,ahmedabad,6829.268292682927
57.5 Lac ,Ready to Move,Resale,Unfurnished,East,Main Road,Freehold,5750000.0,760.0,7.0,2.0,1.0,1.0,ahmedabad,7565.789473684211
45 Lac ,Ready to Move,Resale,Semi-Furnished,West,,,4500000.0,990.0,6.0,2.0,2.0,2.0,ahmedabad,4545.454545454545
85 Lac ,Ready to Move,Resale,Unfurnished,East,Main Road,Freehold,8500000.0,1136.0,3.0,3.0,1.0,2.0,ahmedabad,7482.394366197183
36 Lac ,Ready to Move,Resale,Furnished,North,,Freehold,3600000.0,450.0,4.0,1.0,1.0,1.0,ahmedabad,8000.0
1.66 Cr ,Ready to Move,Resale,Unfurnished,East,Garden/Park,Freehold,16600000.0,3270.0,17.0,4.0,1.0,0.0,ahmedabad,5076.452599388379
3.25 Cr ,Ready to Move,New Property,Furnished,,,Freehold,32500000.0,3600.0,3.0,4.0,1.0,1.0,ahmedabad,9027.777777777777
86 Lac ,Ready to Move,Resale,Semi-Furnished,East,Garden/Park,Freehold,8600000.0,1107.0,7.0,3.0,2.0,1.0,ahmedabad,7768.7443541102075
58 Lac ,Ready to Move,New Property,Semi-Furnished,East,,Freehold,5800000.0,728.0,1.0,2.0,0.0,0.0,ahmedabad,7967.0329670329675
1.30 Cr ,Ready to Move,Resale,Furnished,,,Co-operative Society,13000000.0,1650.0,2.0,2.0,1.0,0.0,ahmedabad,7878.787878787879
62 Lac ,Ready to Move,Resale,Semi-Furnished,South - East,Main Road,Leasehold,6200000.0,850.0,3.0,2.0,0.0,0.0,ahmedabad,7294.117647058823
65 Lac ,Ready to Move,Resale,Furnished,West,"Garden/Park, Main Road",Freehold,6500000.0,950.0,4.0,2.0,1.0,1.0,ahmedabad,6842.105263157895
1.79 Cr ,Ready to Move,Resale,Unfurnished,North - East,,Freehold,17900000.0,3270.0,17.0,4.0,2.0,1.0,ahmedabad,5474.006116207951
1.99 Cr ,Ready to Move,Resale,Furnished,East,,Freehold,19900000.0,2790.0,4.0,6.0,0.0,1.0,ahmedabad,7132.616487455197
65 Lac ,Ready to Move,Resale,Unfurnished,East,"Garden/Park, Main Road",Freehold,6500000.0,1368.0,5.0,2.0,1.0,1.0,ahmedabad,4751.461988304093
65 Lac ,Ready to Move,Resale,Unfurnished,East,Main Road,Freehold,6500000.0,900.0,4.0,3.0,1.0,1.0,ahmedabad,7222.222222222223
1.50 Cr ,Ready to Move,Resale,Unfurnished,East,"Garden/Park, Main Road",Freehold,15000000.0,1350.0,2.0,3.0,1.0,2.0,ahmedabad,11111.111111111111
67 Lac ,Ready to Move,Resale,Semi-Furnished,East,"Garden/Park, Pool, Main Road",Co-operative Society,6700000.0,1102.0,2.0,2.0,2.0,1.0,ahmedabad,6079.854809437386
95 Lac ,Ready to Move,Resale,Semi-Furnished,,,,9500000.0,1140.0,7.0,3.0,1.0,0.0,ahmedabad,8333.333333333334
1.29 Cr ,Ready to Move,New Property,Unfurnished,East,Main Road,Freehold,12900000.0,1503.0,3.0,3.0,1.0,0.0,ahmedabad,8582.834331337326
75 Lac ,Ready to Move,Resale,Furnished,East,"Garden/Park, Main Road",Freehold,7500000.0,808.0,5.0,3.0,1.0,1.0,ahmedabad,9282.178217821782
90 Lac ,Ready to Move,Resale,Semi-Furnished,North - East,Garden/Park,Freehold,9000000.0,1486.0,5.0,3.0,1.0,0.0,ahmedabad,6056.527590847913
3.02 Cr ,Ready to Move,Resale,Unfurnished,East,Garden/Park,Freehold,30200000.0,4508.0,11.0,5.0,2.0,2.0,ahmedabad,6699.201419698314
70 Lac ,Ready to Move,Resale,Unfurnished,East,"Garden/Park, Pool, Main Road",Freehold,7000000.0,1202.0,4.0,3.0,1.0,1.0,ahmedabad,5823.627287853577
2.50 Cr ,Ready to Move,Resale,Unfurnished,East,"Garden/Park, Main Road",Co-operative Society,25000000.0,2200.0,4.0,4.0,1.0,2.0,ahmedabad,11363.636363636364
61 Lac ,Ready to Move,New Property,Unfurnished,East,"Garden/Park, Main Road",Freehold,6100000.0,731.0,6.0,3.0,2.0,0.0,ahmedabad,8344.733242134063
55 Lac ,Ready to Move,Resale,Semi-Furnished,South -West,Main Road,Freehold,5500000.0,1026.0,2.0,2.0,2.0,0.0,ahmedabad,5360.623781676413
55 Lac ,Ready to Move,Resale,Semi-Furnished,,,,5500000.0,882.0,1.0,2.0,2.0,0.0,ahmedabad,6235.827664399093
71 Lac ,Ready to Move,Resale,Unfurnished,East,"Garden/Park, Pool, Main Road",Freehold,7100000.0,1202.0,4.0,3.0,1.0,1.0,ahmedabad,5906.821963394343
70 Lac ,Ready to Move,Resale,Furnished,,,,7000000.0,960.0,3.0,2.0,0.0,0.0,ahmedabad,7291.666666666667
32 Lac ,Ready to Move,Resale,Unfurnished,East,Main Road,Co-operative Society,3200000.0,585.0,1.0,1.0,1.0,0.0,ahmedabad,5470.08547008547
81 Lac ,Ready to Move,Resale,Furnished,East,"Pool, Garden/Park, Main Road",Freehold,8100000.0,891.0,14.0,3.0,1.0,1.0,ahmedabad,9090.90909090909
57 Lac ,Ready to Move,Resale,Unfurnished,East,"Garden/Park, Main Road",Freehold,5700000.0,950.0,5.0,3.0,1.0,0.0,ahmedabad,6000.0
56 Lac ,Ready to Move,Resale,Furnished,West,"Garden/Park, Main Road",Freehold,5600000.0,721.0,7.0,2.0,1.0,1.0,ahmedabad,7766.9902912621355
3.25 Cr ,Ready to Move,Resale,Furnished,East,Main Road,Freehold,32500000.0,2500.0,8.0,4.0,1.0,3.0,ahmedabad,13000.0
1.04 Cr ,Ready to Move,Resale,Unfurnished,East,Garden/Park,Freehold,10400000.0,2013.0,15.0,3.0,1.0,2.0,ahmedabad,5166.4182811723795
49 Lac ,Ready to Move,Resale,Unfurnished,East,"Garden/Park, Pool, Main Road",Freehold,4900000.0,820.0,4.0,2.0,2.0,1.0,ahmedabad,5975.609756097561
42 Lac ,Ready to Move,Resale,Furnished,North,,Co-operative Society,4200000.0,900.0,1.0,2.0,1.0,0.0,ahmedabad,4666.666666666667
2.60 Cr ,Ready to Move,Resale,Semi-Furnished,East,"Garden/Park, Main Road",Co-operative Society,26000000.0,1875.0,1.0,4.0,1.0,2.0,ahmedabad,13866.666666666666
1.50 Cr ,Ready to Move,Resale,Semi-Furnished,East,Garden/Park,Freehold,15000000.0,1530.0,12.0,3.0,2.0,1.0,ahmedabad,9803.921568627451
40 Lac ,Ready to Move,Resale,Semi-Furnished,,,,4000000.0,1053.0,2.0,2.0,1.0,0.0,ahmedabad,3798.670465337132
78.5 Lac ,Ready to Move,New Property,Unfurnished,East,"Garden/Park, Pool, Main Road",Freehold,7850000.0,890.0,5.0,3.0,1.0,1.0,ahmedabad,8820.224719101123
1.31 Cr ,Ready to Move,Resale,Furnished,North - East,,Freehold,13100000.0,1710.0,2.0,3.0,1.0,1.0,ahmedabad,7660.818713450292
1.80 Cr ,Ready to Move,Resale,Furnished,North,Main Road,Freehold,18000000.0,1600.0,6.0,4.0,1.0,2.0,ahmedabad,11250.0
1.56 Cr ,Ready to Move,New Property,Unfurnished,East,"Garden/Park, Main Road",Freehold,15600000.0,1475.0,2.0,4.0,1.0,2.0,ahmedabad,10576.271186440677
3.42 Cr ,Ready to Move,Resale,Unfurnished,East,"Garden/Park, Pool, Main Road",,34200000.0,4350.0,12.0,4.0,0.0,3.0,ahmedabad,7862.068965517241
33 Lac ,Ready to Move,Resale,Unfurnished,East,"Garden/Park, Pool, Main Road",Freehold,3300000.0,850.0,,2.0,1.0,0.0,ahmedabad,3882.3529411764707
3.80 Cr ,Ready to Move,New Property,Unfurnished,East,"Garden/Park, Pool, Main Road",Freehold,38000000.0,2088.0,13.0,5.0,3.0,2.0,ahmedabad,18199.233716475097
42 Lac ,Ready to Move,Resale,Semi-Furnished,North,Main Road,Freehold,4200000.0,720.0,3.0,1.0,2.0,1.0,ahmedabad,5833.333333333333
3.50 Cr ,Ready to Move,Resale,Semi-Furnished,East,"Garden/Park, Main Road",Freehold,35000000.0,991.0,5.0,3.0,2.0,4.0,ahmedabad,35317.860746720486
41 Lac ,Ready to Move,Resale,Furnished,,,,4100000.0,900.0,3.0,2.0,2.0,0.0,ahmedabad,4555.555555555556
1 Cr ,Ready to Move,Resale,Furnished,East,Garden/Park,Freehold,10000000.0,1800.0,7.0,3.0,1.0,1.0,ahmedabad,5555.555555555556
59 Lac ,Ready to Move,Resale,Furnished,East,Main Road,Freehold,5900000.0,1089.0,12.0,2.0,1.0,0.0,ahmedabad,5417.8145087236
37 Lac ,Ready to Move,Resale,Furnished,North - East,Main Road,,3700000.0,926.0,5.0,2.0,1.0,0.0,ahmedabad,3995.6803455723543
55 Lac ,Ready to Move,Resale,Unfurnished,North,"Garden/Park, Main Road",Freehold,5500000.0,945.0,3.0,2.0,2.0,0.0,ahmedabad,5820.10582010582
1.15 Cr ,Ready to Move,New Property,Unfurnished,East,"Garden/Park, Main Road",Freehold,11500000.0,1514.0,7.0,3.0,1.0,1.0,ahmedabad,7595.772787318362
3.50 Cr ,Ready to Move,Resale,Unfurnished,East,"Garden/Park, Main Road",Co-operative Society,35000000.0,3500.0,11.0,4.0,2.0,3.0,ahmedabad,10000.0
2.25 Cr ,Ready to Move,New Property,Semi-Furnished,East,"Pool, Garden/Park, Main Road",,22500000.0,3650.0,3.0,4.0,2.0,0.0,ahmedabad,6164.3835616438355
1.34 Cr ,Ready to Move,New Property,Unfurnished,East,"Garden/Park, Main Road",Freehold,13400000.0,1242.0,4.0,3.0,1.0,1.0,ahmedabad,10789.049919484702
4.75 Cr ,Ready to Move,New Property,Unfurnished,East,"Garden/Park, Main Road",Freehold,47500000.0,3500.0,1.0,5.0,1.0,5.0,ahmedabad,13571.42857142857
1.95 Cr ,Ready to Move,Resale,Unfurnished,,Main Road,Freehold,19500000.0,2600.0,10.0,4.0,3.0,0.0,ahmedabad,7500.0
1.20 Cr ,Ready to Move,Resale,Unfurnished,,,,12000000.0,1980.0,8.0,3.0,1.0,0.0,ahmedabad,6060.606060606061
30 Lac ,Ready to Move,Resale,Unfurnished,North,"Garden/Park, Main Road",Leasehold,3000000.0,592.02,4.0,2.0,2.0,0.0,ahmedabad,5067.396371744198
1.40 Cr ,Ready to Move,Resale,Unfurnished,North - East,Garden/Park,Freehold,14000000.0,1170.0,2.0,3.0,2.0,1.0,ahmedabad,11965.811965811965
65 Lac ,Ready to Move,Resale,Unfurnished,East,,Freehold,6500000.0,976.0,2.0,3.0,2.0,0.0,ahmedabad,6659.836065573771
1.10 Cr ,Ready to Move,Resale,Furnished,East,Garden/Park,Freehold,11000000.0,1655.0,7.0,3.0,2.0,1.0,ahmedabad,6646.525679758308
1.80 Cr ,Ready to Move,New Property,Unfurnished,East,Garden/Park,Co-operative Society,18000000.0,1326.0,5.0,3.0,1.0,2.0,ahmedabad,13574.660633484164
57 Lac ,Ready to Move,Resale,Semi-Furnished,,Main Road,,5700000.0,1394.0,1.0,2.0,2.0,0.0,ahmedabad,4088.9526542324247
39.1 Lac ,Ready to Move,Resale,Semi-Furnished,,,,3910000.0,1035.0,2.0,2.0,0.0,0.0,ahmedabad,3777.777777777778
42 Lac ,Ready to Move,Resale,Unfurnished,East,Garden/Park,Co-operative Society,4200000.0,600.0,4.0,2.0,1.0,1.0,ahmedabad,7000.0
33 Lac ,Ready to Move,Resale,Semi-Furnished,,,,3300000.0,639.0,7.0,1.0,1.0,0.0,ahmedabad,5164.319248826291
1.60 Cr ,Ready to Move,Resale,Furnished,West,Main Road,Freehold,16000000.0,1225.0,3.0,3.0,2.0,1.0,ahmedabad,13061.224489795919
37 Lac ,Ready to Move,Resale,Semi-Furnished,North,,Freehold,3700000.0,720.0,2.0,1.0,1.0,1.0,ahmedabad,5138.888888888889
45 Lac ,Ready to Move,Resale,Semi-Furnished,,,,4500000.0,1000.0,1.0,2.0,0.0,0.0,ahmedabad,4500.0
61 Lac ,Ready to Move,New Property,Unfurnished,North - East,"Garden/Park, Main Road",Freehold,6100000.0,1425.0,5.0,2.0,1.0,1.0,ahmedabad,4280.701754385965
42 Lac ,Ready to Move,Resale,Unfurnished,East,"Pool, Garden/Park",Freehold,4200000.0,1071.0,5.0,2.0,1.0,0.0,ahmedabad,3921.5686274509803
1.80 Cr ,Ready to Move,Resale,Semi-Furnished,East,"Garden/Park, Pool, Main Road",Freehold,18000000.0,1350.0,4.0,3.0,1.0,1.0,ahmedabad,13333.333333333334
3.18 Cr ,Ready to Move,Resale,Furnished,North - East,"Garden/Park, Main Road",Freehold,31800000.0,2349.0,5.0,5.0,1.0,2.0,ahmedabad,13537.675606641124
32 Lac ,Ready to Move,Resale,Semi-Furnished,East,Garden/Park,Freehold,3200000.0,549.0,7.0,1.0,0.0,1.0,ahmedabad,5828.779599271403
1.20 Cr ,Ready to Move,Resale,Unfurnished,East,Garden/Park,Freehold,12000000.0,2050.0,,3.0,1.0,1.0,ahmedabad,5853.658536585366
66 Lac ,Ready to Move,Resale,Unfurnished,East,"Garden/Park, Main Road",Freehold,6600000.0,936.0,1.0,3.0,1.0,1.0,ahmedabad,7051.282051282052
45 Lac ,Ready to Move,Resale,Unfurnished,East,"Garden/Park, Main Road",Freehold,4500000.0,1100.0,8.0,2.0,2.0,1.0,ahmedabad,4090.909090909091
9 Lac ,Ready to Move,Resale,Unfurnished,South - East,Main Road,Freehold,900000.0,29.0,3.0,1.0,1.0,10.0,ahmedabad,31034.48275862069
73.1 Lac ,Ready to Move,New Property,Unfurnished,East,"Main Road, Garden/Park, Pool",Freehold,7309999.999999999,1700.0,7.0,3.0,1.0,1.0,ahmedabad,4299.999999999999
42 Lac ,Ready to Move,Resale,Semi-Furnished,East,"Pool, Garden/Park, Main Road",Freehold,4200000.0,950.0,3.0,2.0,0.0,0.0,ahmedabad,4421.0526315789475
78 Lac ,Ready to Move,Resale,Furnished,,,,7800000.0,1485.0,11.0,2.0,0.0,0.0,ahmedabad,5252.525252525253
36 Lac ,Ready to Move,Resale,Furnished,East,Garden/Park,Co-operative Society,3600000.0,880.0,2.0,2.0,2.0,0.0,ahmedabad,4090.909090909091
94.3 Lac ,Ready to Move,New Property,Unfurnished,East,"Garden/Park, Main Road",Freehold,9430000.0,1482.0,5.0,3.0,1.0,1.0,ahmedabad,6363.02294197031
50 Lac ,Ready to Move,New Property,Semi-Furnished,North - West,Garden/Park,,5000000.0,1350.0,1.0,3.0,4.0,1.0,ahmedabad,3703.703703703704
69.8 Lac ,Ready to Move,New Property,Unfurnished,East,"Main Road, Garden/Park, Pool",Freehold,6980000.0,1550.0,,3.0,1.0,1.0,ahmedabad,4503.225806451613
6 Cr ,Ready to Move,Resale,Furnished,East,"Garden/Park, Main Road",Freehold,60000000.0,2755.0,4.0,5.0,1.0,3.0,ahmedabad,21778.58439201452
36.5 Lac ,Ready to Move,Resale,Unfurnished,East,"Garden/Park, Main Road",Co-operative Society,3650000.0,990.0,6.0,2.0,2.0,0.0,ahmedabad,3686.868686868687
70 Lac ,Ready to Move,Resale,Furnished,East,Garden/Park,Freehold,7000000.0,1100.0,2.0,3.0,3.0,0.0,ahmedabad,6363.636363636364
1.51 Cr ,Ready to Move,Resale,Semi-Furnished,East,Garden/Park,Co-operative Society,15100000.0,1370.0,2.0,3.0,1.0,2.0,ahmedabad,11021.897810218978
31 Lac ,Ready to Move,Resale,Unfurnished,North,"Garden/Park, Main Road",,3100000.0,630.0,1.0,2.0,2.0,0.0,ahmedabad,4920.6349206349205
57.5 Lac ,Ready to Move,Resale,Unfurnished,East,Garden/Park,Freehold,5750000.0,760.0,8.0,2.0,1.0,1.0,ahmedabad,7565.789473684211
1.40 Cr ,Ready to Move,New Property,Unfurnished,East,Main Road,Freehold,14000000.0,1512.0,2.0,3.0,1.0,2.0,ahmedabad,9259.25925925926
52 Lac ,Ready to Move,Resale,,East,"Garden/Park, Main Road",Power Of Attorney,5200000.0,780.0,,2.0,1.0,1.0,ahmedabad,6666.666666666667
78 Lac ,Ready to Move,Resale,Unfurnished,West,Main Road,Freehold,7800000.0,1300.0,12.0,3.0,2.0,0.0,ahmedabad,6000.0
35 Lac ,Ready to Move,Resale,Semi-Furnished,East,,Freehold,3500000.0,667.0,2.0,2.0,1.0,0.0,ahmedabad,5247.376311844078
50 Lac ,Ready to Move,Resale,Unfurnished,,,,5000000.0,1031.0,2.0,2.0,2.0,1.0,ahmedabad,4849.660523763337
64.6 Lac ,Ready to Move,New Property,Unfurnished,East,"Garden/Park, Pool, Main Road",Freehold,6459999.999999999,923.0,14.0,3.0,1.0,1.0,ahmedabad,6998.916576381364
25 Lac ,Ready to Move,Resale,Semi-Furnished,,,,2500000.0,810.0,1.0,1.0,2.0,0.0,ahmedabad,3086.41975308642
75 Lac ,Ready to Move,Resale,Furnished,East,Main Road,Freehold,7500000.0,1200.0,3.0,2.0,1.0,0.0,ahmedabad,6250.0
65 Lac ,Ready to Move,Resale,Semi-Furnished,,Garden/Park,,6500000.0,2106.0,0.0,2.0,2.0,0.0,ahmedabad,3086.41975308642
62 Lac ,Ready to Move,Resale,Semi-Furnished,East,Garden/Park,Freehold,6200000.0,1341.0,1.0,2.0,2.0,1.0,ahmedabad,4623.415361670395
75 Lac ,Ready to Move,Resale,Unfurnished,East,,Co-operative Society,7500000.0,1548.0,0.0,2.0,0.0,0.0,ahmedabad,4844.961240310077
1.50 Cr ,Ready to Move,Resale,Furnished,East,,Co-operative Society,15000000.0,2670.0,2.0,4.0,4.0,1.0,ahmedabad,5617.9775280898875
1.20 Cr ,Ready to Move,Resale,Furnished,,,,12000000.0,2250.0,10.0,3.0,2.0,0.0,ahmedabad,5333.333333333333
1.50 Cr ,Ready to Move,Resale,Furnished,,,,15000000.0,1991.34,13.0,3.0,4.0,0.0,ahmedabad,7532.616228268403
35 Lac ,Ready to Move,Resale,Unfurnished,,,,3500000.0,400.0,4.0,1.0,0.0,0.0,ahmedabad,8750.0
63 Lac ,Ready to Move,Resale,Furnished,,,,6300000.0,1395.0,3.0,3.0,3.0,0.0,ahmedabad,4516.129032258064
80 Lac ,Ready to Move,Resale,Unfurnished,,Main Road,,8000000.0,780.0,3.0,2.0,1.0,0.0,ahmedabad,10256.410256410256
1.21 Cr ,Ready to Move,New Property,Unfurnished,East,Garden/Park,,12100000.0,1089.0,10.0,3.0,1.0,1.0,ahmedabad,11111.111111111111
1.60 Cr ,Ready to Move,Resale,Semi-Furnished,,Main Road,Freehold,16000000.0,1900.0,1.0,4.0,1.0,0.0,ahmedabad,8421.052631578947
1.03 Cr ,Ready to Move,New Property,Unfurnished,East,Main Road,,10300000.0,951.0,7.0,3.0,0.0,1.0,ahmedabad,10830.704521556256
1.50 Cr ,Ready to Move,Resale,Furnished,East,Garden/Park,Freehold,15000000.0,1410.0,3.0,3.0,2.0,1.0,ahmedabad,10638.297872340425
70 Lac ,Ready to Move,Resale,Unfurnished,East,Main Road,Freehold,7000000.0,969.0,3.0,3.0,1.0,1.0,ahmedabad,7223.942208462332
1.45 Cr ,Ready to Move,Resale,Semi-Furnished,,,,14500000.0,2050.0,4.0,3.0,0.0,0.0,ahmedabad,7073.170731707317
3.30 Cr ,Ready to Move,New Property,Unfurnished,,Main Road,,33000000.0,4508.0,12.0,5.0,1.0,0.0,ahmedabad,7320.319432120675
5.61 Cr ,Ready to Move,Resale,Unfurnished,West,Main Road,Freehold,56100000.0,2600.0,10.0,5.0,1.0,0.0,ahmedabad,21576.923076923078
1.30 Cr ,Ready to Move,Resale,Semi-Furnished,North,"Garden/Park, Pool, Main Road",Freehold,13000000.0,1332.0,11.0,3.0,1.0,1.0,ahmedabad,9759.75975975976
35 Lac ,Ready to Move,Resale,Unfurnished,East,"Garden/Park, Main Road",Freehold,3500000.0,693.0,4.0,2.0,1.0,0.0,ahmedabad,5050.50505050505
2.51 Cr ,Ready to Move,Resale,Semi-Furnished,East,"Garden/Park, Main Road",Freehold,25099999.999999996,3447.0,11.0,4.0,1.0,1.0,ahmedabad,7281.694226863939
1.25 Cr ,Ready to Move,Resale,Furnished,East,"Garden/Park, Main Road",Freehold,12500000.0,1250.0,2.0,3.0,2.0,1.0,ahmedabad,10000.0
61 Lac ,Ready to Move,Resale,Unfurnished,,,Freehold,6100000.0,1503.0,12.0,3.0,1.0,0.0,ahmedabad,4058.5495675316033
47 Lac ,Ready to Move,Resale,Unfurnished,,"Garden/Park, Pool, Main Road",,4700000.0,625.0,4.0,2.0,1.0,1.0,ahmedabad,7520.0
3.75 Cr ,Ready to Move,Resale,Furnished,West,"Garden/Park, Pool, Main Road",Freehold,37500000.0,2700.0,9.0,3.0,1.0,0.0,ahmedabad,13888.888888888889
1.30 Cr ,Ready to Move,Resale,Furnished,East,,Freehold,13000000.0,1215.0,2.0,3.0,2.0,1.0,ahmedabad,10699.588477366255
45 Lac ,Ready to Move,Resale,Unfurnished,,,,4500000.0,600.0,5.0,2.0,2.0,0.0,ahmedabad,7500.0
98.6 Lac ,Ready to Move,New Property,Unfurnished,East,"Garden/Park, Main Road",Freehold,9860000.0,1971.0,7.0,3.0,1.0,2.0,ahmedabad,5002.5367833587015
1 Cr ,Ready to Move,Resale,Furnished,East,Main Road,Freehold,10000000.0,1260.0,5.0,3.0,2.0,1.0,ahmedabad,7936.507936507936
25 Lac ,Ready to Move,Resale,Semi-Furnished,,,,2500000.0,630.0,4.0,2.0,1.0,0.0,ahmedabad,3968.253968253968
1.10 Cr ,Ready to Move,Resale,Semi-Furnished,,,,11000000.0,1500.0,1.0,3.0,0.0,0.0,ahmedabad,7333.333333333333
1.10 Cr ,Ready to Move,New Property,Unfurnished,East,Main Road,Freehold,11000000.0,945.0,11.0,3.0,1.0,1.0,ahmedabad,11640.21164021164
99 Lac ,Ready to Move,Resale,Semi-Furnished,,,,9900000.0,2000.0,8.0,3.0,0.0,0.0,ahmedabad,4950.0
1.45 Cr ,Ready to Move,Resale,Unfurnished,East,,Freehold,14500000.0,1100.0,2.0,3.0,1.0,1.0,ahmedabad,13181.818181818182
60 Lac ,Ready to Move,Resale,Semi-Furnished,North - East,Main Road,,6000000.0,844.0,2.0,2.0,2.0,1.0,ahmedabad,7109.004739336493
1.40 Cr ,Ready to Move,Resale,Unfurnished,North - East,Garden/Park,Freehold,14000000.0,1260.0,3.0,3.0,1.0,0.0,ahmedabad,11111.111111111111
5.39 Cr ,Ready to Move,New Property,Unfurnished,East,"Garden/Park, Pool, Main Road",Freehold,53900000.0,5225.0,6.0,4.0,2.0,1.0,ahmedabad,10315.78947368421
1.59 Cr ,Ready to Move,New Property,Unfurnished,East,Main Road,Freehold,15900000.0,1975.0,10.0,4.0,1.0,1.0,ahmedabad,8050.632911392405
18 Lac ,Ready to Move,Resale,Unfurnished,East,,Freehold,1800000.0,527.0,1.0,1.0,1.0,0.0,ahmedabad,3415.559772296015
33 Lac ,Ready to Move,Resale,Furnished,East,"Garden/Park, Main Road",,3300000.0,855.0,5.0,2.0,3.0,0.0,ahmedabad,3859.6491228070176
80 Lac ,Ready to Move,Resale,Furnished,,,,8000000.0,1620.0,0.0,2.0,0.0,0.0,ahmedabad,4938.271604938272
64.9 Lac ,Ready to Move,Resale,Semi-Furnished,East,"Garden/Park, Pool, Main Road",Freehold,6490000.000000001,702.0,16.0,2.0,1.0,1.0,ahmedabad,9245.014245014247
1.25 Cr ,Ready to Move,Resale,Furnished,East,Main Road,Freehold,12500000.0,1980.0,8.0,3.0,2.0,2.0,ahmedabad,6313.131313131313
56 Lac ,Ready to Move,Resale,Semi-Furnished,,"Pool, Garden/Park, Main Road",,5600000.0,1125.0,1.0,2.0,2.0,0.0,ahmedabad,4977.777777777777
34 Lac ,Ready to Move,Resale,Furnished,East,,Freehold,3400000.0,850.0,2.0,2.0,2.0,1.0,ahmedabad,4000.0
42 Lac ,Ready to Move,Resale,Unfurnished,East,"Garden/Park, Main Road",Freehold,4200000.0,713.0,4.0,2.0,1.0,0.0,ahmedabad,5890.6030855539975
78.5 Lac ,Ready to Move,Resale,Unfurnished,East,Main Road,Freehold,7850000.0,991.0,3.0,3.0,1.0,1.0,ahmedabad,7921.291624621595
55 Lac ,Ready to Move,Resale,Unfurnished,,,,5500000.0,1700.0,4.0,3.0,0.0,0.0,ahmedabad,3235.294117647059
52 Lac ,Ready to Move,Resale,Unfurnished,East,"Garden/Park, Pool, Main Road",Freehold,5200000.0,945.0,,2.0,1.0,0.0,ahmedabad,5502.645502645502
30 Lac ,Ready to Move,Resale,Unfurnished,North,"Garden/Park, Main Road",Freehold,3000000.0,390.0,10.0,1.0,1.0,0.0,ahmedabad,7692.307692307692
2.10 Cr ,Ready to Move,Resale,Semi-Furnished,,,,21000000.0,3600.0,10.0,3.0,0.0,0.0,ahmedabad,5833.333333333333
47 Lac ,Ready to Move,Resale,Furnished,South,Main Road,Freehold,4700000.0,945.0,2.0,2.0,1.0,1.0,ahmedabad,4973.544973544974
47 Lac ,Ready to Move,,Furnished,,,,4700000.0,970.0,4.0,2.0,0.0,0.0,ahmedabad,4845.360824742268
60 Lac ,Ready to Move,Resale,Semi-Furnished,East,Garden/Park,Freehold,6000000.0,995.0,1.0,2.0,2.0,1.0,ahmedabad,6030.150753768844
53.5 Lac ,Ready to Move,Resale,Unfurnished,East,Main Road,Freehold,5350000.0,800.0,8.0,2.0,0.0,1.0,ahmedabad,6687.5
2.25 Cr ,Ready to Move,Resale,Unfurnished,East,"Garden/Park, Main Road",Freehold,22500000.0,2356.0,7.0,4.0,1.0,2.0,ahmedabad,9550.084889643464
59 Lac ,Ready to Move,New Property,Unfurnished,East,"Garden/Park, Main Road",Freehold,5900000.0,1773.0,7.0,3.0,2.0,0.0,ahmedabad,3327.6931754089114
51 Lac ,Ready to Move,New Property,Furnished,North - East,Garden/Park,Freehold,5100000.0,900.0,3.0,3.0,1.0,0.0,ahmedabad,5666.666666666667
73 Lac ,Ready to Move,Resale,Semi-Furnished,North,,Freehold,7300000.0,1190.0,5.0,2.0,0.0,1.0,ahmedabad,6134.453781512605
23 Lac ,Ready to Move,Resale,Unfurnished,,,,2300000.0,630.0,3.0,1.0,0.0,0.0,ahmedabad,3650.7936507936506
1.30 Cr ,Ready to Move,Resale,Furnished,East,"Garden/Park, Main Road",Freehold,13000000.0,1500.0,4.0,3.0,3.0,2.0,ahmedabad,8666.666666666666
93.1 Lac ,Ready to Move,New Property,Unfurnished,East,Main Road,Freehold,9310000.0,1182.0,5.0,3.0,1.0,1.0,ahmedabad,7876.480541455161
1.49 Cr ,Ready to Move,Resale,Unfurnished,East,Main Road,Freehold,14900000.0,1755.0,6.0,5.0,2.0,1.0,ahmedabad,8490.02849002849
3.15 Cr ,Ready to Move,New Property,Unfurnished,East,"Garden/Park, Main Road",Co-operative Society,31500000.0,4350.0,6.0,4.0,1.0,2.0,ahmedabad,7241.379310344828
75 Lac ,Ready to Move,New Property,Unfurnished,,,,7500000.0,1458.0,4.0,2.0,0.0,0.0,ahmedabad,5144.0329218107
81 Lac ,Ready to Move,New Property,Unfurnished,,,,8100000.0,1458.0,4.0,2.0,0.0,0.0,ahmedabad,5555.555555555556
80 Lac ,Ready to Move,Resale,Unfurnished,,,,8000000.0,1377.0,2.0,2.0,1.0,0.0,ahmedabad,5809.731299927378
95 Lac ,Ready to Move,Resale,Unfurnished,East,Garden/Park,Freehold,9500000.0,1129.0,10.0,3.0,1.0,1.0,ahmedabad,8414.526129317981
66.8 Lac ,Ready to Move,Resale,Furnished,,,,6680000.0,1295.0,6.0,2.0,0.0,0.0,ahmedabad,5158.3011583011585
4 Cr ,Ready to Move,Resale,Unfurnished,,,Freehold,40000000.0,4171.0,4.0,4.0,2.0,2.0,ahmedabad,9590.026372572525
1.95 Cr ,Ready to Move,Resale,Unfurnished,North,"Garden/Park, Main Road",Freehold,19500000.0,1350.0,0.0,4.0,1.0,2.0,ahmedabad,14444.444444444445
1.25 Cr ,Ready to Move,Resale,Unfurnished,East,"Garden/Park, Main Road",Freehold,12500000.0,2500.0,4.0,2.0,1.0,0.0,ahmedabad,5000.0
2.01 Cr ,Ready to Move,New Property,Unfurnished,East,Garden/Park,Freehold,20099999.999999996,1538.0,10.0,4.0,1.0,2.0,ahmedabad,13068.920676202859
55 Lac ,Ready to Move,Resale,Unfurnished,East,"Garden/Park, Main Road",Freehold,5500000.0,820.0,4.0,2.0,2.0,0.0,ahmedabad,6707.317073170731
65 Lac ,Ready to Move,Resale,Unfurnished,East,Garden/Park,Freehold,6500000.0,1330.0,3.0,3.0,1.0,0.0,ahmedabad,4887.2180451127815
1.30 Cr ,Ready to Move,Resale,Furnished,East,,Freehold,13000000.0,1450.0,6.0,3.0,0.0,2.0,ahmedabad,8965.51724137931
60 Lac ,Ready to Move,Resale,Semi-Furnished,East,,Freehold,6000000.0,1188.0,4.0,2.0,2.0,0.0,ahmedabad,5050.50505050505
85 Lac ,Ready to Move,Resale,Semi-Furnished,,,,8500000.0,1510.0,11.0,3.0,0.0,0.0,ahmedabad,5629.139072847682
3 Cr ,Ready to Move,Resale,Furnished,East,Garden/Park,Freehold,30000000.0,2031.0,7.0,4.0,1.0,3.0,ahmedabad,14771.048744460857
48 Lac ,Ready to Move,Resale,Unfurnished,,,,4800000.0,1350.0,5.0,2.0,1.0,0.0,ahmedabad,3555.5555555555557
60 Lac ,Ready to Move,Resale,Unfurnished,,,Co-operative Society,6000000.0,1050.0,1.0,2.0,1.0,0.0,ahmedabad,5714.285714285715
1.73 Cr ,Ready to Move,New Property,Unfurnished,East,Main Road,Freehold,17300000.0,1890.0,10.0,4.0,1.0,1.0,ahmedabad,9153.439153439154
1.75 Cr ,Ready to Move,Resale,Furnished,,"Garden/Park, Pool, Main Road",Co-operative Society,17500000.0,1675.0,,3.0,4.0,1.0,ahmedabad,10447.76119402985
41 Lac ,Ready to Move,Resale,Unfurnished,East,Garden/Park,Freehold,4100000.0,1035.0,4.0,2.0,1.0,1.0,ahmedabad,3961.352657004831
50 Lac ,Ready to Move,Resale,Furnished,East,,Freehold,5000000.0,285.0,9.0,2.0,3.0,0.0,ahmedabad,17543.859649122805
26 Lac ,Ready to Move,Resale,Furnished,,,,2600000.0,135.0,4.0,2.0,3.0,0.0,ahmedabad,19259.25925925926
75 Lac ,Ready to Move,Resale,Semi-Furnished,South - East,,,7500000.0,1170.0,9.0,2.0,1.0,1.0,ahmedabad,6410.25641025641
1.10 Cr ,Ready to Move,Resale,Furnished,East,Garden/Park,Freehold,11000000.0,1077.0,3.0,3.0,2.0,2.0,ahmedabad,10213.55617455896
30 Lac ,Ready to Move,Resale,Unfurnished,,,,3000000.0,540.0,1.0,1.0,0.0,0.0,ahmedabad,5555.555555555556
55 Lac ,Ready to Move,Resale,Unfurnished,,,Freehold,5500000.0,1442.0,4.0,3.0,1.0,0.0,ahmedabad,3814.147018030513
45 Lac ,Ready to Move,Resale,Semi-Furnished,North - East,Garden/Park,Freehold,4500000.0,1170.0,1.0,2.0,0.0,1.0,ahmedabad,3846.153846153846
55 Lac ,Ready to Move,Resale,Semi-Furnished,,,,5500000.0,1400.0,1.0,2.0,0.0,0.0,ahmedabad,3928.5714285714284
2.68 Cr ,Ready to Move,New Property,Unfurnished,East,Garden/Park,Freehold,26800000.0,2049.0,9.0,4.0,1.0,2.0,ahmedabad,13079.551000488043
1.30 Cr ,Ready to Move,Resale,Semi-Furnished,,"Garden/Park, Pool, Main Road",Co-operative Society,13000000.0,1400.0,,3.0,2.0,0.0,ahmedabad,9285.714285714286
1.33 Cr ,Ready to Move,New Property,Unfurnished,North,Garden/Park,Freehold,13300000.0,2150.0,3.0,3.0,1.0,1.0,ahmedabad,6186.046511627907
64.9 Lac ,Ready to Move,New Property,Unfurnished,East,"Garden/Park, Main Road",Freehold,6490000.000000001,976.0,5.0,3.0,4.0,1.0,ahmedabad,6649.590163934427
33.3 Lac ,Ready to Move,Resale,Furnished,,,,3329999.9999999995,1000.0,5.0,2.0,0.0,1.0,ahmedabad,3329.9999999999995
39 Lac ,Ready to Move,Resale,Furnished,,,,3900000.0,800.0,7.0,2.0,0.0,0.0,ahmedabad,4875.0
69 Lac ,Ready to Move,Resale,Unfurnished,North - East,"Garden/Park, Main Road",Freehold,6900000.0,960.0,3.0,2.0,2.0,0.0,ahmedabad,7187.5
60 Lac ,Ready to Move,Resale,Unfurnished,South - East,"Garden/Park, Main Road",Freehold,6000000.0,827.0,4.0,2.0,2.0,0.0,ahmedabad,7255.139056831923
42 Lac ,Ready to Move,Resale,Unfurnished,East,"Garden/Park, Pool, Main Road",Freehold,4200000.0,1224.0,2.0,2.0,2.0,0.0,ahmedabad,3431.372549019608
1.10 Cr ,Ready to Move,Resale,Furnished,East,Main Road,Freehold,11000000.0,1134.0,4.0,3.0,0.0,1.0,ahmedabad,9700.176366843034
95 Lac ,Ready to Move,New Property,Unfurnished,North,"Garden/Park, Main Road",Freehold,9500000.0,1800.0,6.0,3.0,2.0,0.0,ahmedabad,5277.777777777777
30 Lac ,Ready to Move,Resale,Unfurnished,South,"Garden/Park, Main Road",Freehold,3000000.0,390.0,8.0,1.0,1.0,0.0,ahmedabad,7692.307692307692
4.30 Cr ,Ready to Move,Resale,Unfurnished,East,Main Road,Freehold,43000000.0,5375.0,2.0,5.0,1.0,0.0,ahmedabad,8000.0
40 Lac ,Ready to Move,Resale,Unfurnished,,Garden/Park,,4000000.0,1035.0,6.0,2.0,2.0,0.0,ahmedabad,3864.7342995169083
40 Lac ,Ready to Move,Resale,Furnished,East,"Garden/Park, Pool, Main Road",Freehold,4000000.0,1326.0,4.0,2.0,2.0,1.0,ahmedabad,3016.5912518853697
60 Lac ,Ready to Move,Resale,Semi-Furnished,,,,6000000.0,1242.0,3.0,2.0,1.0,0.0,ahmedabad,4830.917874396136
4.08 Cr ,Ready to Move,New Property,Unfurnished,East,"Garden/Park, Pool, Main Road",Freehold,40800000.0,3060.0,10.0,4.0,2.0,3.0,ahmedabad,13333.333333333334
2.83 Cr ,Ready to Move,New Property,Unfurnished,East,Garden/Park,Freehold,28300000.0,2165.0,9.0,4.0,1.0,2.0,ahmedabad,13071.593533487297
1.20 Cr ,Ready to Move,Resale,Furnished,,,,12000000.0,1080.0,1.0,3.0,3.0,0.0,ahmedabad,11111.111111111111
40 Lac ,Ready to Move,Resale,Furnished,East,"Garden/Park, Main Road",Freehold,4000000.0,800.0,4.0,1.0,1.0,1.0,ahmedabad,5000.0
56 Lac ,Ready to Move,Resale,Furnished,East,Main Road,Freehold,5600000.0,1179.0,2.0,2.0,0.0,0.0,ahmedabad,4749.787955894826
35 Lac ,Ready to Move,Resale,Semi-Furnished,,,,3500000.0,1130.0,2.0,2.0,0.0,0.0,ahmedabad,3097.3451327433627
1.88 Cr ,Ready to Move,Resale,Unfurnished,North - East,"Garden/Park, Main Road",Freehold,18800000.0,1790.0,0.0,3.0,1.0,2.0,ahmedabad,10502.793296089385
2 Cr ,Ready to Move,New Property,Unfurnished,East,Main Road,Freehold,20000000.0,1550.0,11.0,4.0,1.0,2.0,ahmedabad,12903.225806451614
1.50 Cr ,Ready to Move,Resale,Furnished,East,"Garden/Park, Main Road",Freehold,15000000.0,1800.0,4.0,3.0,1.0,1.0,ahmedabad,8333.333333333334
80 Lac ,Ready to Move,New Property,Unfurnished,,,,8000000.0,1314.0,4.0,2.0,0.0,0.0,ahmedabad,6088.2800608828
1.77 Cr ,Ready to Move,Resale,Furnished,North - West,"Garden/Park, Main Road",Freehold,17700000.0,1637.0,0.0,3.0,1.0,2.0,ahmedabad,10812.461820403176
81.3 Lac ,Ready to Move,New Property,Unfurnished,,,,8130000.0,1458.0,4.0,2.0,0.0,0.0,ahmedabad,5576.131687242799
98 Lac ,Ready to Move,New Property,Unfurnished,,,,9800000.0,1890.0,4.0,3.0,0.0,0.0,ahmedabad,5185.185185185185
58 Lac ,Ready to Move,Resale,Semi-Furnished,East,Garden/Park,Freehold,5800000.0,1300.0,11.0,2.0,2.0,1.0,ahmedabad,4461.538461538462
64 Lac ,Ready to Move,Resale,Semi-Furnished,East,Garden/Park,Freehold,6400000.0,792.0,1.0,2.0,2.0,1.0,ahmedabad,8080.80808080808
48 Lac ,Ready to Move,Resale,Semi-Furnished,East,"Garden/Park, Main Road",Freehold,4800000.0,750.0,6.0,2.0,1.0,1.0,ahmedabad,6400.0
42 Lac ,Ready to Move,Resale,Semi-Furnished,,,,4200000.0,1260.0,4.0,2.0,0.0,0.0,ahmedabad,3333.3333333333335
1.30 Cr ,Ready to Move,Resale,Unfurnished,,,,13000000.0,2400.0,0.0,2.0,0.0,0.0,ahmedabad,5416.666666666667
1.90 Cr ,Ready to Move,Resale,Unfurnished,East,Main Road,Co-operative Society,19000000.0,1800.0,2.0,3.0,1.0,1.0,ahmedabad,10555.555555555555
31 Lac ,Ready to Move,Resale,Unfurnished,East,"Garden/Park, Main Road",,3100000.0,990.0,4.0,2.0,2.0,0.0,ahmedabad,3131.313131313131
57 Lac ,Ready to Move,Resale,Furnished,East,"Garden/Park, Main Road",Freehold,5700000.0,950.0,0.0,2.0,1.0,1.0,ahmedabad,6000.0
90 Lac ,Ready to Move,Resale,Semi-Furnished,North - East,Main Road,Freehold,9000000.0,1038.0,4.0,3.0,1.0,1.0,ahmedabad,8670.520231213874
2.40 Cr ,Ready to Move,Resale,Furnished,East,Garden/Park,Freehold,24000000.0,2500.0,9.0,4.0,2.0,2.0,ahmedabad,9600.0
55 Lac ,Ready to Move,Resale,Semi-Furnished,,,,5500000.0,900.0,-1.0,2.0,2.0,0.0,ahmedabad,6111.111111111111
52 Lac ,Ready to Move,Resale,Furnished,North,"Garden/Park, Main Road",Freehold,5200000.0,760.0,6.0,2.0,2.0,1.0,ahmedabad,6842.105263157895
95 Lac ,Ready to Move,Resale,Semi-Furnished,East,Garden/Park,Freehold,9500000.0,1278.0,1.0,3.0,2.0,1.0,ahmedabad,7433.489827856025
38 Lac ,Ready to Move,Resale,Semi-Furnished,East,"Garden/Park, Pool, Main Road",Freehold,3800000.0,760.0,5.0,2.0,2.0,1.0,ahmedabad,5000.0
43 Lac ,Ready to Move,New Property,Unfurnished,North - East,"Garden/Park, Main Road",Co-operative Society,4300000.0,630.0,1.0,2.0,1.0,1.0,ahmedabad,6825.396825396825
58 Lac ,Ready to Move,Resale,Unfurnished,East,Main Road,Freehold,5800000.0,814.0,6.0,2.0,2.0,1.0,ahmedabad,7125.307125307126
60 Lac ,Ready to Move,New Property,Unfurnished,East,Garden/Park,Freehold,6000000.0,1557.0,4.0,3.0,1.0,0.0,ahmedabad,3853.5645472061656
1.50 Cr ,Ready to Move,Resale,Unfurnished,,,Freehold,15000000.0,3996.0,10.0,6.0,2.0,0.0,ahmedabad,3753.7537537537537
90 Lac ,Ready to Move,New Property,Unfurnished,North,,Freehold,9000000.0,1900.0,8.0,3.0,1.0,1.0,ahmedabad,4736.8421052631575
1.55 Cr ,Ready to Move,Resale,Furnished,,,,15500000.0,1860.0,5.0,3.0,1.0,0.0,ahmedabad,8333.333333333334
1.20 Cr ,Ready to Move,Resale,Semi-Furnished,,Garden/Park,,12000000.0,1908.0,4.0,3.0,3.0,1.0,ahmedabad,6289.308176100629
6.13 Cr ,Ready to Move,New Property,Unfurnished,,,,61300000.0,6313.0,10.0,4.0,0.0,0.0,ahmedabad,9710.121970536988
2.55 Cr ,Ready to Move,Resale,Unfurnished,East,Main Road,Freehold,25500000.0,1900.0,13.0,4.0,1.0,0.0,ahmedabad,13421.052631578947
1.05 Cr ,Ready to Move,Resale,Furnished,East,"Garden/Park, Pool, Main Road",Freehold,10500000.0,1295.0,,3.0,1.0,0.0,ahmedabad,8108.108108108108
62 Lac ,Ready to Move,Resale,Semi-Furnished,,,,6200000.0,1035.0,8.0,2.0,2.0,0.0,ahmedabad,5990.338164251208
40 Lac ,Ready to Move,New Property,Unfurnished,East,Main Road,Freehold,4000000.0,630.0,2.0,2.0,1.0,0.0,ahmedabad,6349.206349206349
41 Lac ,Ready to Move,Resale,Semi-Furnished,,,,4100000.0,1080.0,4.0,2.0,0.0,0.0,ahmedabad,3796.296296296296
1.50 Cr ,Ready to Move,New Property,Unfurnished,East,"Garden/Park, Main Road",Freehold,15000000.0,1490.0,2.0,3.0,1.0,1.0,ahmedabad,10067.114093959732
1.85 Cr ,Ready to Move,Resale,Semi-Furnished,North,"Garden/Park, Main Road",Freehold,18500000.0,2000.0,10.0,3.0,1.0,2.0,ahmedabad,9250.0
55 Lac ,Ready to Move,Resale,Furnished,West,"Garden/Park, Main Road",Freehold,5500000.0,1100.0,8.0,2.0,2.0,0.0,ahmedabad,5000.0
55 Lac ,Ready to Move,Resale,Unfurnished,North - East,,Freehold,5500000.0,745.0,1.0,2.0,1.0,1.0,ahmedabad,7382.5503355704695
1 Cr ,Ready to Move,Resale,Furnished,East,"Garden/Park, Main Road",Freehold,10000000.0,1962.0,2.0,3.0,2.0,1.0,ahmedabad,5096.83995922528
63 Lac ,Ready to Move,Resale,Unfurnished,East,"Garden/Park, Pool, Main Road",Co-operative Society,6300000.0,1050.0,,3.0,1.0,3.0,ahmedabad,6000.0
1.71 Cr ,Ready to Move,New Property,Unfurnished,East,"Garden/Park, Pool, Main Road",Freehold,17100000.0,1400.0,7.0,4.0,1.0,2.0,ahmedabad,12214.285714285714
40 Lac ,Ready to Move,Resale,Furnished,,,,4000000.0,972.0,2.0,2.0,1.0,0.0,ahmedabad,4115.22633744856
79.8 Lac ,Ready to Move,Resale,Unfurnished,East,Garden/Park,Freehold,7980000.0,1053.0,6.0,3.0,2.0,1.0,ahmedabad,7578.347578347579
1.29 Cr ,Ready to Move,Resale,Unfurnished,East,Garden/Park,Freehold,12900000.0,1350.0,5.0,4.0,1.0,3.0,ahmedabad,9555.555555555555
95 Lac ,Ready to Move,Resale,Furnished,East,Garden/Park,Co-operative Society,9500000.0,900.0,2.0,3.0,1.0,0.0,ahmedabad,10555.555555555555
2.12 Cr ,Ready to Move,New Property,Unfurnished,West,Main Road,Freehold,21200000.0,2122.0,1.0,4.0,1.0,3.0,ahmedabad,9990.57492931197
75 Lac ,Ready to Move,Resale,Furnished,East,Main Road,Freehold,7500000.0,747.0,4.0,2.0,1.0,1.0,ahmedabad,10040.160642570281
73 Lac ,Ready to Move,New Property,Furnished,West,Main Road,Freehold,7300000.0,780.0,7.0,3.0,3.0,0.0,ahmedabad,9358.97435897436
14 Lac ,Ready to Move,Resale,Furnished,,,,1400000.0,300.0,4.0,1.0,0.0,0.0,ahmedabad,4666.666666666667
24 Lac ,Ready to Move,Resale,Semi-Furnished,East,,Freehold,2400000.0,495.0,3.0,1.0,0.0,0.0,ahmedabad,4848.484848484848
2.10 Cr ,Ready to Move,Resale,Furnished,North - East,Main Road,Freehold,21000000.0,1300.0,9.0,3.0,1.0,1.0,ahmedabad,16153.846153846154
1.20 Cr ,Ready to Move,Resale,Unfurnished,East,"Garden/Park, Main Road",Freehold,12000000.0,1300.0,4.0,3.0,1.0,1.0,ahmedabad,9230.76923076923
1.63 Cr ,Ready to Move,Resale,Unfurnished,East,Garden/Park,Freehold,16299999.999999998,3151.0,10.0,4.0,1.0,2.0,ahmedabad,5172.960964773088
2.43 Cr ,Ready to Move,New Property,Unfurnished,East,"Pool, Main Road",Freehold,24300000.0,3978.0,7.0,4.0,1.0,2.0,ahmedabad,6108.597285067874
60 Lac ,Ready to Move,Resale,Furnished,East,Garden/Park,Freehold,6000000.0,800.0,4.0,2.0,1.0,1.0,ahmedabad,7500.0
2.75 Cr ,Ready to Move,Resale,Furnished,,"Garden/Park, Pool, Main Road",,27500000.0,1890.0,,3.0,1.0,0.0,ahmedabad,14550.26455026455
68 Lac ,Ready to Move,Resale,Semi-Furnished,East,"Garden/Park, Main Road",Freehold,6800000.0,1000.0,1.0,2.0,1.0,2.0,ahmedabad,6800.0
1.25 Cr ,Ready to Move,Resale,Furnished,,"Garden/Park, Main Road",,12500000.0,1575.0,4.0,3.0,1.0,0.0,ahmedabad,7936.507936507936
53 Lac ,Ready to Move,Resale,Semi-Furnished,East,"Garden/Park, Pool, Main Road",Freehold,5300000.0,900.0,2.0,2.0,1.0,1.0,ahmedabad,5888.888888888889
1.25 Cr ,Ready to Move,Resale,Semi-Furnished,East,"Garden/Park, Main Road",Freehold,12500000.0,1500.0,11.0,4.0,1.0,2.0,ahmedabad,8333.333333333334
4 Cr ,Ready to Move,New Property,Furnished,North,"Garden/Park, Main Road",Freehold,40000000.0,2121.0,8.0,4.0,1.0,1.0,ahmedabad,18859.02876001886
57.5 Lac ,Ready to Move,Resale,Unfurnished,North - East,,Freehold,5750000.0,1175.0,14.0,2.0,1.0,1.0,ahmedabad,4893.617021276596
75 Lac ,Ready to Move,Resale,Unfurnished,,Main Road,Freehold,7500000.0,1215.0,12.0,2.0,1.0,1.0,ahmedabad,6172.83950617284
43 Lac ,Ready to Move,Resale,Semi-Furnished,East,Garden/Park,Freehold,4300000.0,810.0,3.0,2.0,2.0,0.0,ahmedabad,5308.641975308642
2.75 Cr ,Ready to Move,Resale,Unfurnished,East,"Garden/Park, Main Road",Freehold,27500000.0,1488.0,21.0,4.0,3.0,2.0,ahmedabad,18481.182795698925
3.20 Cr ,Ready to Move,New Property,Unfurnished,East,Garden/Park,Freehold,32000000.0,2200.0,3.0,4.0,1.0,3.0,ahmedabad,14545.454545454546
2.75 Cr ,Ready to Move,Resale,Unfurnished,East,Garden/Park,Freehold,27500000.0,2520.0,2.0,4.0,1.0,2.0,ahmedabad,10912.698412698413
60 Lac ,Ready to Move,Resale,Unfurnished,North - East,Garden/Park,Freehold,6000000.0,765.0,5.0,2.0,1.0,1.0,ahmedabad,7843.137254901961
5 Cr ,Ready to Move,Resale,Furnished,,,,50000000.0,7000.0,4.0,7.0,0.0,0.0,ahmedabad,7142.857142857143
55 Lac ,Ready to Move,Resale,Semi-Furnished,East,"Pool, Garden/Park, Main Road",Leasehold,5500000.0,900.0,5.0,2.0,2.0,0.0,ahmedabad,6111.111111111111
30 Lac ,Ready to Move,Resale,Unfurnished,,,,3000000.0,918.0,2.0,2.0,0.0,0.0,ahmedabad,3267.97385620915
1.50 Cr ,Ready to Move,New Property,Unfurnished,East,"Garden/Park, Main Road",Freehold,15000000.0,1114.0,5.0,3.0,1.0,1.0,ahmedabad,13464.991023339318
70 Lac ,Ready to Move,New Property,Unfurnished,East,"Garden/Park, Main Road",Freehold,7000000.0,1413.0,3.0,2.0,1.0,2.0,ahmedabad,4953.998584571833
1.40 Cr ,Ready to Move,Resale,Unfurnished,East,Garden/Park,Freehold,14000000.0,2133.0,6.0,3.0,1.0,1.0,ahmedabad,6563.525550867323
45 Lac ,Ready to Move,Resale,Furnished,East,Main Road,Freehold,4500000.0,600.0,3.0,2.0,1.0,0.0,ahmedabad,7500.0
39 Lac ,Ready to Move,Resale,Unfurnished,East,Main Road,Freehold,3900000.0,790.0,5.0,2.0,1.0,1.0,ahmedabad,4936.708860759493
75 Lac ,Ready to Move,Resale,Unfurnished,East,"Garden/Park, Main Road",Co-operative Society,7500000.0,1629.0,3.0,3.0,4.0,0.0,ahmedabad,4604.051565377532
3.70 Cr ,Ready to Move,Resale,Unfurnished,East,,Freehold,37000000.0,2500.0,17.0,5.0,1.0,3.0,ahmedabad,14800.0
1.25 Cr ,Ready to Move,New Property,Unfurnished,East,Garden/Park,Freehold,12500000.0,1500.0,4.0,3.0,2.0,0.0,ahmedabad,8333.333333333334
1.60 Cr ,Ready to Move,Resale,Unfurnished,East,"Garden/Park, Main Road",Freehold,16000000.0,2100.0,9.0,3.0,2.0,0.0,ahmedabad,7619.047619047619
65 Lac ,Ready to Move,Resale,Unfurnished,East,Garden/Park,Freehold,6500000.0,1430.0,5.0,2.0,1.0,1.0,ahmedabad,4545.454545454545
55 Lac ,Ready to Move,Resale,Furnished,East,"Garden/Park, Main Road",Freehold,5500000.0,730.0,3.0,2.0,1.0,1.0,ahmedabad,7534.246575342466
2 Cr ,Ready to Move,Resale,Unfurnished,East,"Pool, Garden/Park",Freehold,20000000.0,2000.0,,4.0,1.0,2.0,ahmedabad,10000.0
1.10 Cr ,Ready to Move,New Property,Unfurnished,East,Garden/Park,Freehold,11000000.0,2013.0,15.0,3.0,1.0,1.0,ahmedabad,5464.48087431694
62 Lac ,Ready to Move,New Property,Semi-Furnished,,"Garden/Park, Pool, Main Road",Freehold,6200000.0,982.0,,2.0,0.0,0.0,ahmedabad,6313.645621181263
1.10 Cr ,Ready to Move,Resale,Unfurnished,East,"Garden/Park, Main Road",Freehold,11000000.0,1575.0,6.0,3.0,1.0,1.0,ahmedabad,6984.126984126984
67 Lac ,Ready to Move,Resale,Unfurnished,East,"Garden/Park, Main Road",Freehold,6700000.0,878.0,10.0,2.0,2.0,2.0,ahmedabad,7630.979498861047
78 Lac ,Ready to Move,Resale,Unfurnished,East,Garden/Park,Freehold,7800000.0,1530.0,11.0,3.0,0.0,2.0,ahmedabad,5098.0392156862745
3.15 Cr ,Ready to Move,Resale,Furnished,East,"Garden/Park, Main Road",Freehold,31500000.0,1968.0,5.0,4.0,1.0,3.0,ahmedabad,16006.09756097561
52 Lac ,Ready to Move,Resale,Unfurnished,,,,5200000.0,1107.0,6.0,2.0,0.0,0.0,ahmedabad,4697.380307136405
1.55 Cr ,Ready to Move,Resale,Unfurnished,East,,Freehold,15500000.0,1400.0,8.0,4.0,2.0,0.0,ahmedabad,11071.42857142857
69 Lac ,Ready to Move,Resale,Furnished,West,"Garden/Park, Main Road",Freehold,6900000.0,936.0,7.0,3.0,1.0,1.0,ahmedabad,7371.794871794872
2.35 Cr ,Ready to Move,New Property,Furnished,East,"Garden/Park, Main Road",Freehold,23500000.0,1513.0,5.0,3.0,1.0,1.0,ahmedabad,15532.055518836749
3.17 Cr ,Ready to Move,New Property,Unfurnished,East,Garden/Park,Freehold,31700000.0,2380.0,4.0,4.0,1.0,3.0,ahmedabad,13319.327731092437
95 Lac ,Ready to Move,New Property,Unfurnished,East,Main Road,Freehold,9500000.0,1700.0,3.0,3.0,1.0,0.0,ahmedabad,5588.235294117647
82 Lac ,Ready to Move,Resale,Furnished,East,Main Road,Freehold,8200000.0,1278.0,3.0,3.0,2.0,1.0,ahmedabad,6416.275430359938
2.31 Cr ,Ready to Move,Resale,Unfurnished,,,,23100000.0,2700.0,4.0,4.0,0.0,0.0,ahmedabad,8555.555555555555
2.80 Cr ,Ready to Move,Resale,Furnished,East,"Garden/Park, Main Road",Freehold,28000000.0,1714.0,6.0,4.0,1.0,2.0,ahmedabad,16336.056009334889
2 Cr ,Ready to Move,Resale,Unfurnished,West,Garden/Park,Freehold,20000000.0,2046.0,7.0,4.0,1.0,2.0,ahmedabad,9775.171065493647
85 Lac ,Ready to Move,Resale,Semi-Furnished,East,Main Road,Freehold,8500000.0,2250.0,7.0,3.0,1.0,1.0,ahmedabad,3777.777777777778
65 Lac ,Ready to Move,Resale,Semi-Furnished,,,,6500000.0,1100.0,2.0,2.0,2.0,0.0,ahmedabad,5909.090909090909
33 Lac ,Ready to Move,Resale,Semi-Furnished,,,,3300000.0,450.0,3.0,1.0,1.0,0.0,ahmedabad,7333.333333333333
68 Lac ,Ready to Move,New Property,Unfurnished,East,"Garden/Park, Main Road",Freehold,6800000.0,1030.0,,3.0,0.0,1.0,ahmedabad,6601.941747572816
4 Cr ,Ready to Move,Resale,Furnished,East,Main Road,Freehold,40000000.0,2160.0,8.0,3.0,1.0,1.0,ahmedabad,18518.51851851852
81 Lac ,Ready to Move,Resale,Furnished,East,Garden/Park,Freehold,8100000.0,1376.0,13.0,3.0,3.0,1.0,ahmedabad,5886.627906976744
16.5 Lac ,Ready to Move,Resale,Unfurnished,East,"Pool, Main Road",Freehold,1650000.0,65.0,3.0,1.0,1.0,0.0,ahmedabad,25384.615384615383
16 Lac ,Ready to Move,Resale,Semi-Furnished,,,,1600000.0,500.0,7.0,1.0,1.0,0.0,ahmedabad,3200.0
45 Lac ,Ready to Move,Resale,Unfurnished,East,Main Road,Freehold,4500000.0,675.0,0.0,2.0,0.0,1.0,ahmedabad,6666.666666666667
57 Lac ,Ready to Move,Resale,Unfurnished,North,Garden/Park,Freehold,5700000.0,765.0,7.0,2.0,1.0,1.0,ahmedabad,7450.980392156863
1.10 Cr ,Ready to Move,Resale,Semi-Furnished,,,,11000000.0,1890.0,3.0,3.0,1.0,1.0,ahmedabad,5820.10582010582
45 Lac ,Ready to Move,Resale,Furnished,North,Main Road,Freehold,4500000.0,685.0,2.0,2.0,1.0,0.0,ahmedabad,6569.343065693431
1.75 Cr ,Ready to Move,Resale,Unfurnished,East,Garden/Park,Freehold,17500000.0,1574.0,5.0,4.0,1.0,2.0,ahmedabad,11118.170266836087
42 Lac ,Ready to Move,Resale,Semi-Furnished,,,,4200000.0,1125.0,4.0,2.0,0.0,0.0,ahmedabad,3733.3333333333335
3.09 Cr ,Ready to Move,Resale,Semi-Furnished,,,,30900000.0,7000.0,4.0,6.0,0.0,0.0,ahmedabad,4414.285714285715
68 Lac ,Ready to Move,Resale,Unfurnished,North - East,Garden/Park,Freehold,6800000.0,1710.0,1.0,3.0,1.0,1.0,ahmedabad,3976.6081871345027
70 Lac ,Ready to Move,Resale,Furnished,West,"Garden/Park, Main Road",Freehold,7000000.0,790.0,7.0,3.0,2.0,1.0,ahmedabad,8860.759493670887
76 Lac ,Ready to Move,Resale,Furnished,,Garden/Park,Co-operative Society,7600000.0,1150.0,7.0,2.0,1.0,0.0,ahmedabad,6608.695652173913
1.70 Cr ,Ready to Move,Resale,Furnished,North,Garden/Park,Freehold,17000000.0,1350.0,2.0,3.0,1.0,1.0,ahmedabad,12592.592592592593
63 Lac ,Ready to Move,Resale,Unfurnished,North - East,Garden/Park,Freehold,6300000.0,800.0,5.0,2.0,2.0,1.0,ahmedabad,7875.0
1.75 Cr ,Ready to Move,Resale,Unfurnished,West,Garden/Park,Freehold,17500000.0,3270.0,17.0,4.0,1.0,1.0,ahmedabad,5351.681957186544
4 Cr ,Ready to Move,Resale,,,,,40000000.0,5470.0,,2.0,0.0,0.0,ahmedabad,7312.614259597806
1.21 Cr ,Ready to Move,Resale,Unfurnished,North - East,Garden/Park,Freehold,12100000.0,1108.0,4.0,3.0,1.0,1.0,ahmedabad,10920.57761732852
75 Lac ,Ready to Move,New Property,Unfurnished,East,"Garden/Park, Pool, Main Road",Freehold,7500000.0,990.0,8.0,3.0,1.0,1.0,ahmedabad,7575.757575757576
1.25 Cr ,Ready to Move,Resale,Furnished,East,Garden/Park,Freehold,12500000.0,1205.0,1.0,3.0,3.0,1.0,ahmedabad,10373.443983402489
1.10 Cr ,Ready to Move,Resale,Furnished,East,"Garden/Park, Main Road",Freehold,11000000.0,1600.0,5.0,3.0,3.0,1.0,ahmedabad,6875.0
1.44 Cr ,Ready to Move,New Property,Unfurnished,East,Main Road,Freehold,14400000.0,1338.0,5.0,3.0,1.0,1.0,ahmedabad,10762.331838565022
3.36 Cr ,Ready to Move,Resale,Unfurnished,East,"Garden/Park, Main Road",Freehold,33600000.0,2720.0,12.0,4.0,1.0,2.0,ahmedabad,12352.941176470587
65 Lac ,Ready to Move,New Property,Unfurnished,East,"Pool, Garden/Park, Main Road",Freehold,6500000.0,990.0,3.0,3.0,2.0,1.0,ahmedabad,6565.656565656565
1.35 Cr ,Ready to Move,New Property,Unfurnished,East,"Pool, Garden/Park, Main Road",Freehold,13500000.0,1122.0,9.0,3.0,1.0,1.0,ahmedabad,12032.085561497326
62 Lac ,Ready to Move,Resale,Unfurnished,East,Garden/Park,Freehold,6200000.0,861.0,5.0,2.0,0.0,1.0,ahmedabad,7200.929152148665
1.39 Cr ,Ready to Move,Resale,Unfurnished,East,Garden/Park,Freehold,13899999.999999998,2623.0,4.0,4.0,1.0,2.0,ahmedabad,5299.275638581776
95 Lac ,Ready to Move,Resale,Semi-Furnished,,,,9500000.0,1440.0,0.0,3.0,1.0,0.0,ahmedabad,6597.222222222223
67 Lac ,Ready to Move,Resale,Furnished,East,"Garden/Park, Main Road",Freehold,6700000.0,1305.0,4.0,3.0,1.0,1.0,ahmedabad,5134.099616858238
80 Lac ,Ready to Move,Resale,Semi-Furnished,North,"Garden/Park, Main Road",Freehold,8000000.0,972.0,4.0,3.0,2.0,1.0,ahmedabad,8230.45267489712
45 Lac ,Ready to Move,Resale,Semi-Furnished,East,Main Road,Freehold,4500000.0,720.0,8.0,2.0,1.0,1.0,ahmedabad,6250.0
2.45 Cr ,Ready to Move,Resale,Semi-Furnished,East,"Pool, Garden/Park, Main Road",Freehold,24500000.0,2470.0,1.0,5.0,2.0,0.0,ahmedabad,9919.028340080971
2.10 Cr ,Ready to Move,Resale,Unfurnished,,Garden/Park,Freehold,21000000.0,2800.0,11.0,5.0,1.0,0.0,ahmedabad,7500.0
57.5 Lac ,Ready to Move,New Property,Unfurnished,East,"Garden/Park, Main Road",Freehold,5750000.0,984.0,2.0,3.0,1.0,1.0,ahmedabad,5843.495934959349
4.68 Cr ,Ready to Move,New Property,Unfurnished,North - West,Pool,Freehold,46800000.0,6000.0,1.0,5.0,1.0,3.0,ahmedabad,7800.0
34 Lac ,Ready to Move,Resale,Semi-Furnished,East,,Freehold,3400000.0,721.0,12.0,2.0,1.0,1.0,ahmedabad,4715.672676837726
55 Lac ,Ready to Move,Resale,Furnished,East,Garden/Park,Freehold,5500000.0,990.0,3.0,2.0,2.0,1.0,ahmedabad,5555.555555555556
62.5 Lac ,Ready to Move,Resale,Unfurnished,,,,6250000.0,1355.0,4.0,2.0,2.0,0.0,ahmedabad,4612.546125461255
54 Lac ,Ready to Move,Resale,Furnished,East,Main Road,Freehold,5400000.0,720.0,3.0,2.0,1.0,1.0,ahmedabad,7500.0
40 Lac ,Ready to Move,Resale,Furnished,,"Garden/Park, Main Road",Freehold,4000000.0,972.0,3.0,2.0,2.0,0.0,ahmedabad,4115.22633744856
92 Lac ,Ready to Move,Resale,Unfurnished,North,Garden/Park,Co-operative Society,9200000.0,1800.0,5.0,3.0,2.0,0.0,ahmedabad,5111.111111111111
2.08 Cr ,Ready to Move,Resale,Unfurnished,East,,Freehold,20800000.0,2415.0,6.0,4.0,1.0,1.0,ahmedabad,8612.836438923396
55 Lac ,Ready to Move,Resale,Unfurnished,North - East,Garden/Park,Freehold,5500000.0,750.0,5.0,2.0,1.0,1.0,ahmedabad,7333.333333333333
45 Lac ,Ready to Move,Resale,Unfurnished,East,Garden/Park,Freehold,4500000.0,550.0,7.0,1.0,0.0,1.0,ahmedabad,8181.818181818182
53 Lac ,Ready to Move,Resale,Semi-Furnished,East,Garden/Park,Freehold,5300000.0,1260.0,7.0,2.0,1.0,1.0,ahmedabad,4206.349206349207
25 Lac ,Ready to Move,Resale,Semi-Furnished,East,Main Road,Freehold,2500000.0,720.0,5.0,2.0,1.0,1.0,ahmedabad,3472.222222222222
65 Lac ,Ready to Move,Resale,Unfurnished,East,Garden/Park,Freehold,6500000.0,792.0,1.0,2.0,3.0,0.0,ahmedabad,8207.070707070707
1.15 Cr ,Ready to Move,Resale,Unfurnished,East,Garden/Park,Freehold,11500000.0,1212.0,2.0,3.0,1.0,1.0,ahmedabad,9488.448844884488
1.15 Cr ,Ready to Move,New Property,Unfurnished,East,Garden/Park,Freehold,11500000.0,2205.0,3.0,3.0,1.0,1.0,ahmedabad,5215.419501133787
1.60 Cr ,Ready to Move,Resale,Furnished,North - East,,Freehold,16000000.0,2360.0,7.0,3.0,1.0,2.0,ahmedabad,6779.661016949152
1.30 Cr ,Ready to Move,Resale,Semi-Furnished,North - East,"Garden/Park, Main Road",Freehold,13000000.0,1980.0,5.0,3.0,1.0,1.0,ahmedabad,6565.656565656565
1.85 Cr ,Ready to Move,Resale,Unfurnished,East,Main Road,Freehold,18500000.0,1900.0,5.0,3.0,3.0,0.0,ahmedabad,9736.842105263158
25 Lac ,Ready to Move,New Property,Unfurnished,North,"Garden/Park, Main Road",Freehold,2500000.0,750.0,6.0,2.0,1.0,0.0,ahmedabad,3333.3333333333335
56 Lac ,Ready to Move,Resale,Unfurnished,East,"Garden/Park, Main Road",Freehold,5600000.0,960.0,4.0,3.0,2.0,1.0,ahmedabad,5833.333333333333
50 Lac ,Ready to Move,Resale,Semi-Furnished,East,Main Road,Freehold,5000000.0,900.0,2.0,2.0,1.0,1.0,ahmedabad,5555.555555555556
1.02 Cr ,Ready to Move,Resale,Semi-Furnished,,,,10200000.0,1935.0,3.0,3.0,0.0,0.0,ahmedabad,5271.3178294573645
23 Lac ,Ready to Move,Resale,Unfurnished,East,,Freehold,2300000.0,498.0,1.0,1.0,1.0,0.0,ahmedabad,4618.4738955823295
30 Lac ,Ready to Move,Resale,Semi-Furnished,,,,3000000.0,538.1999999999999,1.0,1.0,0.0,0.0,ahmedabad,5574.136008918618
52 Lac ,Ready to Move,Resale,Semi-Furnished,,"Garden/Park, Pool, Main Road",Freehold,5200000.0,743.0,,2.0,1.0,0.0,ahmedabad,6998.654104979812
1.05 Cr ,Ready to Move,Resale,Furnished,,,,10500000.0,2000.0,2.0,3.0,0.0,0.0,ahmedabad,5250.0
1.05 Cr ,Ready to Move,Resale,Semi-Furnished,,,,10500000.0,1980.0,5.0,3.0,0.0,0.0,ahmedabad,5303.030303030303
75 Lac ,Ready to Move,Resale,Furnished,East,Main Road,Freehold,7500000.0,875.0,2.0,2.0,2.0,1.0,ahmedabad,8571.42857142857
3.50 Cr ,Ready to Move,Resale,Furnished,East,"Garden/Park, Main Road",Freehold,35000000.0,2475.0,8.0,4.0,1.0,2.0,ahmedabad,14141.414141414141
51 Lac ,Ready to Move,Resale,Unfurnished,East,Main Road,Freehold,5100000.0,990.0,1.0,3.0,2.0,0.0,ahmedabad,5151.515151515152
65 Lac ,Ready to Move,Resale,Unfurnished,,,,6500000.0,1485.0,3.0,3.0,1.0,0.0,ahmedabad,4377.104377104377
95 Lac ,Ready to Move,Resale,Unfurnished,,"Garden/Park, Main Road",Freehold,9500000.0,1620.0,4.0,3.0,3.0,1.0,ahmedabad,5864.197530864198
1.35 Cr ,Ready to Move,Resale,Semi-Furnished,West,"Garden/Park, Pool, Main Road",Leasehold,13500000.0,1575.0,4.0,3.0,1.0,1.0,ahmedabad,8571.42857142857
3.65 Cr ,Ready to Move,Resale,Unfurnished,East,,Freehold,36500000.0,4734.0,16.0,5.0,1.0,2.0,ahmedabad,7710.181664554289
65 Lac ,Ready to Move,Resale,Unfurnished,East,"Garden/Park, Main Road",Freehold,6500000.0,927.0,12.0,3.0,1.0,1.0,ahmedabad,7011.8662351672065
1.32 Cr ,Ready to Move,Resale,Furnished,East,Garden/Park,Freehold,13200000.0,2160.0,1.0,3.0,2.0,0.0,ahmedabad,6111.111111111111
64 Lac ,Ready to Move,Resale,Unfurnished,,,,6400000.0,1755.0,5.0,3.0,0.0,0.0,ahmedabad,3646.7236467236467
70 Lac ,Ready to Move,Resale,Unfurnished,East,Main Road,Freehold,7000000.0,1800.0,1.0,2.0,1.0,1.0,ahmedabad,3888.8888888888887
61 Lac ,Ready to Move,Resale,Semi-Furnished,,,,6100000.0,1080.0,1.0,2.0,2.0,0.0,ahmedabad,5648.148148148148
75 Lac ,Ready to Move,Resale,Unfurnished,,,,7500000.0,1773.0,3.0,3.0,0.0,0.0,ahmedabad,4230.118443316413
93 Lac ,Ready to Move,Resale,Unfurnished,,,,9300000.0,1962.0,6.0,3.0,0.0,0.0,ahmedabad,4740.061162079511
50 Lac ,Ready to Move,New Property,Semi-Furnished,,,,5000000.0,1000.0,4.0,2.0,1.0,0.0,ahmedabad,5000.0
52.3 Lac ,Ready to Move,Resale,Unfurnished,,Main Road,Freehold,5230000.0,900.0,1.0,2.0,2.0,0.0,ahmedabad,5811.111111111111
37 Lac ,Ready to Move,Resale,Unfurnished,,,,3700000.0,1100.0,1.0,2.0,0.0,0.0,ahmedabad,3363.6363636363635
2.40 Cr ,Ready to Move,Resale,Unfurnished,East,Main Road,Freehold,24000000.0,2007.0,0.0,3.0,3.0,1.0,ahmedabad,11958.146487294469
1.18 Cr ,Ready to Move,New Property,Unfurnished,East,"Main Road, Garden/Park, Pool",Freehold,11800000.0,2623.0,7.0,4.0,1.0,2.0,ahmedabad,4498.665650019062
56 Lac ,Ready to Move,Resale,Semi-Furnished,East,Garden/Park,Freehold,5600000.0,839.592,1.0,2.0,2.0,0.0,ahmedabad,6669.906335458175
2.11 Cr ,Ready to Move,New Property,Unfurnished,East,"Garden/Park, Pool, Main Road",Freehold,21100000.0,1707.0,6.0,4.0,1.0,2.0,ahmedabad,12360.867018160516
65 Lac ,Ready to Move,Resale,Unfurnished,East,Main Road,Freehold,6500000.0,945.0,3.0,2.0,2.0,0.0,ahmedabad,6878.306878306878
5.60 Cr ,Ready to Move,Resale,Semi-Furnished,East,Garden/Park,Freehold,56000000.0,2750.0,6.0,4.0,4.0,2.0,bangalore,20363.636363636364
8 Lac ,Ready to Move,Resale,Unfurnished,,,,800000.0,30.0,3.0,2.0,1.0,0.0,bangalore,26666.666666666668
70 Lac ,Ready to Move,Resale,Semi-Furnished,,,,7000000.0,1314.0,10.0,2.0,0.0,0.0,bangalore,5327.245053272451
31.4 Lac ,Ready to Move,New Property,Unfurnished,East,"Main Road, Garden/Park, Pool",Freehold,3140000.0,454.0,2.0,1.0,1.0,1.0,bangalore,6916.299559471366
1.50 Cr ,Ready to Move,Resale,Semi-Furnished,North,"Garden/Park, Main Road",Freehold,15000000.0,1395.0,3.0,3.0,3.0,1.0,bangalore,10752.68817204301
70 Lac ,Ready to Move,Resale,Furnished,North,Main Road,Freehold,7000000.0,1060.0,0.0,2.0,0.0,1.0,bangalore,6603.773584905661
40 Lac ,Ready to Move,Resale,Unfurnished,East,Main Road,Leasehold,4000000.0,863.0,1.0,2.0,2.0,0.0,bangalore,4634.994206257242
86 Lac ,Ready to Move,Resale,Semi-Furnished,North - East,"Pool, Main Road",Freehold,8600000.0,1020.0,4.0,2.0,1.0,1.0,bangalore,8431.372549019608
76 Lac ,Ready to Move,New Property,Unfurnished,East,"Garden/Park, Pool",Freehold,7600000.0,700.0,14.0,2.0,2.0,1.0,bangalore,10857.142857142857
97 Lac ,Ready to Move,Resale,Semi-Furnished,,,,9700000.0,1500.0,1.0,3.0,0.0,0.0,bangalore,6466.666666666667
95 Lac ,,Resale,Semi-Furnished,East,Garden/Park,Freehold,9500000.0,1380.0,0.0,2.0,0.0,4.0,bangalore,6884.057971014493
1.10 Cr ,Ready to Move,Resale,Furnished,East,Main Road,Freehold,11000000.0,1493.0,12.0,3.0,2.0,0.0,bangalore,7367.716008037509
2.80 Cr ,Ready to Move,Resale,Semi-Furnished,,,,28000000.0,2000.0,7.0,3.0,0.0,0.0,bangalore,14000.0
62 Lac ,Ready to Move,Resale,Semi-Furnished,East,Garden/Park,Freehold,6200000.0,662.0,10.0,1.0,0.0,1.0,bangalore,9365.558912386707
1.50 Cr ,Ready to Move,Resale,Semi-Furnished,East,Garden/Park,Freehold,15000000.0,1218.0,12.0,2.0,1.0,1.0,bangalore,12315.27093596059
2.90 Cr ,Ready to Move,Resale,Unfurnished,East,"Garden/Park, Main Road",Freehold,29000000.0,1700.0,3.0,3.0,3.0,0.0,bangalore,17058.823529411766
78 Lac ,Ready to Move,Resale,Unfurnished,,,,7800000.0,592.02,11.0,2.0,1.0,0.0,bangalore,13175.230566534914
2.75 Cr ,Ready to Move,Resale,Unfurnished,East,"Pool, Garden/Park, Main Road",Freehold,27500000.0,1602.0,12.0,4.0,1.0,0.0,bangalore,17166.042446941323
53 Lac ,Ready to Move,New Property,Unfurnished,North,Main Road,Freehold,5300000.0,790.0,3.0,2.0,2.0,1.0,bangalore,6708.860759493671
1.80 Cr ,Ready to Move,Resale,Furnished,,,,18000000.0,1829.0,4.0,3.0,0.0,0.0,bangalore,9841.443411700382
1.66 Cr ,Ready to Move,Resale,Unfurnished,,,,16600000.0,1829.0,3.0,3.0,0.0,0.0,bangalore,9075.997813012575
1.80 Cr ,Ready to Move,Resale,Semi-Furnished,,,,18000000.0,1864.0,9.0,3.0,0.0,0.0,bangalore,9656.652360515021
1.85 Cr ,Ready to Move,Resale,Semi-Furnished,,,,18500000.0,1829.0,2.0,3.0,0.0,0.0,bangalore,10114.81683980317
1.85 Cr ,Ready to Move,Resale,Semi-Furnished,,,,18500000.0,1864.0,5.0,3.0,0.0,0.0,bangalore,9924.89270386266
65 Lac ,Ready to Move,Resale,Semi-Furnished,,,,6500000.0,900.0,1.0,2.0,0.0,0.0,bangalore,7222.222222222223
50 Lac ,Ready to Move,Resale,Semi-Furnished,,,,5000000.0,845.0,2.0,2.0,2.0,0.0,bangalore,5917.15976331361
72 Lac ,Ready to Move,Resale,Furnished,,,,7200000.0,790.0,10.0,1.0,0.0,0.0,bangalore,9113.924050632912
76 Lac ,Ready to Move,Resale,Furnished,,,,7600000.0,780.0,9.0,1.0,0.0,0.0,bangalore,9743.589743589744
75 Lac ,Ready to Move,Resale,Furnished,,,,7500000.0,780.0,1.0,1.0,0.0,0.0,bangalore,9615.384615384615
75 Lac ,Ready to Move,Resale,Furnished,,,,7500000.0,780.0,12.0,1.0,0.0,0.0,bangalore,9615.384615384615
78 Lac ,Ready to Move,Resale,Semi-Furnished,,,,7800000.0,790.0,10.0,1.0,0.0,0.0,bangalore,9873.417721518987
72 Lac ,Ready to Move,Resale,Furnished,,,,7200000.0,1624.0,1.0,2.0,0.0,0.0,bangalore,4433.4975369458125
1.09 Cr ,Ready to Move,Resale,Semi-Furnished,,,,10900000.0,1528.0,2.0,3.0,0.0,0.0,bangalore,7133.507853403142
50 Lac ,Ready to Move,Resale,Semi-Furnished,,,,5000000.0,1180.0,2.0,2.0,0.0,0.0,bangalore,4237.28813559322
50 Lac ,Ready to Move,Resale,Semi-Furnished,,,,5000000.0,750.0,0.0,1.0,0.0,0.0,bangalore,6666.666666666667
3 Cr ,Ready to Move,Resale,Unfurnished,South - East,"Garden/Park, Pool, Main Road",Freehold,30000000.0,3025.0,3.0,6.0,4.0,0.0,bangalore,9917.355371900827
81 Lac ,Ready to Move,Resale,Unfurnished,West,Main Road,,8100000.0,1100.0,1.0,3.0,1.0,0.0,bangalore,7363.636363636364
95 Lac ,Ready to Move,New Property,Unfurnished,East,Main Road,Freehold,9500000.0,828.0,3.0,2.0,3.0,1.0,bangalore,11473.429951690821
60 Lac ,Ready to Move,Resale,Furnished,East,Main Road,Freehold,6000000.0,1050.0,0.0,2.0,0.0,1.0,bangalore,5714.285714285715
64.2 Lac ,Ready to Move,Resale,,,,,6420000.0,752.0,18.0,1.0,0.0,0.0,bangalore,8537.234042553191
1.20 Cr ,Ready to Move,Resale,,,,,12000000.0,1520.0,1.0,2.0,0.0,0.0,bangalore,7894.736842105263
45 Lac ,Ready to Move,New Property,Semi-Furnished,East,Main Road,Freehold,4500000.0,880.0,2.0,2.0,2.0,1.0,bangalore,5113.636363636364
55 Lac ,Ready to Move,New Property,Unfurnished,,,,5500000.0,1110.0,0.0,2.0,2.0,0.0,bangalore,4954.954954954955
60 Lac ,Ready to Move,Resale,,,,,6000000.0,1200.0,2.0,2.0,0.0,0.0,bangalore,5000.0
83 Lac ,Ready to Move,Resale,,,,,8300000.0,1810.0,6.0,4.0,0.0,0.0,bangalore,4585.635359116022
67 Lac ,Ready to Move,Resale,,,,,6700000.0,1050.0,3.0,2.0,0.0,0.0,bangalore,6380.952380952381
1.30 Cr ,Ready to Move,Resale,Furnished,,,,13000000.0,1200.0,,2.0,0.0,0.0,bangalore,10833.333333333334
1.50 Cr ,Ready to Move,Resale,,,,,15000000.0,2200.0,,2.0,0.0,0.0,bangalore,6818.181818181818
45 Lac ,Ready to Move,Resale,Semi-Furnished,,,,4500000.0,975.0,4.0,2.0,0.0,0.0,bangalore,4615.384615384615
40 Lac ,Ready to Move,Resale,Semi-Furnished,,,,4000000.0,1055.0,2.0,2.0,0.0,0.0,bangalore,3791.4691943127964
73 Lac ,Ready to Move,New Property,Semi-Furnished,,,,7300000.0,1229.0,8.0,2.0,0.0,0.0,bangalore,5939.788445890968
36.4 Lac ,Ready to Move,Resale,Unfurnished,West,,Freehold,3640000.0,1075.0,1.0,2.0,2.0,1.0,bangalore,3386.046511627907
1 Cr ,Ready to Move,Resale,,,,,10000000.0,1197.0,6.0,2.0,0.0,0.0,bangalore,8354.21888053467
3 Cr ,Ready to Move,Resale,,,,,30000000.0,8000.0,-1.0,10.0,0.0,0.0,bangalore,3750.0
1.75 Cr ,Ready to Move,Resale,Semi-Furnished,North,"Pool, Garden/Park, Main Road",Freehold,17500000.0,1800.0,16.0,3.0,3.0,0.0,bangalore,9722.222222222223
4.50 Cr ,Ready to Move,New Property,Unfurnished,East,"Garden/Park, Pool, Main Road",Freehold,45000000.0,2150.0,11.0,3.0,3.0,0.0,bangalore,20930.232558139534
79 Lac ,Ready to Move,Resale,Semi-Furnished,North,"Garden/Park, Pool",Freehold,7900000.0,900.0,1.0,2.0,2.0,0.0,bangalore,8777.777777777777
75 Lac ,Ready to Move,Resale,Furnished,,,,7500000.0,1165.0,2.0,2.0,0.0,0.0,bangalore,6437.768240343347
1.49 Cr ,Ready to Move,New Property,Unfurnished,East,"Garden/Park, Main Road",Freehold,14900000.0,1282.0,11.0,3.0,1.0,1.0,bangalore,11622.464898595943
40 Lac ,Ready to Move,Resale,,,,,4000000.0,763.0,2.0,2.0,0.0,0.0,bangalore,5242.463958060288
69 Lac ,Ready to Move,Resale,,,,,6900000.0,1250.0,1.0,2.0,0.0,0.0,bangalore,5520.0
99 Lac ,Ready to Move,Resale,Unfurnished,,,,9900000.0,1232.0,16.0,2.0,1.0,1.0,bangalore,8035.714285714285
1 Cr ,Ready to Move,Resale,Unfurnished,,,,10000000.0,1630.0,3.0,3.0,0.0,0.0,bangalore,6134.9693251533745
70 Lac ,Ready to Move,Resale,,,,,7000000.0,1265.0,2.0,2.0,0.0,0.0,bangalore,5533.596837944664
1.23 Cr ,Ready to Move,New Property,Unfurnished,,,,12300000.0,1405.0,,2.0,0.0,1.0,bangalore,8754.448398576513
1.24 Cr ,Ready to Move,New Property,Unfurnished,,,,12400000.0,1425.0,,2.0,0.0,1.0,bangalore,8701.754385964912
1.26 Cr ,Ready to Move,New Property,Unfurnished,,,,12600000.0,1450.0,,2.0,0.0,1.0,bangalore,8689.655172413793
1.32 Cr ,Ready to Move,New Property,Unfurnished,,,,13200000.0,1520.0,,2.0,0.0,1.0,bangalore,8684.21052631579
3.50 Cr ,Ready to Move,Resale,Semi-Furnished,,,,35000000.0,3662.0,0.0,3.0,2.0,0.0,bangalore,9557.618787547788
57.8 Lac ,Ready to Move,New Property,Unfurnished,,,,5780000.0,1050.0,2.0,2.0,0.0,0.0,bangalore,5504.761904761905
65 Lac ,Ready to Move,Resale,,,,,6500000.0,950.0,2.0,2.0,0.0,0.0,bangalore,6842.105263157895
1.10 Cr ,Ready to Move,Resale,Semi-Furnished,North,Main Road,Freehold,11000000.0,1550.0,2.0,3.0,1.0,0.0,bangalore,7096.774193548387
49 Lac ,Ready to Move,Resale,,,,,4900000.0,960.0,3.0,2.0,0.0,0.0,bangalore,5104.166666666667
50 Lac ,Ready to Move,Resale,,,,,5000000.0,1225.0,4.0,2.0,0.0,0.0,bangalore,4081.6326530612246
3.50 Cr ,Ready to Move,Resale,,,,,35000000.0,2750.0,8.0,3.0,0.0,0.0,bangalore,12727.272727272728
2.75 Cr ,Ready to Move,Resale,Semi-Furnished,,,Freehold,27500000.0,2500.0,2.0,3.0,0.0,1.0,bangalore,11000.0
2.15 Cr ,Ready to Move,Resale,Semi-Furnished,East,Garden/Park,Freehold,21500000.0,1887.0,1.0,3.0,0.0,1.0,bangalore,11393.746687864335
1.50 Cr ,Ready to Move,Resale,Furnished,,,,15000000.0,1304.0,12.0,2.0,0.0,0.0,bangalore,11503.067484662577
56 Lac ,Ready to Move,Resale,Unfurnished,,,,5600000.0,1000.0,2.0,2.0,0.0,0.0,bangalore,5600.0
75 Lac ,Ready to Move,Resale,,,,,7500000.0,1400.0,2.0,2.0,0.0,0.0,bangalore,5357.142857142857
49 Lac ,Ready to Move,Resale,,,,,4900000.0,1200.0,2.0,2.0,0.0,0.0,bangalore,4083.3333333333335
45 Lac ,Ready to Move,Resale,,,,,4500000.0,1200.0,1.0,2.0,0.0,0.0,bangalore,3750.0
67 Lac ,Ready to Move,Resale,,,,,6700000.0,1381.0,3.0,2.0,0.0,0.0,bangalore,4851.556842867487
65 Lac ,Ready to Move,Resale,Semi-Furnished,,,,6500000.0,1380.0,1.0,2.0,0.0,0.0,bangalore,4710.144927536232
65 Lac ,Ready to Move,Resale,Semi-Furnished,,,,6500000.0,1500.0,1.0,2.0,0.0,0.0,bangalore,4333.333333333333
67 Lac ,Ready to Move,Resale,Semi-Furnished,,,,6700000.0,1565.0,7.0,2.0,0.0,0.0,bangalore,4281.150159744409
1.10 Cr ,Ready to Move,Resale,Semi-Furnished,,,,11000000.0,1590.0,3.0,1.0,0.0,0.0,bangalore,6918.238993710692
54 Lac ,Ready to Move,New Property,Unfurnished,,,,5400000.0,1404.0,10.0,2.0,0.0,0.0,bangalore,3846.153846153846
55 Lac ,Ready to Move,Resale,Unfurnished,,,,5500000.0,1310.0,8.0,2.0,0.0,0.0,bangalore,4198.473282442748
55 Lac ,Ready to Move,Resale,Semi-Furnished,,,,5500000.0,1310.0,11.0,2.0,0.0,0.0,bangalore,4198.473282442748
90 Lac ,Ready to Move,Resale,Semi-Furnished,South - East,,Power Of Attorney,9000000.0,2900.0,4.0,3.0,6.0,1.0,bangalore,3103.448275862069
60 Lac ,Ready to Move,Resale,,,,,6000000.0,1200.0,4.0,2.0,0.0,0.0,bangalore,5000.0
1.80 Cr ,Ready to Move,Resale,Unfurnished,North - East,Garden/Park,Freehold,18000000.0,2990.0,0.0,4.0,2.0,0.0,bangalore,6020.066889632107
64.9 Lac ,Ready to Move,New Property,Unfurnished,East,"Garden/Park, Pool, Main Road",Freehold,6490000.000000001,680.0,5.0,2.0,1.0,1.0,bangalore,9544.117647058825
61.6 Lac ,Ready to Move,New Property,Semi-Furnished,,,,6160000.0,1310.0,4.0,2.0,0.0,0.0,bangalore,4702.2900763358775
1.10 Cr ,Ready to Move,Resale,,,,,11000000.0,1460.0,0.0,3.0,0.0,0.0,bangalore,7534.246575342466
68 Lac ,Ready to Move,Other,Furnished,,,,6800000.0,1197.0,1.0,2.0,0.0,0.0,bangalore,5680.868838763576
1.40 Cr ,Ready to Move,New Property,Unfurnished,East,"Garden/Park, Pool",Freehold,14000000.0,1650.0,8.0,3.0,3.0,1.0,bangalore,8484.848484848484
3.50 Cr ,Ready to Move,Resale,Semi-Furnished,East,"Pool, Garden/Park, Main Road",Freehold,35000000.0,1400.0,16.0,3.0,2.0,0.0,bangalore,25000.0
55 Lac ,Ready to Move,Resale,Unfurnished,North,"Garden/Park, Pool",Freehold,5500000.0,1000.0,3.0,2.0,1.0,147.0,bangalore,5500.0
75 Lac ,Ready to Move,Resale,,,,,7500000.0,1050.0,2.0,2.0,0.0,0.0,bangalore,7142.857142857143
28 Lac ,Ready to Move,Resale,Unfurnished,South,,Freehold,2800000.0,650.0,1.0,1.0,1.0,1.0,bangalore,4307.692307692308
1.15 Cr ,Ready to Move,Resale,Unfurnished,,,,11500000.0,975.0,19.0,2.0,1.0,0.0,bangalore,11794.871794871795
1.40 Cr ,Ready to Move,Resale,Semi-Furnished,East,"Garden/Park, Pool",Leasehold,14000000.0,1000.0,4.0,2.0,1.0,1.0,bangalore,14000.0
5.20 Cr ,Ready to Move,Resale,Unfurnished,West,"Pool, Garden/Park, Main Road",Freehold,52000000.0,2100.0,9.0,4.0,4.0,0.0,bangalore,24761.904761904763
90 Lac ,Ready to Move,Resale,Semi-Furnished,East,Garden/Park,,9000000.0,1547.0,4.0,2.0,0.0,1.0,bangalore,5817.711700064641
1.40 Cr ,Ready to Move,Resale,Furnished,West,,Co-operative Society,14000000.0,1650.0,3.0,3.0,2.0,3.0,bangalore,8484.848484848484
80 Lac ,Ready to Move,Resale,Unfurnished,,,,8000000.0,1300.0,2.0,3.0,0.0,0.0,bangalore,6153.846153846154
80 Lac ,Ready to Move,Resale,Semi-Furnished,,,,8000000.0,1257.0,3.0,2.0,0.0,0.0,bangalore,6364.3595863166265
80 Lac ,Ready to Move,Resale,Semi-Furnished,,,,8000000.0,1257.0,2.0,2.0,0.0,0.0,bangalore,6364.3595863166265
81 Lac ,Ready to Move,Resale,Semi-Furnished,,,,8100000.0,1257.0,2.0,2.0,0.0,0.0,bangalore,6443.9140811455845
2.35 Cr ,Ready to Move,Resale,Furnished,West,"Garden/Park, Main Road",Freehold,23500000.0,2400.0,14.0,3.0,3.0,2.0,bangalore,9791.666666666666
57 Lac ,Ready to Move,Resale,Semi-Furnished,,,,5700000.0,1145.0,2.0,2.0,2.0,1.0,bangalore,4978.1659388646285
65 Lac ,Ready to Move,Resale,,,,,6500000.0,1175.0,1.0,2.0,0.0,0.0,bangalore,5531.914893617021
82 Lac ,Ready to Move,Resale,Semi-Furnished,,,,8200000.0,1257.0,2.0,2.0,0.0,0.0,bangalore,6523.468575974543
79 Lac ,Ready to Move,Resale,Unfurnished,South,"Garden/Park, Pool, Main Road",Freehold,7900000.0,1050.0,7.0,2.0,2.0,1.0,bangalore,7523.809523809524
80 Lac ,Ready to Move,Resale,Unfurnished,,,,8000000.0,1300.0,6.0,2.0,2.0,0.0,bangalore,6153.846153846154
1.50 Cr ,Ready to Move,Resale,,,,,15000000.0,4500.0,,2.0,0.0,0.0,bangalore,3333.3333333333335
70 Lac ,Ready to Move,Resale,Semi-Furnished,East,Main Road,Freehold,7000000.0,1472.0,4.0,2.0,0.0,1.0,bangalore,4755.434782608696
40 Lac ,Ready to Move,Resale,Unfurnished,,,,4000000.0,890.0,1.0,3.0,1.0,0.0,bangalore,4494.38202247191
57 Lac ,Ready to Move,Resale,Semi-Furnished,,,,5700000.0,1238.0,10.0,2.0,0.0,0.0,bangalore,4604.200323101777
63.9 Lac ,Ready to Move,Resale,Unfurnished,,,,6390000.0,1239.0,10.0,2.0,0.0,0.0,bangalore,5157.3849878934625
62.5 Lac ,Ready to Move,Resale,Semi-Furnished,,,,6250000.0,1188.0,2.0,2.0,0.0,0.0,bangalore,5260.942760942761
64 Lac ,Ready to Move,Resale,Semi-Furnished,,,,6400000.0,1216.0,2.0,2.0,0.0,0.0,bangalore,5263.1578947368425
64 Lac ,Ready to Move,Resale,Semi-Furnished,,,,6400000.0,1148.0,5.0,2.0,0.0,0.0,bangalore,5574.912891986062
57 Lac ,Ready to Move,Resale,Furnished,,,,5700000.0,830.0,8.0,1.0,0.0,0.0,bangalore,6867.469879518072
68 Lac ,Ready to Move,Resale,Semi-Furnished,,,,6800000.0,1028.0,3.0,2.0,0.0,0.0,bangalore,6614.785992217899
60 Lac ,Ready to Move,Resale,Semi-Furnished,,,,6000000.0,1450.0,2.0,3.0,0.0,0.0,bangalore,4137.931034482759
1.39 Cr ,Ready to Move,New Property,Unfurnished,East,"Main Road, Garden/Park",Freehold,13899999.999999998,1225.0,31.0,3.0,1.0,1.0,bangalore,11346.938775510203
1.45 Cr ,Ready to Move,Resale,Unfurnished,,,,14500000.0,1250.0,7.0,3.0,2.0,0.0,bangalore,11600.0
2.75 Cr ,Ready to Move,Resale,Unfurnished,West,Main Road,Freehold,27500000.0,1374.0,12.0,3.0,2.0,1.0,bangalore,20014.556040756914
46 Lac ,Ready to Move,Resale,Furnished,South - East,Main Road,Freehold,4600000.0,1007.0,0.0,2.0,2.0,1.0,bangalore,4568.023833167826
72 Lac ,Ready to Move,Resale,Unfurnished,East,"Garden/Park, Pool",Co-operative Society,7200000.0,1199.0,0.0,2.0,1.0,0.0,bangalore,6005.004170141785
2.21 Cr ,Ready to Move,Resale,Semi-Furnished,North,"Main Road, Garden/Park",Freehold,22100000.0,1400.0,8.0,3.0,1.0,1.0,bangalore,15785.714285714286
1.72 Cr ,Ready to Move,Resale,Semi-Furnished,North - East,"Main Road, Garden/Park, Pool",Freehold,17200000.0,1100.0,10.0,3.0,1.0,1.0,bangalore,15636.363636363636
57 Lac ,Ready to Move,New Property,Unfurnished,North,Main Road,Freehold,5700000.0,1020.0,1.0,3.0,3.0,1.0,bangalore,5588.235294117647
97 Lac ,Ready to Move,Resale,Semi-Furnished,East,"Pool, Garden/Park",Freehold,9700000.0,1000.0,12.0,2.0,2.0,0.0,bangalore,9700.0
75 Lac ,Ready to Move,New Property,Unfurnished,North - East,Pool,Freehold,7500000.0,750.0,10.0,2.0,1.0,1.0,bangalore,10000.0
87 Lac ,Ready to Move,Resale,Semi-Furnished,North - East,,Freehold,8700000.0,1139.0,3.0,2.0,2.0,1.0,bangalore,7638.279192273924
2.06 Cr ,Ready to Move,Resale,Semi-Furnished,East,"Main Road, Garden/Park, Pool",,20600000.0,1400.0,2.0,3.0,1.0,0.0,bangalore,14714.285714285714
1.49 Cr ,Ready to Move,New Property,Unfurnished,East,"Garden/Park, Pool",Freehold,14900000.0,1120.0,8.0,3.0,2.0,1.0,bangalore,13303.57142857143
34 Lac ,Ready to Move,Resale,Semi-Furnished,,,,3400000.0,550.0,1.0,2.0,1.0,0.0,bangalore,6181.818181818182
84 Lac ,Ready to Move,Resale,Semi-Furnished,West,"Garden/Park, Pool, Main Road",Freehold,8400000.0,1235.0,9.0,2.0,3.0,1.0,bangalore,6801.619433198381
3 Cr ,Ready to Move,Resale,Unfurnished,East,Main Road,Freehold,30000000.0,1516.0,12.0,4.0,2.0,1.0,bangalore,19788.918205804748
1.68 Cr ,Ready to Move,New Property,Unfurnished,West,Main Road,Freehold,16800000.0,1375.0,9.0,3.0,3.0,2.0,bangalore,12218.181818181818
56 Lac ,Ready to Move,Resale,Semi-Furnished,West,Main Road,Freehold,5600000.0,1100.0,3.0,2.0,1.0,1.0,bangalore,5090.909090909091
65 Lac ,Ready to Move,Resale,Furnished,North,"Garden/Park, Main Road",Freehold,6500000.0,1080.0,5.0,2.0,2.0,1.0,bangalore,6018.518518518518
47 Lac ,Ready to Move,Resale,Unfurnished,East,"Garden/Park, Pool, Main Road",Freehold,4700000.0,940.0,6.0,2.0,1.0,1.0,bangalore,5000.0
70 Lac ,Ready to Move,Resale,Furnished,North,"Pool, Garden/Park, Main Road",Freehold,7000000.0,1200.0,3.0,2.0,1.0,1.0,bangalore,5833.333333333333
4.50 Cr ,Ready to Move,New Property,Semi-Furnished,North,Main Road,Freehold,45000000.0,3165.0,19.0,3.0,3.0,0.0,bangalore,14218.009478672986
76.5 Lac ,Ready to Move,New Property,Unfurnished,East,Main Road,Freehold,7650000.0,858.0,9.0,2.0,2.0,0.0,bangalore,8916.083916083917
75 Lac ,Ready to Move,Resale,Semi-Furnished,,,,7500000.0,925.0,3.0,2.0,2.0,0.0,bangalore,8108.108108108108
78 Lac ,Ready to Move,Resale,Furnished,South,Main Road,Freehold,7800000.0,1200.0,1.0,3.0,1.0,1.0,bangalore,6500.0
65 Lac ,Ready to Move,Resale,Semi-Furnished,East,Garden/Park,Freehold,6500000.0,485.0,7.0,1.0,0.0,0.0,bangalore,13402.061855670103
68.5 Lac ,Ready to Move,Resale,Semi-Furnished,,,,6850000.0,1428.0,4.0,2.0,0.0,0.0,bangalore,4796.9187675070025
1.90 Cr ,Ready to Move,Resale,Semi-Furnished,East,,,19000000.0,1200.0,0.0,9.0,0.0,0.0,bangalore,15833.333333333334
1.30 Cr ,Ready to Move,New Property,Semi-Furnished,East,"Garden/Park, Pool, Main Road",Freehold,13000000.0,1500.0,5.0,3.0,1.0,1.0,bangalore,8666.666666666666
36.5 Lac ,Ready to Move,Resale,Unfurnished,North - East,Main Road,Freehold,3650000.0,608.0,11.0,1.0,1.0,1.0,bangalore,6003.289473684211
29 Lac ,Ready to Move,Resale,Semi-Furnished,West,Main Road,Freehold,2900000.0,780.0,0.0,2.0,0.0,20.0,bangalore,3717.948717948718
4.75 Cr ,Ready to Move,Resale,Unfurnished,,Garden/Park,Freehold,47500000.0,3585.0,23.0,5.0,3.0,2.0,bangalore,13249.651324965133
2.75 Cr ,Ready to Move,Resale,Furnished,East,,Freehold,27500000.0,2450.0,4.0,4.0,3.0,0.0,bangalore,11224.489795918367
2.30 Cr ,Ready to Move,Resale,Semi-Furnished,North,"Pool, Garden/Park",Freehold,23000000.0,2200.0,6.0,4.0,1.0,0.0,bangalore,10454.545454545454
1.20 Cr ,Ready to Move,New Property,Unfurnished,East,Garden/Park,Freehold,12000000.0,809.0,25.0,2.0,1.0,0.0,bangalore,14833.127317676144
1.48 Cr ,Ready to Move,New Property,Unfurnished,East,Garden/Park,Freehold,14800000.0,1120.0,5.0,3.0,2.0,1.0,bangalore,13214.285714285714
22 Lac ,Ready to Move,Resale,Unfurnished,,,,2200000.0,440.0,2.0,1.0,1.0,0.0,bangalore,5000.0
60 Lac ,Ready to Move,Resale,Unfurnished,East,"Garden/Park, Pool, Main Road",Freehold,6000000.0,800.0,1.0,2.0,2.0,1.0,bangalore,7500.0
37.8 Lac ,Ready to Move,Resale,Semi-Furnished,West,Garden/Park,Freehold,3779999.9999999995,1075.0,2.0,2.0,0.0,0.0,bangalore,3516.2790697674413
2.53 Cr ,Ready to Move,New Property,Semi-Furnished,East,Main Road,Freehold,25299999.999999996,1537.0,0.0,3.0,1.0,2.0,bangalore,16460.63760572544
1.10 Cr ,Ready to Move,Resale,Semi-Furnished,West,Main Road,,11000000.0,2420.0,1.0,3.0,0.0,2.0,bangalore,4545.454545454545
63.6 Lac ,Ready to Move,New Property,Unfurnished,East,Main Road,Freehold,6360000.0,1111.0,1.0,3.0,2.0,1.0,bangalore,5724.572457245725
75 Lac ,Ready to Move,Resale,Semi-Furnished,North - East,,Freehold,7500000.0,1150.0,5.0,2.0,1.0,1.0,bangalore,6521.739130434783
1.59 Cr ,Ready to Move,Resale,Semi-Furnished,East,Garden/Park,Freehold,15900000.0,1450.0,9.0,3.0,2.0,1.0,bangalore,10965.51724137931
54 Lac ,Ready to Move,Resale,Unfurnished,,,,5400000.0,1250.0,6.0,2.0,0.0,1.0,bangalore,4320.0
56.9 Lac ,Ready to Move,New Property,Unfurnished,,,,5690000.0,606.0,,1.0,0.0,0.0,bangalore,9389.438943894389
4.20 Cr ,Ready to Move,Resale,Unfurnished,North - West,"Garden/Park, Main Road",Freehold,42000000.0,2200.0,8.0,4.0,0.0,0.0,bangalore,19090.909090909092
85 Lac ,Ready to Move,Resale,Semi-Furnished,,,,8500000.0,800.0,3.0,2.0,0.0,0.0,bangalore,10625.0
1.33 Cr ,Ready to Move,New Property,Unfurnished,North - East,"Garden/Park, Main Road",Freehold,13300000.0,1125.0,10.0,2.0,2.0,1.0,bangalore,11822.222222222223
1.40 Cr ,Ready to Move,Resale,Semi-Furnished,West,Garden/Park,Freehold,14000000.0,1218.0,13.0,2.0,1.0,1.0,bangalore,11494.252873563219
2.47 Cr ,Ready to Move,Resale,Unfurnished,North - East,"Pool, Garden/Park, Main Road",Freehold,24700000.000000004,1901.0,10.0,3.0,0.0,1.0,bangalore,12993.161493950554
1.25 Cr ,Ready to Move,Resale,Semi-Furnished,,,,12500000.0,1650.0,1.0,2.0,0.0,0.0,bangalore,7575.757575757576
1.45 Cr ,,New Property,Unfurnished,,,,14500000.0,950.0,-1.0,6.0,3.0,0.0,bangalore,15263.157894736842
28 Lac ,Ready to Move,Resale,Unfurnished,,,,2800000.0,840.0,3.0,2.0,0.0,0.0,bangalore,3333.3333333333335
3 Cr ,Ready to Move,Resale,Semi-Furnished,East,Garden/Park,Freehold,30000000.0,1600.0,27.0,4.0,2.0,1.0,bangalore,18750.0
2.40 Cr ,Ready to Move,Resale,Furnished,,,,24000000.0,1839.0,12.0,3.0,2.0,0.0,bangalore,13050.570962479609
47 Lac ,Ready to Move,Resale,Furnished,East,Main Road,Freehold,4700000.0,850.0,2.0,2.0,1.0,1.0,bangalore,5529.411764705882
1.32 Cr ,Ready to Move,Resale,Furnished,East,Garden/Park,Leasehold,13200000.0,2700.0,12.0,3.0,5.0,2.0,bangalore,4888.888888888889
1.45 Cr ,Ready to Move,Resale,Unfurnished,East,Garden/Park,Freehold,14500000.0,2200.0,2.0,3.0,3.0,0.0,bangalore,6590.909090909091
1.30 Cr ,Ready to Move,New Property,Semi-Furnished,East,Garden/Park,Freehold,13000000.0,1350.0,13.0,2.0,1.0,1.0,bangalore,9629.62962962963
55 Lac ,Ready to Move,Resale,Semi-Furnished,North,Main Road,Freehold,5500000.0,1060.0,3.0,2.0,0.0,1.0,bangalore,5188.679245283019
88 Lac ,Ready to Move,Resale,Semi-Furnished,,,,8800000.0,1386.0,3.0,2.0,2.0,0.0,bangalore,6349.206349206349
1.20 Cr ,Ready to Move,Resale,Semi-Furnished,,,,12000000.0,1290.0,19.0,2.0,0.0,0.0,bangalore,9302.32558139535
88 Lac ,Ready to Move,Resale,Semi-Furnished,East,Main Road,Freehold,8800000.0,1350.0,1.0,2.0,2.0,2.0,bangalore,6518.518518518518
1.50 Cr ,Ready to Move,Resale,Semi-Furnished,West,,Freehold,15000000.0,1300.0,4.0,3.0,3.0,1.0,bangalore,11538.461538461539
98 Lac ,Ready to Move,New Property,Unfurnished,East,"Pool, Garden/Park, Main Road",Freehold,9800000.0,1350.0,9.0,2.0,2.0,1.0,bangalore,7259.259259259259
79 Lac ,Ready to Move,Resale,Unfurnished,West,,Freehold,7900000.0,1146.0,3.0,2.0,0.0,0.0,bangalore,6893.542757417103
1.68 Cr ,Ready to Move,Resale,Unfurnished,South,"Garden/Park, Pool, Main Road",Freehold,16800000.0,1850.0,3.0,3.0,2.0,1.0,bangalore,9081.081081081082
4.15 Cr ,Ready to Move,New Property,Semi-Furnished,North - East,"Main Road, Garden/Park",Freehold,41500000.0,3600.0,4.0,5.0,2.0,0.0,bangalore,11527.777777777777
1.05 Cr ,Ready to Move,Resale,Semi-Furnished,,,,10500000.0,1460.0,14.0,3.0,2.0,0.0,bangalore,7191.780821917808
98.2 Lac ,Ready to Move,Resale,Semi-Furnished,East,Garden/Park,Freehold,9820000.0,1637.0,0.0,3.0,2.0,1.0,bangalore,5998.7782529016495
41.5 Lac ,Ready to Move,Resale,Semi-Furnished,North,Main Road,Freehold,4150000.0,800.0,2.0,2.0,3.0,1.0,bangalore,5187.5
85 Lac ,Ready to Move,Resale,Unfurnished,East,"Garden/Park, Pool, Main Road",Freehold,8500000.0,1165.0,10.0,2.0,1.0,1.0,bangalore,7296.137339055794
51 Lac ,Ready to Move,Resale,Semi-Furnished,West,,Freehold,5100000.0,1120.0,4.0,2.0,2.0,0.0,bangalore,4553.571428571428
62 Lac ,Ready to Move,Resale,Unfurnished,,,,6200000.0,1253.0,5.0,2.0,0.0,0.0,bangalore,4948.124501197127
62 Lac ,Ready to Move,New Property,Semi-Furnished,,,,6200000.0,1400.0,6.0,2.0,0.0,0.0,bangalore,4428.571428571428
3.20 Cr ,Ready to Move,Resale,Furnished,,,,32000000.0,2400.0,1.0,3.0,0.0,0.0,bangalore,13333.333333333334
3.20 Cr ,Ready to Move,Resale,Unfurnished,,,,32000000.0,2046.0,0.0,3.0,0.0,0.0,bangalore,15640.273704789834
3.20 Cr ,Ready to Move,Resale,Furnished,,,,32000000.0,2046.0,0.0,3.0,0.0,0.0,bangalore,15640.273704789834
3.25 Cr ,Ready to Move,Resale,Semi-Furnished,,,,32500000.0,2046.0,1.0,3.0,0.0,0.0,bangalore,15884.652981427174
3.70 Cr ,Ready to Move,Resale,Semi-Furnished,,,,37000000.0,2962.0,11.0,3.0,0.0,0.0,bangalore,12491.559756920999
3.90 Cr ,Ready to Move,Resale,Unfurnished,West,Garden/Park,Freehold,39000000.0,3500.0,13.0,5.0,2.0,1.0,bangalore,11142.857142857143
55 Lac ,Ready to Move,Resale,Furnished,East,"Pool, Garden/Park, Main Road",Leasehold,5500000.0,1168.0,2.0,2.0,1.0,3.0,bangalore,4708.904109589041
62 Lac ,Ready to Move,Resale,Unfurnished,East,Garden/Park,Leasehold,6200000.0,1082.0,2.0,2.0,1.0,0.0,bangalore,5730.129390018485
2.40 Cr ,Ready to Move,Resale,Unfurnished,North - West,Garden/Park,Freehold,24000000.0,1610.0,2.0,3.0,3.0,0.0,bangalore,14906.832298136645
58 Lac ,Ready to Move,New Property,Unfurnished,North,,Freehold,5800000.0,1130.0,1.0,2.0,1.0,1.0,bangalore,5132.743362831859
5.80 Cr ,Ready to Move,New Property,Unfurnished,North,"Garden/Park, Pool, Main Road",Freehold,58000000.0,3100.0,4.0,4.0,2.0,1.0,bangalore,18709.677419354837
90 Lac ,Ready to Move,Resale,Furnished,West,Garden/Park,Freehold,9000000.0,980.0,9.0,2.0,0.0,1.0,bangalore,9183.673469387755
2.25 Cr ,Ready to Move,Resale,Semi-Furnished,,,,22500000.0,1100.0,4.0,2.0,2.0,0.0,bangalore,20454.545454545456
88 Lac ,Ready to Move,Resale,Unfurnished,West,Garden/Park,Freehold,8800000.0,1153.0,7.0,2.0,2.0,1.0,bangalore,7632.263660017346
62 Lac ,Ready to Move,Resale,Unfurnished,,,,6200000.0,1525.0,2.0,2.0,3.0,1.0,bangalore,4065.5737704918033
3.60 Cr ,Ready to Move,New Property,Unfurnished,East,"Pool, Garden/Park, Main Road",Freehold,36000000.0,2070.0,17.0,3.0,2.0,2.0,bangalore,17391.304347826088
1.01 Cr ,Ready to Move,New Property,Semi-Furnished,North,"Garden/Park, Pool, Main Road",Freehold,10100000.0,1500.0,7.0,3.0,1.0,1.0,bangalore,6733.333333333333
80 Lac ,Ready to Move,Resale,Semi-Furnished,East,Main Road,Freehold,8000000.0,960.0,4.0,2.0,2.0,0.0,bangalore,8333.333333333334
60 Lac ,Ready to Move,Resale,Furnished,North,Main Road,Leasehold,6000000.0,890.0,3.0,2.0,1.0,0.0,bangalore,6741.573033707865
1 Cr ,Ready to Move,Resale,Furnished,,"Garden/Park, Main Road",,10000000.0,1100.0,2.0,2.0,2.0,0.0,bangalore,9090.90909090909
43 Lac ,Ready to Move,Resale,Unfurnished,East,"Garden/Park, Pool, Main Road",Freehold,4300000.0,600.0,3.0,2.0,0.0,0.0,bangalore,7166.666666666667
1.20 Cr ,Ready to Move,New Property,Unfurnished,North,Garden/Park,Freehold,12000000.0,1700.0,7.0,3.0,2.0,0.0,bangalore,7058.823529411765
1 Cr ,Ready to Move,Resale,Semi-Furnished,West,,Power Of Attorney,10000000.0,1279.0,3.0,2.0,2.0,1.0,bangalore,7818.608287724785
4.50 Cr ,Ready to Move,New Property,Unfurnished,East,Garden/Park,Freehold,45000000.0,3000.0,4.0,4.0,3.0,2.0,bangalore,15000.0
2.90 Cr ,Ready to Move,Resale,,,,,29000000.0,3500.0,3.0,5.0,0.0,0.0,bangalore,8285.714285714286
60 Lac ,Ready to Move,Resale,Semi-Furnished,,,,6000000.0,1005.0,0.0,2.0,0.0,0.0,bangalore,5970.149253731343
65 Lac ,Ready to Move,Resale,Unfurnished,,,,6500000.0,1235.0,1.0,2.0,0.0,0.0,bangalore,5263.1578947368425
72 Lac ,Ready to Move,New Property,Unfurnished,,,,7200000.0,1195.0,2.0,2.0,0.0,0.0,bangalore,6025.104602510461
65 Lac ,Ready to Move,New Property,Unfurnished,,,,6500000.0,1300.0,3.0,2.0,0.0,0.0,bangalore,5000.0
65.1 Lac ,Ready to Move,New Property,Unfurnished,,,,6509999.999999999,1740.0,2.0,3.0,0.0,0.0,bangalore,3741.379310344827
68 Lac ,Ready to Move,Resale,Semi-Furnished,,,,6800000.0,1235.0,2.0,2.0,0.0,0.0,bangalore,5506.072874493927
72 Lac ,Ready to Move,Resale,Unfurnished,,,,7200000.0,1180.0,0.0,2.0,0.0,0.0,bangalore,6101.6949152542375
84.5 Lac ,Ready to Move,Resale,Semi-Furnished,,,,8450000.0,1240.0,4.0,2.0,0.0,0.0,bangalore,6814.5161290322585
70 Lac ,Ready to Move,Resale,Semi-Furnished,,,,7000000.0,1180.0,0.0,2.0,0.0,0.0,bangalore,5932.203389830508
77 Lac ,Ready to Move,Resale,Semi-Furnished,,,,7700000.0,1554.0,0.0,3.0,0.0,0.0,bangalore,4954.954954954955
85 Lac ,Ready to Move,Resale,Semi-Furnished,,,,8500000.0,1570.0,4.0,3.0,0.0,0.0,bangalore,5414.012738853503
58 Lac ,Ready to Move,Resale,Unfurnished,East,Garden/Park,Freehold,5800000.0,900.0,3.0,2.0,2.0,1.0,bangalore,6444.444444444444
75 Lac ,Ready to Move,Resale,Unfurnished,East,"Garden/Park, Pool",Freehold,7500000.0,1268.0,4.0,3.0,1.0,0.0,bangalore,5914.826498422713
52 Lac ,Ready to Move,New Property,Unfurnished,East,"Garden/Park, Pool, Main Road",Freehold,5200000.0,415.0,8.0,1.0,1.0,0.0,bangalore,12530.12048192771
50 Lac ,Ready to Move,Resale,Unfurnished,,"Garden/Park, Main Road",Freehold,5000000.0,1050.0,1.0,2.0,2.0,1.0,bangalore,4761.9047619047615
74 Lac ,Ready to Move,Resale,Furnished,,,,7400000.0,1300.0,4.0,2.0,0.0,0.0,bangalore,5692.307692307692
90 Lac ,Ready to Move,Resale,Semi-Furnished,North,"Pool, Garden/Park, Main Road",Freehold,9000000.0,1600.0,1.0,2.0,3.0,0.0,bangalore,5625.0
45 Lac ,Ready to Move,Resale,Furnished,South,,Freehold,4500000.0,830.0,9.0,2.0,2.0,0.0,bangalore,5421.686746987952
38.8 Lac ,Ready to Move,New Property,Unfurnished,,,,3879999.9999999995,862.0,,2.0,0.0,0.0,bangalore,4501.160092807424
39.2 Lac ,Ready to Move,New Property,Unfurnished,,,,3920000.0000000005,870.0,,2.0,0.0,0.0,bangalore,4505.747126436782
42.5 Lac ,Ready to Move,New Property,Unfurnished,,,,4250000.0,945.0,,2.0,0.0,0.0,bangalore,4497.354497354498
2.33 Cr ,Ready to Move,New Property,Unfurnished,North,"Garden/Park, Pool, Main Road",Freehold,23300000.0,1411.0,21.0,3.0,1.0,1.0,bangalore,16513.11126860383
55 Lac ,Ready to Move,New Property,Unfurnished,North,"Pool, Garden/Park, Main Road",Freehold,5500000.0,883.0,6.0,2.0,1.0,0.0,bangalore,6228.76557191393
65.3 Lac ,Ready to Move,New Property,Unfurnished,North,"Pool, Garden/Park, Main Road",Freehold,6530000.0,1082.0,6.0,2.0,1.0,0.0,bangalore,6035.120147874307
69 Lac ,Ready to Move,Resale,Unfurnished,,,,6900000.0,1097.0,4.0,2.0,1.0,0.0,bangalore,6289.881494986326
45.5 Lac ,Ready to Move,New Property,Unfurnished,,,,4550000.0,1010.0,,2.0,0.0,0.0,bangalore,4504.950495049505
45.5 Lac ,Ready to Move,New Property,Unfurnished,,,,4550000.0,1012.0,,2.0,0.0,0.0,bangalore,4496.04743083004
45.6 Lac ,Ready to Move,New Property,Unfurnished,,,,4560000.0,1013.0,,2.0,0.0,0.0,bangalore,4501.480750246792
49.1 Lac ,Ready to Move,New Property,Unfurnished,,,,4910000.0,1090.0,,2.0,0.0,0.0,bangalore,4504.587155963302
49.1 Lac ,Ready to Move,New Property,Unfurnished,,,,4910000.0,1092.0,,2.0,0.0,0.0,bangalore,4496.336996336996
49.2 Lac ,Ready to Move,New Property,Unfurnished,,,,4920000.0,1093.0,,2.0,0.0,0.0,bangalore,4501.372369624885
1.01 Cr ,Ready to Move,New Property,Unfurnished,East,"Garden/Park, Pool",Freehold,10100000.0,850.0,5.0,2.0,2.0,1.0,bangalore,11882.35294117647
63.9 Lac ,Ready to Move,New Property,Unfurnished,West,"Garden/Park, Main Road",Freehold,6390000.0,1000.0,2.0,3.0,3.0,1.0,bangalore,6390.0
56 Lac ,Ready to Move,New Property,Unfurnished,East,Main Road,Power Of Attorney,5600000.0,970.0,1.0,2.0,2.0,1.0,bangalore,5773.19587628866
2.10 Cr ,Ready to Move,Resale,Semi-Furnished,East,"Pool, Garden/Park, Main Road",Freehold,21000000.0,1990.0,5.0,3.0,2.0,1.0,bangalore,10552.763819095477
63 Lac ,Ready to Move,New Property,Unfurnished,,,,6300000.0,1400.0,,3.0,0.0,0.0,bangalore,4500.0
67 Lac ,Ready to Move,New Property,Unfurnished,,,,6700000.0,1489.0,,3.0,0.0,0.0,bangalore,4499.664204163869
67.1 Lac ,Ready to Move,New Property,Unfurnished,,,,6709999.999999999,1491.0,,3.0,0.0,0.0,bangalore,4500.335345405767
73 Lac ,Ready to Move,Resale,Semi-Furnished,,,,7300000.0,1200.0,3.0,2.0,3.0,0.0,bangalore,6083.333333333333
1.30 Cr ,Ready to Move,Resale,Semi-Furnished,,,,13000000.0,2658.0,1.0,3.0,0.0,0.0,bangalore,4890.895410082769
55 Lac ,Ready to Move,Resale,Semi-Furnished,,,,5500000.0,1200.0,1.0,2.0,0.0,0.0,bangalore,4583.333333333333
50 Lac ,Ready to Move,Resale,Semi-Furnished,East,Main Road,Freehold,5000000.0,1000.0,1.0,2.0,1.0,1.0,bangalore,5000.0
2.89 Cr ,Ready to Move,Resale,Semi-Furnished,North,"Pool, Garden/Park, Main Road",Freehold,28900000.0,1900.0,10.0,5.0,2.0,0.0,bangalore,15210.526315789473
1.02 Cr ,Ready to Move,New Property,Unfurnished,East,"Garden/Park, Pool",Freehold,10200000.0,850.0,18.0,2.0,2.0,1.0,bangalore,12000.0
80 Lac ,Ready to Move,Resale,Unfurnished,East,"Garden/Park, Pool, Main Road",,8000000.0,1510.0,3.0,2.0,2.0,0.0,bangalore,5298.013245033113
65 Lac ,Ready to Move,Resale,Semi-Furnished,East,"Pool, Garden/Park, Main Road",Freehold,6500000.0,1475.0,2.0,3.0,3.0,0.0,bangalore,4406.779661016949
2.70 Cr ,Ready to Move,New Property,Unfurnished,East,Garden/Park,Freehold,27000000.0,2500.0,18.0,4.0,3.0,2.0,bangalore,10800.0
88 Lac ,Ready to Move,Resale,Semi-Furnished,North - West,"Garden/Park, Main Road",Freehold,8800000.0,1650.0,3.0,3.0,2.0,0.0,bangalore,5333.333333333333
60 Lac ,Ready to Move,Resale,Furnished,East,"Garden/Park, Pool, Main Road",Freehold,6000000.0,950.0,4.0,2.0,1.0,0.0,bangalore,6315.789473684211
3.36 Cr ,Ready to Move,New Property,Unfurnished,East,Garden/Park,Freehold,33600000.0,2790.0,8.0,3.0,2.0,3.0,bangalore,12043.010752688173
3.37 Cr ,Ready to Move,New Property,Unfurnished,East,Garden/Park,Freehold,33700000.0,2790.0,8.0,3.0,2.0,3.0,bangalore,12078.853046594983
69 Lac ,Ready to Move,Resale,Semi-Furnished,East,,Freehold,6900000.0,1100.0,2.0,2.0,2.0,1.0,bangalore,6272.727272727273
2.38 Cr ,Ready to Move,New Property,Unfurnished,East,Garden/Park,Freehold,23800000.0,1485.0,2.0,3.0,2.0,1.0,bangalore,16026.936026936028
5.50 Cr ,Ready to Move,New Property,Unfurnished,East,Garden/Park,Freehold,55000000.0,4000.0,8.0,4.0,2.0,3.0,bangalore,13750.0
40 Lac ,Ready to Move,Resale,Furnished,,,,4000000.0,700.0,11.0,2.0,0.0,0.0,bangalore,5714.285714285715
75.8 Lac ,Ready to Move,Resale,Semi-Furnished,,,,7580000.0,1165.0,0.0,2.0,0.0,0.0,bangalore,6506.437768240344
74 Lac ,Ready to Move,Resale,Semi-Furnished,,,,7400000.0,1413.0,8.0,2.0,0.0,0.0,bangalore,5237.0842179759375
1 Cr ,Ready to Move,New Property,Unfurnished,North,"Garden/Park, Main Road",Freehold,10000000.0,950.0,7.0,2.0,2.0,1.0,bangalore,10526.315789473685
1.20 Cr ,Ready to Move,Resale,Unfurnished,East,,Freehold,12000000.0,825.0,12.0,2.0,1.0,1.0,bangalore,14545.454545454546
72 Lac ,Ready to Move,New Property,Semi-Furnished,East,Main Road,Freehold,7200000.0,1050.0,2.0,2.0,2.0,1.0,bangalore,6857.142857142857
1.44 Cr ,Ready to Move,Resale,Unfurnished,West,Main Road,Freehold,14400000.0,1197.0,17.0,3.0,1.0,0.0,bangalore,12030.075187969926
90 Lac ,Ready to Move,Resale,Semi-Furnished,,,,9000000.0,1735.0,2.0,2.0,0.0,0.0,bangalore,5187.319884726225
1.70 Cr ,Ready to Move,Resale,Semi-Furnished,East,,Freehold,17000000.0,2100.0,2.0,3.0,1.0,1.0,bangalore,8095.238095238095
2.35 Cr ,Ready to Move,Resale,Unfurnished,,,,23500000.0,650.0,2.0,1.0,0.0,0.0,bangalore,36153.846153846156
1 Cr ,Ready to Move,Resale,Semi-Furnished,East,"Garden/Park, Pool",Freehold,10000000.0,1447.0,10.0,3.0,2.0,0.0,bangalore,6910.85003455425
1.60 Cr ,Ready to Move,Resale,Semi-Furnished,West,Garden/Park,Freehold,16000000.0,900.0,8.0,2.0,1.0,0.0,bangalore,17777.777777777777
1.10 Cr ,Ready to Move,Resale,Unfurnished,East,,Freehold,11000000.0,1800.0,3.0,5.0,2.0,0.0,bangalore,6111.111111111111
50 Lac ,Ready to Move,Resale,Semi-Furnished,,,,5000000.0,1162.0,2.0,2.0,2.0,0.0,bangalore,4302.925989672977
52 Lac ,Ready to Move,Resale,Semi-Furnished,,,,5200000.0,905.0,4.0,2.0,0.0,0.0,bangalore,5745.85635359116
58 Lac ,Ready to Move,Resale,Semi-Furnished,,,,5800000.0,949.0,5.0,2.0,0.0,0.0,bangalore,6111.696522655427
1.16 Cr ,Ready to Move,Resale,Semi-Furnished,,,,11600000.0,1444.0,-1.0,2.0,0.0,0.0,bangalore,8033.2409972299165
1.16 Cr ,Ready to Move,Resale,Semi-Furnished,,,,11600000.0,1428.0,5.0,2.0,0.0,0.0,bangalore,8123.249299719888
89 Lac ,Ready to Move,New Property,Unfurnished,West,Garden/Park,Freehold,8900000.0,850.0,2.0,2.0,1.0,1.0,bangalore,10470.588235294117
75 Lac ,Ready to Move,Resale,Semi-Furnished,,,,7500000.0,1525.0,0.0,2.0,0.0,0.0,bangalore,4918.0327868852455
4.89 Cr ,Ready to Move,New Property,Unfurnished,West,"Garden/Park, Pool",Freehold,48900000.0,4112.0,17.0,3.0,2.0,2.0,bangalore,11892.023346303502
1.25 Cr ,Ready to Move,Resale,Furnished,North - East,"Pool, Garden/Park",Freehold,12500000.0,1100.0,7.0,2.0,2.0,0.0,bangalore,11363.636363636364
52 Lac ,Ready to Move,Resale,Unfurnished,West,,Freehold,5200000.0,450.0,8.0,1.0,1.0,0.0,bangalore,11555.555555555555
78 Lac ,Ready to Move,Resale,Semi-Furnished,East,,Freehold,7800000.0,1080.0,1.0,2.0,2.0,1.0,bangalore,7222.222222222223
40 Lac ,Ready to Move,Resale,Semi-Furnished,North,,Freehold,4000000.0,820.0,3.0,2.0,1.0,310.0,bangalore,4878.048780487805
5.10 Cr ,Ready to Move,New Property,Unfurnished,East,Garden/Park,Freehold,51000000.0,4500.0,5.0,3.0,2.0,1.0,bangalore,11333.333333333334
95 Lac ,Ready to Move,Resale,Semi-Furnished,,,,9500000.0,1870.0,7.0,3.0,0.0,0.0,bangalore,5080.213903743315
98 Lac ,Ready to Move,Resale,Semi-Furnished,,,,9800000.0,1870.0,6.0,3.0,0.0,0.0,bangalore,5240.641711229947
80 Lac ,Ready to Move,Resale,Semi-Furnished,,,,8000000.0,1200.0,0.0,2.0,0.0,0.0,bangalore,6666.666666666667
85 Lac ,Ready to Move,Resale,Unfurnished,,,,8500000.0,1240.0,1.0,2.0,0.0,0.0,bangalore,6854.8387096774195
85 Lac ,Ready to Move,Resale,Semi-Furnished,,,,8500000.0,1240.0,1.0,2.0,0.0,0.0,bangalore,6854.8387096774195
90 Lac ,Ready to Move,Resale,Semi-Furnished,,,,9000000.0,1270.0,2.0,2.0,0.0,0.0,bangalore,7086.614173228347
90 Lac ,Ready to Move,Resale,Semi-Furnished,,,,9000000.0,1178.0,5.0,2.0,0.0,0.0,bangalore,7640.067911714771
55 Lac ,Ready to Move,Resale,Semi-Furnished,North - East,Main Road,Freehold,5500000.0,1132.0,2.0,2.0,1.0,1.0,bangalore,4858.657243816255
85 Lac ,Ready to Move,Resale,Semi-Furnished,,,,8500000.0,1140.0,3.0,2.0,0.0,0.0,bangalore,7456.140350877193
60 Lac ,Ready to Move,Resale,Semi-Furnished,,,,6000000.0,800.0,1.0,2.0,0.0,0.0,bangalore,7500.0
7.25 Cr ,Ready to Move,Resale,Unfurnished,,,,72500000.0,4424.0,20.0,5.0,2.0,0.0,bangalore,16387.884267631103
60 Lac ,Ready to Move,Resale,Unfurnished,East,"Pool, Garden/Park, Main Road",Freehold,6000000.0,795.0,21.0,2.0,1.0,0.0,bangalore,7547.169811320755
60 Lac ,Ready to Move,New Property,Unfurnished,North - East,"Garden/Park, Pool, Main Road",Freehold,6000000.0,640.0,0.0,2.0,1.0,1.0,bangalore,9375.0
2.98 Cr ,Ready to Move,Resale,Semi-Furnished,North - West,Garden/Park,Freehold,29800000.0,2004.0,11.0,4.0,2.0,2.0,bangalore,14870.259481037923
40 Lac ,Ready to Move,Resale,Unfurnished,South,,Freehold,4000000.0,400.0,0.0,1.0,0.0,0.0,bangalore,10000.0
50 Lac ,Ready to Move,Resale,Semi-Furnished,North,"Garden/Park, Main Road",Freehold,5000000.0,1274.0,5.0,2.0,2.0,1.0,bangalore,3924.646781789639
1.55 Cr ,Ready to Move,New Property,Semi-Furnished,North - East,"Garden/Park, Pool",Freehold,15500000.0,2700.0,1.0,5.0,2.0,1.0,bangalore,5740.740740740741
1.45 Cr ,Ready to Move,Resale,Unfurnished,West,Main Road,Freehold,14500000.0,1200.0,6.0,2.0,2.0,1.0,bangalore,12083.333333333334
90 Lac ,Ready to Move,Resale,Unfurnished,East,Garden/Park,Freehold,9000000.0,1635.0,1.0,2.0,2.0,0.0,bangalore,5504.587155963302
31 Lac ,Ready to Move,Resale,Semi-Furnished,,,,3100000.0,975.0,0.0,2.0,2.0,0.0,bangalore,3179.4871794871797
60 Lac ,Ready to Move,New Property,Unfurnished,North,Main Road,Freehold,6000000.0,870.0,2.0,2.0,2.0,1.0,bangalore,6896.551724137931
2.25 Cr ,Ready to Move,Resale,Unfurnished,North,"Garden/Park, Pool, Main Road",Freehold,22500000.0,1587.0,18.0,3.0,1.0,0.0,bangalore,14177.693761814744
3 Cr ,Ready to Move,Resale,Unfurnished,North,"Garden/Park, Pool, Main Road",Freehold,30000000.0,2139.0,9.0,4.0,1.0,0.0,bangalore,14025.245441795232
2.30 Cr ,Ready to Move,New Property,Unfurnished,West,"Garden/Park, Pool, Main Road",Freehold,23000000.0,1443.0,11.0,3.0,2.0,1.0,bangalore,15939.015939015939
3 Cr ,Ready to Move,Resale,Furnished,East,"Garden/Park, Pool, Main Road",Freehold,30000000.0,2110.0,1.0,3.0,1.0,1.0,bangalore,14218.009478672986
70 Lac ,Ready to Move,Resale,Semi-Furnished,North,"Garden/Park, Pool",,7000000.0,1065.0,2.0,2.0,2.0,1.0,bangalore,6572.769953051643
53 Lac ,Ready to Move,New Property,Unfurnished,North,Pool,Freehold,5300000.0,790.0,1.0,2.0,2.0,1.0,bangalore,6708.860759493671
58 Lac ,Ready to Move,New Property,Unfurnished,North,Pool,Freehold,5800000.0,900.0,3.0,2.0,2.0,1.0,bangalore,6444.444444444444
1.50 Cr ,Ready to Move,Resale,Furnished,,,,15000000.0,2000.0,4.0,3.0,1.0,0.0,bangalore,7500.0
1.35 Cr ,Ready to Move,Resale,Semi-Furnished,,,,13500000.0,1350.0,3.0,3.0,0.0,0.0,bangalore,10000.0
24 Lac ,Ready to Move,New Property,Unfurnished,North,Garden/Park,Freehold,2400000.0,753.0,1.0,1.0,2.0,1.0,bangalore,3187.2509960159364
85 Lac ,Ready to Move,Resale,Semi-Furnished,West,Garden/Park,Freehold,8500000.0,1050.0,10.0,2.0,3.0,1.0,bangalore,8095.238095238095
54 Lac ,Ready to Move,Resale,Unfurnished,,,,5400000.0,1080.0,3.0,2.0,0.0,0.0,bangalore,5000.0
73 Lac ,Ready to Move,Resale,Semi-Furnished,,,,7300000.0,1000.0,4.0,2.0,0.0,0.0,bangalore,7300.0
1.55 Cr ,Ready to Move,Resale,Unfurnished,East,"Garden/Park, Main Road",Freehold,15500000.0,2800.0,5.0,3.0,0.0,0.0,bangalore,5535.714285714285
1.20 Cr ,Ready to Move,Resale,Furnished,,,,12000000.0,1360.0,4.0,2.0,0.0,2.0,bangalore,8823.529411764706
90 Lac ,Ready to Move,Resale,Semi-Furnished,,,,9000000.0,1250.0,1.0,2.0,0.0,0.0,bangalore,7200.0
72.1 Lac ,Ready to Move,Resale,Furnished,,,,7209999.999999999,1624.0,3.0,2.0,0.0,0.0,bangalore,4439.655172413793
60 Lac ,Ready to Move,Resale,Unfurnished,,,,6000000.0,1275.0,3.0,3.0,0.0,0.0,bangalore,4705.882352941177
70 Lac ,Ready to Move,New Property,Unfurnished,North - East,Main Road,Freehold,7000000.0,1300.0,3.0,2.0,1.0,1.0,bangalore,5384.615384615385
32 Lac ,Ready to Move,Resale,Semi-Furnished,,,,3200000.0,600.0,0.0,2.0,0.0,0.0,bangalore,5333.333333333333
91 Lac ,Ready to Move,Resale,Semi-Furnished,,,,9100000.0,1385.0,0.0,3.0,0.0,0.0,bangalore,6570.397111913358
68 Lac ,Ready to Move,Resale,Semi-Furnished,,,,6800000.0,1250.0,7.0,2.0,2.0,0.0,bangalore,5440.0
79 Lac ,Ready to Move,Resale,Semi-Furnished,,,,7900000.0,1600.0,4.0,3.0,0.0,0.0,bangalore,4937.5
86.5 Lac ,Ready to Move,Resale,Unfurnished,,,,8650000.0,1250.0,10.0,2.0,0.0,0.0,bangalore,6920.0
72 Lac ,Ready to Move,Resale,Unfurnished,,,,7200000.0,1280.0,0.0,2.0,0.0,0.0,bangalore,5625.0
80 Lac ,Ready to Move,Resale,Semi-Furnished,,,,8000000.0,1250.0,0.0,2.0,0.0,0.0,bangalore,6400.0
60 Lac ,Ready to Move,Resale,Semi-Furnished,East,Main Road,Freehold,6000000.0,1100.0,2.0,2.0,2.0,0.0,bangalore,5454.545454545455
2.35 Cr ,Ready to Move,Resale,Semi-Furnished,East,Garden/Park,Freehold,23500000.0,1700.0,12.0,4.0,2.0,1.0,bangalore,13823.529411764706
45 Lac ,Ready to Move,Resale,Unfurnished,East,,Freehold,4500000.0,925.0,1.0,2.0,1.0,0.0,bangalore,4864.864864864865
56 Lac ,Ready to Move,Resale,Semi-Furnished,North,,Freehold,5600000.0,884.0,3.0,2.0,2.0,1.0,bangalore,6334.841628959276
77 Lac ,Ready to Move,Resale,Semi-Furnished,,,,7700000.0,1081.0,3.0,2.0,0.0,0.0,bangalore,7123.034227567067
5 Cr ,Ready to Move,Resale,Unfurnished,East,"Pool, Garden/Park, Main Road",Freehold,50000000.0,4112.0,17.0,4.0,4.0,0.0,bangalore,12159.53307392996
1.20 Cr ,Ready to Move,Resale,Unfurnished,East,,Freehold,12000000.0,1000.0,1.0,2.0,1.0,0.0,bangalore,12000.0
75 Lac ,Ready to Move,Resale,Unfurnished,North,"Garden/Park, Main Road",Freehold,7500000.0,1300.0,3.0,2.0,3.0,0.0,bangalore,5769.2307692307695
61.9 Lac ,Ready to Move,Resale,Semi-Furnished,,,,6190000.0,1781.0,,2.0,0.0,0.0,bangalore,3475.5755193711398
60 Lac ,Ready to Move,Resale,Semi-Furnished,,,,6000000.0,555.0,1.0,2.0,0.0,0.0,bangalore,10810.81081081081
3.20 Cr ,Ready to Move,New Property,Unfurnished,East,Garden/Park,Freehold,32000000.0,1780.0,8.0,4.0,2.0,2.0,bangalore,17977.52808988764
61 Lac ,Ready to Move,Resale,Semi-Furnished,North,Main Road,Freehold,6100000.0,1113.0,1.0,2.0,1.0,1.0,bangalore,5480.682839173405
2.10 Cr ,Ready to Move,Resale,Semi-Furnished,West,Garden/Park,Freehold,21000000.0,1617.0,23.0,4.0,2.0,1.0,bangalore,12987.012987012988
1 Cr ,Ready to Move,Resale,Semi-Furnished,,,,10000000.0,1609.0,0.0,3.0,0.0,0.0,bangalore,6215.040397762586
98 Lac ,Ready to Move,Resale,Semi-Furnished,East,"Garden/Park, Main Road",Freehold,9800000.0,1363.0,7.0,2.0,1.0,1.0,bangalore,7190.02201027146
75 Lac ,Ready to Move,Resale,Semi-Furnished,,,,7500000.0,1200.0,0.0,2.0,0.0,0.0,bangalore,6250.0
88 Lac ,Ready to Move,Resale,Furnished,East,"Garden/Park, Pool, Main Road",Freehold,8800000.0,1119.0,11.0,2.0,1.0,1.0,bangalore,7864.164432529044
62 Lac ,Ready to Move,New Property,Semi-Furnished,East,Main Road,Freehold,6200000.0,1110.0,2.0,2.0,0.0,1.0,bangalore,5585.585585585585
1.95 Cr ,Ready to Move,Resale,Semi-Furnished,East,"Garden/Park, Pool, Main Road",Freehold,19500000.0,1600.0,5.0,3.0,3.0,0.0,bangalore,12187.5
79 Lac ,Ready to Move,Resale,Semi-Furnished,East,Main Road,Freehold,7900000.0,1600.0,4.0,3.0,2.0,1.0,bangalore,4937.5
85.8 Lac ,Ready to Move,New Property,Unfurnished,East,Main Road,Freehold,8580000.0,1150.0,2.0,3.0,3.0,1.0,bangalore,7460.869565217391
1.06 Cr ,Ready to Move,New Property,Unfurnished,East,Garden/Park,Freehold,10600000.0,750.0,7.0,2.0,1.0,1.0,bangalore,14133.333333333334
70 Lac ,Ready to Move,Resale,Furnished,,,,7000000.0,1175.0,4.0,2.0,0.0,0.0,bangalore,5957.446808510638
70 Lac ,Ready to Move,Resale,Semi-Furnished,,,,7000000.0,1800.0,3.0,3.0,0.0,0.0,bangalore,3888.8888888888887
20 Lac ,Ready to Move,Resale,,,,,2000000.0,580.0,4.0,1.0,0.0,0.0,bangalore,3448.2758620689656
6.30 Cr ,Ready to Move,Resale,Unfurnished,East,Pool,Freehold,63000000.0,3039.0,5.0,4.0,4.0,3.0,bangalore,20730.50345508391
52 Lac ,Ready to Move,New Property,Semi-Furnished,East,"Main Road, Garden/Park, Pool",Freehold,5200000.0,576.0,1.0,2.0,1.0,0.0,bangalore,9027.777777777777
90 Lac ,Ready to Move,Resale,Furnished,,,,9000000.0,1670.0,3.0,3.0,0.0,0.0,bangalore,5389.2215568862275
56 Lac ,Ready to Move,Resale,,,,,5600000.0,1150.0,3.0,2.0,0.0,0.0,bangalore,4869.565217391304
75 Lac ,Ready to Move,Resale,,,,,7500000.0,1375.0,2.0,2.0,0.0,0.0,bangalore,5454.545454545455
66.5 Lac ,Ready to Move,New Property,Unfurnished,North - East,,Freehold,6650000.0,1150.0,3.0,2.0,2.0,0.0,bangalore,5782.608695652174
1.30 Cr ,Ready to Move,Resale,,,,,13000000.0,1440.0,3.0,3.0,0.0,0.0,bangalore,9027.777777777777
99 Lac ,Ready to Move,Resale,Semi-Furnished,North,,Freehold,9900000.0,1100.0,2.0,2.0,1.0,0.0,bangalore,9000.0
35.8 Lac ,Ready to Move,New Property,Unfurnished,,,,3579999.9999999995,1038.0,,1.0,0.0,0.0,bangalore,3448.940269749518
45 Lac ,Ready to Move,Resale,Semi-Furnished,,,,4500000.0,994.0,0.0,2.0,0.0,0.0,bangalore,4527.162977867203
46 Lac ,Ready to Move,New Property,Unfurnished,East,Main Road,Freehold,4600000.0,1200.0,1.0,2.0,3.0,1.0,bangalore,3833.3333333333335
2.10 Cr ,Ready to Move,Resale,,,,,21000000.0,1800.0,0.0,3.0,0.0,0.0,bangalore,11666.666666666666
1 Cr ,Ready to Move,Resale,Unfurnished,,,,10000000.0,1158.0,1.0,2.0,0.0,0.0,bangalore,8635.578583765113
1.20 Cr ,Ready to Move,Resale,Semi-Furnished,,,,12000000.0,1450.0,1.0,2.0,0.0,0.0,bangalore,8275.862068965518
1.05 Cr ,Ready to Move,Resale,Semi-Furnished,,,,10500000.0,1435.0,0.0,2.0,0.0,0.0,bangalore,7317.073170731707
1.30 Cr ,Ready to Move,Resale,Semi-Furnished,,,,13000000.0,1750.0,3.0,3.0,0.0,0.0,bangalore,7428.571428571428
65 Lac ,Ready to Move,Resale,Semi-Furnished,,,,6500000.0,1378.0,5.0,2.0,0.0,0.0,bangalore,4716.981132075472
1.10 Cr ,Ready to Move,Resale,Semi-Furnished,East,Garden/Park,Freehold,11000000.0,1350.0,3.0,2.0,2.0,0.0,bangalore,8148.148148148148
99 Lac ,Ready to Move,Resale,Furnished,West,,Freehold,9900000.0,954.0,1.0,2.0,2.0,1.0,bangalore,10377.358490566037
52.5 Lac ,Ready to Move,New Property,Unfurnished,North,Main Road,Freehold,5250000.0,1250.0,0.0,2.0,1.0,1.0,bangalore,4200.0
80 Lac ,Ready to Move,New Property,Unfurnished,East,Main Road,Freehold,8000000.0,1600.0,4.0,3.0,3.0,1.0,bangalore,5000.0
66 Lac ,Ready to Move,Resale,Semi-Furnished,,,,6600000.0,1366.0,1.0,3.0,0.0,0.0,bangalore,4831.625183016105
1.75 Cr ,Ready to Move,Resale,Semi-Furnished,South,,Freehold,17500000.0,1162.0,12.0,2.0,2.0,1.0,bangalore,15060.240963855422
83 Lac ,Ready to Move,Resale,Unfurnished,North,"Garden/Park, Main Road",Freehold,8300000.0,1550.0,3.0,3.0,3.0,0.0,bangalore,5354.8387096774195
1.75 Cr ,Ready to Move,Resale,Semi-Furnished,South -West,,Freehold,17500000.0,1416.0,1.0,3.0,1.0,2.0,bangalore,12358.757062146893
39.5 Lac ,Ready to Move,Resale,Unfurnished,,,,3950000.0,570.0,3.0,2.0,1.0,0.0,bangalore,6929.824561403509
3.90 Cr ,Ready to Move,New Property,Unfurnished,East,Garden/Park,Freehold,39000000.0,3200.0,6.0,2.0,2.0,1.0,bangalore,12187.5
82 Lac ,Ready to Move,Resale,Semi-Furnished,,,,8200000.0,1825.0,7.0,3.0,0.0,0.0,bangalore,4493.1506849315065
1.80 Cr ,Ready to Move,Resale,Semi-Furnished,,,,18000000.0,1874.0,5.0,3.0,0.0,0.0,bangalore,9605.1227321238
3.35 Cr ,Ready to Move,New Property,Unfurnished,West,"Garden/Park, Pool, Main Road",Freehold,33500000.0,1800.0,4.0,3.0,3.0,2.0,bangalore,18611.11111111111
45 Lac ,Ready to Move,Resale,Semi-Furnished,,,,4500000.0,910.0,1.0,2.0,1.0,1.0,bangalore,4945.054945054945
1.35 Cr ,Ready to Move,Resale,Unfurnished,,,,13500000.0,1350.0,3.0,3.0,1.0,1.0,bangalore,10000.0
82 Lac ,Ready to Move,Resale,Semi-Furnished,,,,8200000.0,1000.0,2.0,2.0,0.0,0.0,bangalore,8200.0
35 Lac ,Ready to Move,Resale,Unfurnished,East,Main Road,Freehold,3500000.0,690.0,1.0,2.0,2.0,0.0,bangalore,5072.463768115942
49.5 Lac ,Ready to Move,Resale,,,,,4950000.0,1315.0,1.0,2.0,0.0,0.0,bangalore,3764.25855513308
65 Lac ,Ready to Move,Resale,,,,,6500000.0,1132.0,0.0,2.0,0.0,0.0,bangalore,5742.049469964664
90 Lac ,Ready to Move,Resale,Semi-Furnished,North,Garden/Park,Freehold,9000000.0,1560.0,3.0,3.0,2.0,1.0,bangalore,5769.2307692307695
2.55 Cr ,Ready to Move,Resale,Furnished,,,,25500000.0,2028.0,7.0,3.0,0.0,0.0,bangalore,12573.96449704142
2.45 Cr ,Ready to Move,Resale,Unfurnished,,,,24500000.0,3000.0,10.0,4.0,0.0,0.0,bangalore,8166.666666666667
3.25 Cr ,Ready to Move,Resale,Furnished,,,,32500000.0,3047.0,17.0,3.0,0.0,0.0,bangalore,10666.229077781425
3.50 Cr ,Ready to Move,Resale,Unfurnished,,,,35000000.0,2335.0,6.0,4.0,0.0,0.0,bangalore,14989.293361884369
4 Cr ,Ready to Move,Resale,Furnished,,,,40000000.0,2300.0,2.0,3.0,0.0,0.0,bangalore,17391.304347826088
45 Lac ,Ready to Move,Resale,Semi-Furnished,,,,4500000.0,900.0,2.0,2.0,0.0,0.0,bangalore,5000.0
80 Lac ,Ready to Move,Resale,Semi-Furnished,,,,8000000.0,1220.0,1.0,2.0,0.0,0.0,bangalore,6557.377049180328
91.5 Lac ,Ready to Move,Resale,Semi-Furnished,,,,9150000.0,1650.0,3.0,3.0,0.0,0.0,bangalore,5545.454545454545
60 Lac ,Ready to Move,Resale,Semi-Furnished,,,,6000000.0,1200.0,1.0,2.0,0.0,0.0,bangalore,5000.0
52 Lac ,Ready to Move,Resale,Unfurnished,East,"Garden/Park, Pool, Main Road",Freehold,5200000.0,770.0,5.0,2.0,1.0,0.0,bangalore,6753.2467532467535
58 Lac ,Ready to Move,Resale,Unfurnished,,,,5800000.0,1028.0,2.0,2.0,0.0,0.0,bangalore,5642.023346303502
1 Cr ,Ready to Move,New Property,Semi-Furnished,East,Main Road,Freehold,10000000.0,1250.0,0.0,2.0,1.0,0.0,bangalore,8000.0
1.25 Cr ,Ready to Move,Resale,Semi-Furnished,East,,,12500000.0,1948.0,1.0,3.0,4.0,0.0,bangalore,6416.837782340863
32 Lac ,Ready to Move,Resale,,,,,3200000.0,995.0,3.0,2.0,0.0,0.0,bangalore,3216.0804020100504
3.05 Cr ,Ready to Move,Resale,Semi-Furnished,North - East,"Main Road, Garden/Park, Pool",Freehold,30500000.0,2200.0,2.0,4.0,1.0,2.0,bangalore,13863.636363636364
98 Lac ,Ready to Move,Resale,,,,,9800000.0,1458.0,2.0,3.0,0.0,0.0,bangalore,6721.536351165981
5.92 Cr ,Ready to Move,Resale,,,,,59200000.0,3700.0,10.0,4.0,0.0,0.0,bangalore,16000.0
94.5 Lac ,Ready to Move,Resale,,,,,9450000.0,1600.0,0.0,2.0,0.0,0.0,bangalore,5906.25
2.20 Cr ,Ready to Move,Resale,,,,,22000000.0,2050.0,2.0,3.0,0.0,0.0,bangalore,10731.707317073171
71 Lac ,Ready to Move,Resale,Unfurnished,West,Garden/Park,Power Of Attorney,7100000.0,1236.0,2.0,2.0,2.0,0.0,bangalore,5744.336569579288
70 Lac ,Ready to Move,Resale,Unfurnished,,,,7000000.0,1222.0,3.0,2.0,0.0,0.0,bangalore,5728.3142389525365
75.9 Lac ,Ready to Move,Resale,,,,,7590000.000000001,836.0,3.0,2.0,0.0,0.0,bangalore,9078.947368421053
68.5 Lac ,Ready to Move,Resale,,,,,6850000.0,850.0,2.0,2.0,0.0,0.0,bangalore,8058.823529411765
46 Lac ,Ready to Move,Resale,,,,,4600000.0,850.0,3.0,2.0,0.0,0.0,bangalore,5411.764705882353
75.5 Lac ,Ready to Move,Resale,Unfurnished,South -West,,Freehold,7550000.0,1500.0,1.0,3.0,3.0,0.0,bangalore,5033.333333333333
2.90 Cr ,Ready to Move,New Property,Unfurnished,North - West,"Garden/Park, Pool, Main Road",Freehold,29000000.0,1700.0,10.0,3.0,2.0,1.0,bangalore,17058.823529411766
3.20 Cr ,Ready to Move,New Property,Unfurnished,North - West,"Garden/Park, Pool, Main Road",Freehold,32000000.0,1700.0,10.0,3.0,2.0,1.0,bangalore,18823.529411764706
1.06 Cr ,Ready to Move,Resale,Unfurnished,East,"Garden/Park, Pool",Freehold,10600000.0,1285.0,5.0,2.0,2.0,1.0,bangalore,8249.027237354085
3.10 Cr ,Ready to Move,New Property,Unfurnished,North - West,"Garden/Park, Pool, Main Road",Freehold,31000000.0,2200.0,10.0,4.0,2.0,1.0,bangalore,14090.90909090909
2.10 Cr ,Ready to Move,Resale,Unfurnished,West,Garden/Park,Freehold,21000000.0,1500.0,8.0,3.0,1.0,1.0,bangalore,14000.0
66 Lac ,Ready to Move,New Property,Unfurnished,,,,6600000.0,1100.0,2.0,2.0,0.0,1.0,bangalore,6000.0
1 Cr ,Ready to Move,Resale,,,,,10000000.0,950.0,1.0,1.0,0.0,0.0,bangalore,10526.315789473685
1.05 Cr ,Ready to Move,Resale,,,,,10500000.0,1350.0,0.0,2.0,0.0,0.0,bangalore,7777.777777777777
43 Lac ,Ready to Move,Resale,Semi-Furnished,East,,,4300000.0,952.0,1.0,2.0,1.0,1.0,bangalore,4516.806722689075
3.35 Cr ,Ready to Move,Resale,Semi-Furnished,East,Garden/Park,Freehold,33500000.0,2292.0,6.0,3.0,2.0,1.0,bangalore,14616.055846422338
59 Lac ,Ready to Move,Resale,,,,,5900000.0,960.0,2.0,2.0,0.0,0.0,bangalore,6145.833333333333
18.6 Lac ,Ready to Move,Resale,,,,,1860000.0000000002,600.0,0.0,8.0,0.0,0.0,bangalore,3100.0000000000005
48 Lac ,Ready to Move,New Property,Furnished,East,"Garden/Park, Pool",Freehold,4800000.0,850.0,3.0,2.0,2.0,0.0,bangalore,5647.058823529412
2.10 Cr ,Ready to Move,New Property,Unfurnished,East,"Garden/Park, Pool, Main Road",Freehold,21000000.0,1292.0,13.0,3.0,1.0,1.0,bangalore,16253.869969040248
1.03 Cr ,Ready to Move,New Property,Unfurnished,East,"Main Road, Garden/Park",Freehold,10300000.0,1115.0,14.0,2.0,1.0,0.0,bangalore,9237.668161434978
4 Cr ,Ready to Move,Resale,Semi-Furnished,West,Garden/Park,Freehold,40000000.0,2520.0,4.0,4.0,2.0,1.0,bangalore,15873.015873015873
65 Lac ,Ready to Move,Resale,,,,,6500000.0,1750.0,2.0,2.0,0.0,0.0,bangalore,3714.285714285714
74.5 Lac ,Ready to Move,Resale,Semi-Furnished,,,,7450000.0,1185.0,2.0,2.0,0.0,0.0,bangalore,6286.9198312236285
85 Lac ,Ready to Move,Resale,Semi-Furnished,,,,8500000.0,1075.0,1.0,2.0,0.0,0.0,bangalore,7906.976744186047
60 Lac ,Ready to Move,Resale,Semi-Furnished,,,,6000000.0,1185.0,0.0,2.0,0.0,0.0,bangalore,5063.291139240507
80 Lac ,Ready to Move,Resale,Unfurnished,,,,8000000.0,1450.0,0.0,3.0,0.0,0.0,bangalore,5517.241379310345
60 Lac ,Ready to Move,Resale,Semi-Furnished,,,,6000000.0,1654.0,2.0,2.0,0.0,0.0,bangalore,3627.5695284159615
2.80 Cr ,Ready to Move,Resale,Semi-Furnished,North,Garden/Park,Freehold,28000000.0,2104.0,9.0,4.0,2.0,1.0,bangalore,13307.984790874525
3.80 Cr ,Ready to Move,Resale,Semi-Furnished,North - East,"Garden/Park, Main Road",Freehold,38000000.0,1200.0,0.0,10.0,10.0,0.0,bangalore,31666.666666666668
85 Lac ,Ready to Move,Resale,Semi-Furnished,,,,8500000.0,1300.0,7.0,2.0,0.0,0.0,bangalore,6538.461538461538
75 Lac ,Ready to Move,Resale,Semi-Furnished,West,Main Road,Freehold,7500000.0,950.0,3.0,2.0,1.0,1.0,bangalore,7894.736842105263
38 Lac ,Ready to Move,Resale,Unfurnished,West,Garden/Park,Freehold,3800000.0,884.0,2.0,2.0,2.0,1.0,bangalore,4298.6425339366515
1.45 Cr ,Ready to Move,Resale,Furnished,North - East,"Garden/Park, Pool",Freehold,14500000.0,1174.0,2.0,2.0,1.0,0.0,bangalore,12350.936967632028
2.85 Cr ,Ready to Move,Resale,Furnished,,,,28500000.0,2200.0,1.0,3.0,2.0,0.0,bangalore,12954.545454545454
92 Lac ,Ready to Move,Resale,Semi-Furnished,West,,Freehold,9200000.0,1068.0,3.0,2.0,2.0,0.0,bangalore,8614.232209737827
1.70 Cr ,Ready to Move,New Property,Unfurnished,East,"Garden/Park, Pool, Main Road",Freehold,17000000.0,1680.0,5.0,3.0,3.0,0.0,bangalore,10119.047619047618
42 Lac ,Ready to Move,Resale,Furnished,,,,4200000.0,1170.0,4.0,2.0,0.0,0.0,bangalore,3589.74358974359
1.10 Cr ,Ready to Move,Resale,Semi-Furnished,East,"Pool, Garden/Park, Main Road",Freehold,11000000.0,1900.0,3.0,3.0,3.0,1.0,bangalore,5789.473684210527
2.75 Cr ,Ready to Move,Resale,Unfurnished,East,Garden/Park,Freehold,27500000.0,2360.0,5.0,3.0,2.0,2.0,bangalore,11652.542372881357
1.25 Cr ,Ready to Move,Resale,Semi-Furnished,,,,12500000.0,1151.0,7.0,2.0,0.0,0.0,bangalore,10860.121633362294
74.5 Lac ,Ready to Move,Resale,Semi-Furnished,,,,7450000.0,1640.0,1.0,3.0,0.0,0.0,bangalore,4542.682926829269
75 Lac ,Ready to Move,Resale,Furnished,,,,7500000.0,1500.0,4.0,3.0,0.0,0.0,bangalore,5000.0
58 Lac ,Ready to Move,Resale,Semi-Furnished,,,,5800000.0,1070.0,0.0,2.0,0.0,0.0,bangalore,5420.560747663551
2.50 Cr ,Ready to Move,Resale,Furnished,,,,25000000.0,2000.0,2.0,3.0,3.0,0.0,bangalore,12500.0
1.27 Cr ,Ready to Move,New Property,Unfurnished,East,Garden/Park,Freehold,12700000.0,1000.0,-1.0,2.0,2.0,1.0,bangalore,12700.0
71 Lac ,Ready to Move,New Property,Unfurnished,North,Garden/Park,Freehold,7100000.0,1355.0,1.0,3.0,1.0,1.0,bangalore,5239.852398523985
2 Cr ,Ready to Move,Resale,,,,,20000000.0,1658.0,2.0,3.0,0.0,0.0,bangalore,12062.726176115802
1.20 Cr ,Ready to Move,New Property,Unfurnished,West,Main Road,Freehold,12000000.0,2082.0,14.0,3.0,0.0,1.0,bangalore,5763.688760806916
64 Lac ,Ready to Move,Resale,Furnished,West,Main Road,Freehold,6400000.0,750.0,2.0,2.0,2.0,1.0,bangalore,8533.333333333334
69 Lac ,Ready to Move,Resale,Unfurnished,,,,6900000.0,1060.0,4.0,2.0,0.0,0.0,bangalore,6509.433962264151
54 Lac ,Ready to Move,Resale,Semi-Furnished,West,Main Road,Freehold,5400000.0,1080.0,0.0,2.0,2.0,1.0,bangalore,5000.0
1.10 Cr ,Ready to Move,Resale,Furnished,South,Main Road,Freehold,11000000.0,1290.0,1.0,2.0,0.0,1.0,bangalore,8527.131782945737
60 Lac ,Ready to Move,Resale,Unfurnished,,,Freehold,6000000.0,1082.0,1.0,2.0,0.0,1.0,bangalore,5545.286506469501
1.10 Cr ,Ready to Move,Resale,Unfurnished,West,Garden/Park,Freehold,11000000.0,1100.0,2.0,3.0,2.0,0.0,bangalore,10000.0
1.35 Cr ,Ready to Move,Resale,Semi-Furnished,,,,13500000.0,1535.0,7.0,2.0,0.0,0.0,bangalore,8794.788273615635
85 Lac ,Ready to Move,Resale,Semi-Furnished,East,,Freehold,8500000.0,1222.0,11.0,2.0,1.0,1.0,bangalore,6955.810147299509
65 Lac ,Ready to Move,Resale,Semi-Furnished,,,,6500000.0,1153.0,1.0,2.0,1.0,0.0,bangalore,5637.467476149176
66.4 Lac ,Ready to Move,Resale,Semi-Furnished,,,,6640000.000000001,1106.0,1.0,2.0,0.0,0.0,bangalore,6003.61663652803
65 Lac ,Ready to Move,Resale,Semi-Furnished,,,,6500000.0,1080.0,2.0,2.0,0.0,0.0,bangalore,6018.518518518518
1.38 Cr ,Ready to Move,Resale,Semi-Furnished,,,,13799999.999999998,1480.0,4.0,2.0,0.0,0.0,bangalore,9324.324324324323
1.85 Cr ,Ready to Move,Resale,Semi-Furnished,,,,18500000.0,2000.0,2.0,3.0,0.0,0.0,bangalore,9250.0
1.10 Cr ,Ready to Move,Resale,Unfurnished,,,,11000000.0,1300.0,2.0,2.0,0.0,0.0,bangalore,8461.538461538461
1.10 Cr ,Ready to Move,Resale,Semi-Furnished,,,,11000000.0,1490.0,0.0,2.0,0.0,0.0,bangalore,7382.5503355704695
1.11 Cr ,Ready to Move,Resale,Semi-Furnished,,,,11100000.000000002,1490.0,0.0,2.0,0.0,0.0,bangalore,7449.664429530202
1.25 Cr ,Ready to Move,Resale,Semi-Furnished,,,,12500000.0,1410.0,0.0,2.0,0.0,0.0,bangalore,8865.248226950354
55 Lac ,Ready to Move,Resale,Semi-Furnished,,,,5500000.0,1070.0,2.0,2.0,0.0,0.0,bangalore,5140.186915887851
58 Lac ,Ready to Move,Resale,Furnished,,,,5800000.0,1325.0,4.0,3.0,0.0,0.0,bangalore,4377.358490566037
70 Lac ,Ready to Move,Resale,Semi-Furnished,,,,7000000.0,1360.0,2.0,2.0,0.0,0.0,bangalore,5147.058823529412
85 Lac ,Ready to Move,Resale,Unfurnished,North,,Freehold,8500000.0,1430.0,8.0,2.0,2.0,0.0,bangalore,5944.055944055944
87 Lac ,Ready to Move,New Property,Unfurnished,East,Main Road,Freehold,8700000.0,950.0,1.0,1.0,1.0,0.0,bangalore,9157.894736842105
91 Lac ,Ready to Move,Resale,Semi-Furnished,East,"Garden/Park, Main Road",Freehold,9100000.0,1400.0,4.0,3.0,3.0,1.0,bangalore,6500.0
60 Lac ,Ready to Move,Resale,Semi-Furnished,North,,,6000000.0,1030.0,-1.0,2.0,2.0,0.0,bangalore,5825.242718446602
75 Lac ,Ready to Move,Resale,Semi-Furnished,West,Main Road,Freehold,7500000.0,1190.0,2.0,2.0,2.0,1.0,bangalore,6302.5210084033615
80 Lac ,Ready to Move,Resale,Semi-Furnished,North,"Garden/Park, Main Road",Freehold,8000000.0,1450.0,3.0,3.0,2.0,1.0,bangalore,5517.241379310345
65 Lac ,Ready to Move,Resale,Semi-Furnished,North,Garden/Park,Freehold,6500000.0,668.0,2.0,2.0,1.0,1.0,bangalore,9730.538922155689
37.3 Lac ,,Resale,Semi-Furnished,East,Pool,Leasehold,3729999.9999999995,774.0,4.0,2.0,1.0,0.0,bangalore,4819.121447028423
1.85 Cr ,Ready to Move,Resale,Semi-Furnished,East,Main Road,Freehold,18500000.0,1600.0,2.0,3.0,2.0,1.0,bangalore,11562.5
57 Lac ,Ready to Move,New Property,Unfurnished,North,Main Road,Freehold,5700000.0,1005.0,2.0,2.0,1.0,1.0,bangalore,5671.641791044776
24.5 Lac ,Ready to Move,Resale,Semi-Furnished,North,,Freehold,2450000.0,614.0,1.0,1.0,0.0,1.0,bangalore,3990.228013029316
75 Lac ,Ready to Move,Resale,Unfurnished,North,"Pool, Garden/Park, Main Road",Freehold,7500000.0,1180.0,2.0,2.0,1.0,204.0,bangalore,6355.932203389831
1.90 Cr ,Ready to Move,Resale,Semi-Furnished,East,"Garden/Park, Pool",Freehold,19000000.0,1400.0,16.0,3.0,3.0,1.0,bangalore,13571.42857142857
26 Lac ,Ready to Move,Resale,Semi-Furnished,,,,2600000.0,480.0,4.0,1.0,1.0,0.0,bangalore,5416.666666666667
1.15 Cr ,Ready to Move,Resale,Semi-Furnished,North,Garden/Park,Freehold,11500000.0,1054.0,7.0,2.0,1.0,1.0,bangalore,10910.815939278937
63 Lac ,Ready to Move,Resale,Semi-Furnished,East,"Pool, Garden/Park",Freehold,6300000.0,1095.0,4.0,2.0,1.0,313.0,bangalore,5753.424657534247
2.06 Cr ,Ready to Move,New Property,Unfurnished,,,,20600000.0,3112.0,-1.0,4.0,0.0,0.0,bangalore,6619.537275064267
2.33 Cr ,Ready to Move,New Property,Unfurnished,,,,23300000.0,3295.0,2.0,4.0,0.0,0.0,bangalore,7071.320182094082
74.6 Lac ,Ready to Move,Resale,Semi-Furnished,,"Garden/Park, Main Road",,7459999.999999999,1000.0,2.0,2.0,0.0,1.0,bangalore,7459.999999999999
82 Lac ,Ready to Move,Resale,Semi-Furnished,East,Main Road,Freehold,8200000.0,1200.0,4.0,2.0,2.0,1.0,bangalore,6833.333333333333
50 Lac ,Ready to Move,Resale,Semi-Furnished,,,,5000000.0,980.0,1.0,2.0,0.0,0.0,bangalore,5102.040816326531
75 Lac ,Ready to Move,Resale,Semi-Furnished,,,,7500000.0,900.0,3.0,2.0,0.0,0.0,bangalore,8333.333333333334
89.2 Lac ,Ready to Move,New Property,Unfurnished,North - East,"Garden/Park, Pool, Main Road",Freehold,8920000.0,1287.0,3.0,2.0,2.0,1.0,bangalore,6930.846930846931
45 Lac ,Ready to Move,Resale,Semi-Furnished,,,,4500000.0,1190.0,0.0,2.0,0.0,0.0,bangalore,3781.5126050420167
31 Lac ,Ready to Move,Resale,Semi-Furnished,,,,3100000.0,900.0,1.0,2.0,0.0,0.0,bangalore,3444.4444444444443
1.55 Cr ,Ready to Move,New Property,Unfurnished,West,Garden/Park,Freehold,15500000.0,1000.0,0.0,2.0,1.0,1.0,bangalore,15500.0
57.9 Lac ,Ready to Move,New Property,Unfurnished,North - East,"Garden/Park, Pool, Main Road",Freehold,5790000.0,1000.0,3.0,2.0,2.0,2.0,bangalore,5790.0
72 Lac ,Ready to Move,Resale,Semi-Furnished,,,,7200000.0,1280.0,0.0,2.0,0.0,0.0,bangalore,5625.0
86 Lac ,Ready to Move,Resale,Semi-Furnished,,,,8600000.0,1250.0,5.0,2.0,0.0,0.0,bangalore,6880.0
88 Lac ,Ready to Move,Resale,Furnished,,,,8800000.0,1119.0,11.0,2.0,1.0,0.0,bangalore,7864.164432529044
55 Lac ,Ready to Move,Resale,Unfurnished,,"Garden/Park, Main Road",Freehold,5500000.0,1005.0,0.0,2.0,1.0,1.0,bangalore,5472.636815920398
1 Cr ,Ready to Move,Resale,Semi-Furnished,South,"Garden/Park, Main Road",Freehold,10000000.0,1574.0,3.0,3.0,2.0,1.0,bangalore,6353.240152477763
4.35 Cr ,Ready to Move,Resale,Semi-Furnished,North - East,"Main Road, Garden/Park, Pool",Freehold,43500000.0,2700.0,7.0,4.0,1.0,0.0,bangalore,16111.111111111111
52 Lac ,Ready to Move,Resale,Unfurnished,West,"Pool, Garden/Park, Main Road",Freehold,5200000.0,851.0,7.0,2.0,1.0,0.0,bangalore,6110.458284371328
1.15 Cr ,Ready to Move,Resale,Furnished,,,,11500000.0,1600.0,1.0,3.0,0.0,0.0,bangalore,7187.5
45 Lac ,Ready to Move,Resale,Semi-Furnished,,,,4500000.0,900.0,3.0,2.0,0.0,1.0,bangalore,5000.0
95 Lac ,Ready to Move,Resale,Unfurnished,North - East,Main Road,Freehold,9500000.0,790.0,18.0,2.0,1.0,0.0,bangalore,12025.316455696202
78 Lac ,Ready to Move,Resale,Furnished,,,,7800000.0,1000.0,10.0,3.0,2.0,0.0,bangalore,7800.0
3.95 Cr ,Ready to Move,Resale,Semi-Furnished,East,Garden/Park,Freehold,39500000.0,2400.0,4.0,3.0,3.0,2.0,bangalore,16458.333333333332
99 Lac ,Ready to Move,Resale,Unfurnished,,,,9900000.0,300.0,0.0,1.0,0.0,0.0,bangalore,33000.0
57 Lac ,Ready to Move,New Property,Semi-Furnished,East,Main Road,Freehold,5700000.0,1195.0,1.0,2.0,1.0,1.0,bangalore,4769.874476987447
58 Lac ,Ready to Move,New Property,Semi-Furnished,East,Main Road,Freehold,5800000.0,930.0,3.0,2.0,1.0,1.0,bangalore,6236.559139784947
76 Lac ,Ready to Move,New Property,Semi-Furnished,East,Main Road,Freehold,7600000.0,1175.0,2.0,2.0,0.0,1.0,bangalore,6468.085106382979
58 Lac ,Ready to Move,New Property,Semi-Furnished,East,Main Road,Freehold,5800000.0,900.0,3.0,2.0,0.0,1.0,bangalore,6444.444444444444
2.90 Cr ,Ready to Move,Resale,Semi-Furnished,West,"Garden/Park, Main Road",Freehold,29000000.0,2450.0,0.0,3.0,0.0,2.0,bangalore,11836.734693877552
1.41 Cr ,Ready to Move,New Property,Unfurnished,East,,Freehold,14100000.0,1135.0,4.0,2.0,1.0,1.0,bangalore,12422.907488986784
2.10 Cr ,Ready to Move,New Property,Unfurnished,North,"Garden/Park, Pool, Main Road",Freehold,21000000.0,1267.0,13.0,3.0,1.0,1.0,bangalore,16574.585635359115
1.35 Cr ,Ready to Move,Resale,Semi-Furnished,,,,13500000.0,1750.0,3.0,3.0,5.0,0.0,bangalore,7714.285714285715
50 Lac ,Ready to Move,Resale,Semi-Furnished,,,,5000000.0,1370.0,3.0,3.0,1.0,0.0,bangalore,3649.6350364963505
73 Lac ,Ready to Move,Resale,Unfurnished,East,Main Road,Freehold,7300000.0,1080.0,2.0,2.0,2.0,0.0,bangalore,6759.259259259259
65 Lac ,Ready to Move,Resale,Semi-Furnished,East,,Freehold,6500000.0,1120.0,3.0,2.0,0.0,1.0,bangalore,5803.571428571428
70 Lac ,Ready to Move,New Property,Unfurnished,East,"Main Road, Garden/Park, Pool",Freehold,7000000.0,924.0,7.0,2.0,1.0,0.0,bangalore,7575.757575757576
50 Lac ,,,Unfurnished,East,Main Road,Freehold,5000000.0,1116.0,3.0,2.0,2.0,0.0,bangalore,4480.286738351255
80 Lac ,Ready to Move,Resale,Semi-Furnished,,,,8000000.0,1695.0,4.0,3.0,0.0,0.0,bangalore,4719.76401179941
83 Lac ,Ready to Move,Resale,Semi-Furnished,,,,8300000.0,1340.0,2.0,2.0,0.0,0.0,bangalore,6194.0298507462685
42 Lac ,Ready to Move,Resale,Unfurnished,East,Main Road,Freehold,4200000.0,500.0,2.0,1.0,1.0,0.0,bangalore,8400.0
2.28 Cr ,Ready to Move,Resale,Semi-Furnished,East,,,22799999.999999996,1900.0,10.0,4.0,0.0,1.0,bangalore,11999.999999999998
90 Lac ,Ready to Move,Resale,,,,,9000000.0,1907.0,0.0,3.0,0.0,0.0,bangalore,4719.454640797064
85 Lac ,Ready to Move,Resale,Semi-Furnished,North - West,Garden/Park,Freehold,8500000.0,950.0,12.0,2.0,2.0,1.0,bangalore,8947.368421052632
2.80 Cr ,Ready to Move,Resale,Semi-Furnished,,,Freehold,28000000.0,2055.0,6.0,3.0,2.0,1.0,bangalore,13625.304136253042
52 Lac ,Ready to Move,Resale,Semi-Furnished,,,,5200000.0,1275.0,1.0,2.0,0.0,0.0,bangalore,4078.4313725490197
1.90 Cr ,Ready to Move,Resale,Semi-Furnished,North - East,"Garden/Park, Pool, Main Road",Freehold,19000000.0,1050.0,10.0,2.0,2.0,1.0,bangalore,18095.238095238095
2.10 Cr ,Ready to Move,New Property,Unfurnished,East,"Garden/Park, Pool, Main Road",Freehold,21000000.0,1292.0,24.0,3.0,1.0,1.0,bangalore,16253.869969040248
15 Lac ,Ready to Move,Resale,Unfurnished,,,,1500000.0,320.0,3.0,1.0,0.0,0.0,bangalore,4687.5
88.9 Lac ,Ready to Move,New Property,Semi-Furnished,North,,Freehold,8890000.0,1564.0,4.0,3.0,2.0,1.0,bangalore,5684.143222506394
46.6 Lac ,Ready to Move,New Property,Semi-Furnished,,,,4660000.0,827.0,3.0,2.0,2.0,0.0,bangalore,5634.824667472793
6 Cr ,Ready to Move,Resale,Semi-Furnished,East,,Freehold,60000000.0,2400.0,2.0,3.0,3.0,1.0,bangalore,25000.0
75 Lac ,Ready to Move,Resale,Furnished,North,"Garden/Park, Main Road",Freehold,7500000.0,1100.0,4.0,2.0,1.0,1.0,bangalore,6818.181818181818
2.79 Cr ,Ready to Move,New Property,Unfurnished,East,Garden/Park,Freehold,27900000.0,2500.0,27.0,4.0,3.0,4.0,bangalore,11160.0
35 Lac ,Ready to Move,Resale,Unfurnished,,,,3500000.0,691.0,5.0,2.0,0.0,0.0,bangalore,5065.123010130246
2.57 Cr ,Ready to Move,New Property,Unfurnished,East,Garden/Park,Freehold,25700000.0,2500.0,27.0,4.0,3.0,4.0,bangalore,10280.0
75.5 Lac ,Ready to Move,New Property,Unfurnished,West,"Pool, Garden/Park, Main Road",Freehold,7550000.0,635.0,11.0,2.0,1.0,1.0,bangalore,11889.763779527559
3.16 Cr ,Ready to Move,New Property,Semi-Furnished,West,Garden/Park,Freehold,31600000.0,1661.0,5.0,3.0,1.0,1.0,bangalore,19024.683925346177
2.09 Cr ,Ready to Move,Resale,Unfurnished,East,"Garden/Park, Pool, Main Road",Freehold,20900000.0,1500.0,5.0,3.0,2.0,1.0,bangalore,13933.333333333334
2.05 Cr ,Ready to Move,Resale,Unfurnished,East,"Garden/Park, Pool, Main Road",Freehold,20500000.0,1600.0,14.0,3.0,2.0,1.0,bangalore,12812.5
2.05 Cr ,Ready to Move,Resale,Unfurnished,West,"Garden/Park, Pool, Main Road",Freehold,20500000.0,1500.0,4.0,3.0,2.0,1.0,bangalore,13666.666666666666
1.37 Cr ,Ready to Move,Resale,Semi-Furnished,,,,13700000.000000002,1218.0,1.0,2.0,0.0,0.0,bangalore,11247.947454844008
64 Lac ,Ready to Move,Resale,Semi-Furnished,,,,6400000.0,1260.0,1.0,2.0,0.0,0.0,bangalore,5079.3650793650795
70 Lac ,Ready to Move,Resale,Furnished,,,,7000000.0,1260.0,1.0,2.0,0.0,0.0,bangalore,5555.555555555556
76 Lac ,Ready to Move,Resale,Furnished,,,,7600000.0,1520.0,4.0,3.0,0.0,0.0,bangalore,5000.0
78 Lac ,Ready to Move,Resale,Semi-Furnished,,,,7800000.0,1495.0,2.0,3.0,0.0,0.0,bangalore,5217.391304347826
4.75 Cr ,Ready to Move,New Property,Semi-Furnished,East,,Freehold,47500000.0,4000.0,2.0,4.0,3.0,2.0,bangalore,11875.0
87 Lac ,Ready to Move,Resale,Semi-Furnished,,,,8700000.0,1280.0,3.0,2.0,0.0,0.0,bangalore,6796.875
64 Lac ,Ready to Move,Resale,Semi-Furnished,,,,6400000.0,1240.0,0.0,2.0,0.0,0.0,bangalore,5161.290322580645
1.55 Cr ,Ready to Move,Resale,Unfurnished,East,Garden/Park,,15500000.0,900.0,18.0,2.0,1.0,0.0,bangalore,17222.222222222223
78 Lac ,Ready to Move,New Property,Unfurnished,East,"Pool, Garden/Park, Main Road",Freehold,7800000.0,635.0,3.0,2.0,2.0,0.0,bangalore,12283.464566929133
2.80 Cr ,Ready to Move,Resale,Unfurnished,West,"Garden/Park, Pool",Freehold,28000000.0,2372.0,5.0,3.0,0.0,2.0,bangalore,11804.384485666105
59 Lac ,Ready to Move,Resale,Semi-Furnished,North - East,Main Road,Freehold,5900000.0,950.0,1.0,2.0,1.0,1.0,bangalore,6210.526315789473
2.35 Cr ,Ready to Move,Resale,Furnished,South,,Freehold,23500000.0,2000.0,2.0,3.0,4.0,0.0,bangalore,11750.0
58 Lac ,Ready to Move,Resale,Semi-Furnished,,,,5800000.0,1425.0,1.0,3.0,3.0,0.0,bangalore,4070.1754385964914
1.35 Cr ,Ready to Move,Resale,Furnished,East,,Freehold,13500000.0,1900.0,3.0,2.0,4.0,1.0,bangalore,7105.263157894737
36.4 Lac ,Ready to Move,Resale,Unfurnished,East,Garden/Park,Freehold,3640000.0,1075.0,2.0,2.0,2.0,1.0,bangalore,3386.046511627907
1 Cr ,Ready to Move,Resale,Semi-Furnished,,,,10000000.0,1064.0,2.0,2.0,1.0,0.0,bangalore,9398.496240601504
35 Lac ,Ready to Move,Resale,Unfurnished,East,,Freehold,3500000.0,850.0,3.0,2.0,2.0,0.0,bangalore,4117.64705882353
1.35 Cr ,Ready to Move,Resale,Semi-Furnished,South - East,"Garden/Park, Pool, Main Road",Freehold,13500000.0,1270.0,10.0,2.0,2.0,1.0,bangalore,10629.92125984252
4.40 Cr ,Ready to Move,Resale,Semi-Furnished,West,Pool,Freehold,44000000.0,3100.0,8.0,4.0,3.0,0.0,bangalore,14193.548387096775
85 Lac ,Ready to Move,Resale,Semi-Furnished,East,"Pool, Garden/Park, Main Road",Power Of Attorney,8500000.0,1475.0,0.0,3.0,0.0,1.0,bangalore,5762.71186440678
78 Lac ,Ready to Move,Resale,Semi-Furnished,,,,7800000.0,1300.0,1.0,3.0,2.0,0.0,bangalore,6000.0
2 Cr ,Ready to Move,New Property,Semi-Furnished,East,"Garden/Park, Pool",Freehold,20000000.0,2156.0,16.0,4.0,4.0,0.0,bangalore,9276.437847866418
1.20 Cr ,Ready to Move,Resale,Semi-Furnished,West,"Garden/Park, Pool, Main Road",Freehold,12000000.0,1157.0,1.0,2.0,1.0,1.0,bangalore,10371.650821089022
1.10 Cr ,,Resale,Unfurnished,North - East,,Freehold,11000000.0,1575.0,0.0,2.0,0.0,0.0,bangalore,6984.126984126984
48 Lac ,,Resale,Semi-Furnished,East,,Freehold,4800000.0,880.0,1.0,2.0,4.0,0.0,bangalore,5454.545454545455
65 Lac ,Ready to Move,Resale,Unfurnished,East,"Garden/Park, Pool, Main Road",Freehold,6500000.0,935.0,4.0,2.0,1.0,2.0,bangalore,6951.871657754011
1.55 Cr ,Ready to Move,Resale,Unfurnished,East,"Garden/Park, Pool",Freehold,15500000.0,1636.0,17.0,3.0,2.0,1.0,bangalore,9474.327628361858
62 Lac ,Ready to Move,Resale,Unfurnished,North - East,"Garden/Park, Pool, Main Road",,6200000.0,1677.0,1.0,2.0,3.0,0.0,bangalore,3697.078115682767
46 Lac ,Ready to Move,New Property,Semi-Furnished,West,,Freehold,4600000.0,950.0,5.0,2.0,1.0,0.0,bangalore,4842.105263157895
75 Lac ,Ready to Move,Resale,Furnished,East,Garden/Park,Freehold,7500000.0,875.0,2.0,2.0,2.0,1.0,bangalore,8571.42857142857
1.25 Cr ,Ready to Move,New Property,Unfurnished,East,"Garden/Park, Pool",Freehold,12500000.0,1100.0,16.0,3.0,2.0,1.0,bangalore,11363.636363636364
1.85 Cr ,Ready to Move,New Property,Unfurnished,North - West,"Garden/Park, Pool",Freehold,18500000.0,1337.0,13.0,3.0,1.0,2.0,bangalore,13836.948391922215
65 Lac ,Ready to Move,Resale,Unfurnished,East,Main Road,Freehold,6500000.0,1050.0,3.0,2.0,2.0,1.0,bangalore,6190.476190476191
1.25 Cr ,Ready to Move,New Property,Semi-Furnished,South,,Freehold,12500000.0,1350.0,2.0,2.0,2.0,0.0,bangalore,9259.25925925926
84 Lac ,Ready to Move,Resale,Furnished,,,,8400000.0,1400.0,3.0,3.0,0.0,0.0,bangalore,6000.0
85 Lac ,Ready to Move,Resale,Semi-Furnished,,,,8500000.0,1465.0,1.0,2.0,0.0,0.0,bangalore,5802.047781569966
20 Lac ,Ready to Move,Resale,Unfurnished,,,,2000000.0,410.0,3.0,1.0,0.0,0.0,bangalore,4878.048780487805
60 Lac ,Ready to Move,Resale,Semi-Furnished,,,,6000000.0,1100.0,1.0,2.0,0.0,0.0,bangalore,5454.545454545455
29 Lac ,Ready to Move,Resale,Semi-Furnished,,,,2900000.0,665.0,4.0,1.0,0.0,0.0,bangalore,4360.902255639097
47 Lac ,Ready to Move,Resale,Furnished,,,,4700000.0,1080.0,3.0,2.0,0.0,0.0,bangalore,4351.851851851852
74.3 Lac ,,New Property,Unfurnished,East,,Freehold,7430000.0,1650.0,3.0,2.0,2.0,0.0,bangalore,4503.030303030303
69 Lac ,Ready to Move,Resale,Unfurnished,,,,6900000.0,1100.0,6.0,2.0,1.0,0.0,bangalore,6272.727272727273
2.05 Cr ,Ready to Move,Resale,Semi-Furnished,South,Garden/Park,Freehold,20500000.0,1655.0,8.0,3.0,1.0,1.0,bangalore,12386.706948640483
2.05 Cr ,Ready to Move,Resale,Semi-Furnished,,,,20500000.0,1640.0,7.0,3.0,2.0,0.0,bangalore,12500.0
48 Lac ,Ready to Move,New Property,Semi-Furnished,East,Main Road,Freehold,4800000.0,870.0,2.0,2.0,2.0,1.0,bangalore,5517.241379310345
1.85 Cr ,Ready to Move,New Property,Unfurnished,,,,18500000.0,2666.0,3.0,3.0,0.0,0.0,bangalore,6939.2348087021755
2.10 Cr ,Ready to Move,New Property,Unfurnished,,,,21000000.0,2666.0,2.0,3.0,0.0,0.0,bangalore,7876.969242310578
2.10 Cr ,Ready to Move,New Property,Semi-Furnished,,,,21000000.0,2526.0,3.0,4.0,0.0,0.0,bangalore,8313.53919239905
70 Lac ,,New Property,Semi-Furnished,West,"Garden/Park, Pool, Main Road",Freehold,7000000.0,950.0,2.0,2.0,2.0,0.0,bangalore,7368.421052631579
1.15 Cr ,Ready to Move,Resale,Furnished,North - East,"Garden/Park, Main Road",Freehold,11500000.0,1150.0,0.0,3.0,1.0,1.0,bangalore,10000.0
65 Lac ,Ready to Move,Resale,Furnished,North,"Garden/Park, Main Road",Freehold,6500000.0,1100.0,4.0,2.0,2.0,1.0,bangalore,5909.090909090909
85 Lac ,Ready to Move,Resale,Semi-Furnished,East,Garden/Park,Freehold,8500000.0,1500.0,3.0,2.0,2.0,1.0,bangalore,5666.666666666667
89 Lac ,Ready to Move,Resale,Semi-Furnished,,Garden/Park,Freehold,8900000.0,1330.0,5.0,2.0,0.0,1.0,bangalore,6691.729323308271
68 Lac ,Ready to Move,Resale,Furnished,East,,Freehold,6800000.0,1200.0,2.0,2.0,0.0,1.0,bangalore,5666.666666666667
55 Lac ,Ready to Move,Resale,Semi-Furnished,,,,5500000.0,1116.0,1.0,2.0,0.0,0.0,bangalore,4928.31541218638
60 Lac ,Ready to Move,Resale,Furnished,,,,6000000.0,1089.0,4.0,2.0,0.0,0.0,bangalore,5509.641873278237
78 Lac ,Ready to Move,Resale,Unfurnished,,,,7800000.0,1575.0,4.0,3.0,0.0,0.0,bangalore,4952.380952380952
90 Lac ,Ready to Move,Resale,Semi-Furnished,,,,9000000.0,1575.0,2.0,3.0,0.0,0.0,bangalore,5714.285714285715
50 Lac ,Ready to Move,Resale,Semi-Furnished,,,,5000000.0,1089.0,3.0,2.0,0.0,0.0,bangalore,4591.368227731864
51 Lac ,Ready to Move,New Property,Unfurnished,East,"Garden/Park, Main Road, Pool",Co-operative Society,5100000.0,586.0,0.0,2.0,1.0,0.0,bangalore,8703.071672354949
1.95 Cr ,Ready to Move,Resale,Furnished,East,Garden/Park,Freehold,19500000.0,1700.0,3.0,3.0,2.0,1.0,bangalore,11470.588235294117
45 Lac ,Ready to Move,Resale,Semi-Furnished,,,,4500000.0,910.0,1.0,2.0,0.0,0.0,bangalore,4945.054945054945
2.10 Cr ,Ready to Move,Resale,Semi-Furnished,East,Main Road,Freehold,21000000.0,2500.0,-1.0,4.0,3.0,0.0,bangalore,8400.0
26 Lac ,Ready to Move,Resale,Unfurnished,,,,2600000.0,613.0,1.0,1.0,0.0,0.0,bangalore,4241.435562805873
88 Lac ,Ready to Move,Resale,Semi-Furnished,East,Garden/Park,Leasehold,8800000.0,975.0,4.0,2.0,1.0,401.0,bangalore,9025.641025641025
1.30 Cr ,Ready to Move,Resale,Unfurnished,,,,13000000.0,1123.0,9.0,2.0,0.0,0.0,bangalore,11576.13535173642
3.50 Cr ,Ready to Move,Resale,Unfurnished,East,Garden/Park,Freehold,35000000.0,1416.0,15.0,3.0,2.0,2.0,bangalore,24717.514124293786
1.50 Cr ,Ready to Move,Resale,Unfurnished,,,,15000000.0,1740.0,1.0,2.0,0.0,0.0,bangalore,8620.689655172413
55 Lac ,Ready to Move,New Property,Furnished,East,Main Road,Freehold,5500000.0,1050.0,1.0,2.0,1.0,0.0,bangalore,5238.0952380952385
1.30 Cr ,Ready to Move,Resale,Unfurnished,North,"Garden/Park, Pool",Freehold,13000000.0,1750.0,25.0,3.0,1.0,0.0,bangalore,7428.571428571428
1.10 Cr ,Ready to Move,Resale,Semi-Furnished,,,,11000000.0,1465.0,1.0,3.0,2.0,0.0,bangalore,7508.532423208191
90 Lac ,Ready to Move,Resale,Semi-Furnished,East,Main Road,Power Of Attorney,9000000.0,907.0,2.0,2.0,2.0,1.0,bangalore,9922.822491730982
41 Lac ,Ready to Move,Resale,,,,,4100000.0,1125.0,1.0,2.0,0.0,0.0,bangalore,3644.4444444444443
1.90 Cr ,Ready to Move,Resale,,,,,19000000.0,2130.0,3.0,4.0,0.0,0.0,bangalore,8920.18779342723
1.32 Cr ,Ready to Move,New Property,Unfurnished,East,"Garden/Park, Pool",Freehold,13200000.0,1137.0,6.0,3.0,3.0,1.0,bangalore,11609.498680738787
37 Lac ,Ready to Move,Resale,Semi-Furnished,West,Pool,Freehold,3700000.0,700.0,3.0,2.0,2.0,302.0,bangalore,5285.714285714285
59 Lac ,Ready to Move,Resale,Unfurnished,South,Garden/Park,Freehold,5900000.0,600.0,1.0,1.0,1.0,1.0,bangalore,9833.333333333334
1.10 Cr ,Ready to Move,Resale,Semi-Furnished,,,,11000000.0,1276.0,0.0,2.0,2.0,0.0,bangalore,8620.689655172413
1.10 Cr ,Ready to Move,Resale,Furnished,North,"Garden/Park, Main Road",Freehold,11000000.0,1527.0,0.0,3.0,2.0,0.0,bangalore,7203.667321545514
2.75 Cr ,Ready to Move,Resale,Semi-Furnished,South,"Garden/Park, Main Road",Freehold,27500000.0,1860.0,10.0,3.0,1.0,0.0,bangalore,14784.946236559139
2.35 Cr ,Ready to Move,New Property,Unfurnished,East,,,23500000.0,1450.0,2.0,3.0,2.0,0.0,bangalore,16206.896551724138
1.35 Cr ,Ready to Move,Resale,Semi-Furnished,West,Pool,Freehold,13500000.0,1119.0,6.0,2.0,2.0,1.0,bangalore,12064.343163538873
2.10 Cr ,Ready to Move,Resale,Semi-Furnished,West,Pool,Freehold,21000000.0,1748.0,12.0,3.0,2.0,1.0,bangalore,12013.729977116705
1.55 Cr ,Ready to Move,New Property,Unfurnished,East,"Garden/Park, Main Road",Freehold,15500000.0,2200.0,0.0,3.0,1.0,1.0,bangalore,7045.454545454545
38 Lac ,Ready to Move,New Property,Unfurnished,East,,Freehold,3800000.0,1000.0,3.0,1.0,1.0,1.0,bangalore,3800.0
35 Lac ,Ready to Move,Resale,Semi-Furnished,East,"Pool, Garden/Park",Freehold,3500000.0,1146.0,2.0,2.0,0.0,1.0,bangalore,3054.101221640489
40 Lac ,Ready to Move,Resale,,,,,4000000.0,600.0,0.0,1.0,0.0,0.0,bangalore,6666.666666666667
2 Cr ,Ready to Move,Resale,Unfurnished,,Main Road,,20000000.0,1980.0,3.0,3.0,3.0,0.0,bangalore,10101.0101010101
61.7 Lac ,Ready to Move,New Property,Semi-Furnished,North,,Freehold,6170000.0,1058.0,3.0,2.0,1.0,1.0,bangalore,5831.758034026465
1.80 Cr ,Ready to Move,Resale,,,,,18000000.0,1825.0,17.0,3.0,0.0,0.0,bangalore,9863.013698630137
60 Lac ,Ready to Move,Resale,Semi-Furnished,East,,Freehold,6000000.0,900.0,1.0,2.0,2.0,0.0,bangalore,6666.666666666667
